station_id,station_name,agency_name,contract_type,driver_id,driver_name,lm_hub_fleet_assigned_order_qty_td,lm_hub_fleet_delivered_order_qty_eod,lm_hub_fleet_delivered_pct_eod,lm_hub_fleet_delivering_in_system_order_qty_eod,lm_hub_fleet_failed_delivery_order_qty_eod,fetched_at
302,50-HCM Binh Chanh/Le Minh Xuan Hub,in-house,Full-Time,66415,PHAN THANH SANG,212,200,0.9434,0,12,2026-10-02 14:30:42
302,50-HCM Binh Chanh/Le Minh Xuan Hub,in-house,Full-Time,101792,LÊ QUANG HUẾ,170,157,0.9235,1,12,2026-10-02 14:30:42
302,50-HCM Binh Chanh/Le Minh Xuan Hub,in-house,Full-Time,127770,NGUYỄN THÀNH KHÔN,186,176,0.9462,6,4,2026-10-02 14:30:42
302,50-HCM Binh Chanh/Le Minh Xuan Hub,in-house,Full-Time,88867,NGUYỄN TRUNG TÍNH,279,230,0.8244,14,35,2026-10-02 14:30:42
302,50-HCM Binh Chanh/Le Minh Xuan Hub,in-house,Full-Time,140079,NGUYỄN VĂN DŨNG,128,118,0.9219,9,1,2026-10-02 14:30:42
302,50-HCM Binh Chanh/Le Minh Xuan Hub,in-house,Full-Time,77163,NGUYỄN HUỲNH PHƯỚC,249,218,0.8755,23,8,2026-10-02 14:30:42
302,50-HCM Binh Chanh/Le Minh Xuan Hub,in-house,Full-Time,153704,NGUYỄN VĂN DŨNG,152,131,0.8618,21,0,2026-10-02 14:30:42
302,50-HCM Binh Chanh/Le Minh Xuan Hub,in-house,Full-Time,45419,VÕ MINH KHA,188,155,0.8245,28,5,2026-10-02 14:30:42
302,50-HCM Binh Chanh/Le Minh Xuan Hub,in-house,Full-Time,16632,ĐỖ THÀNH ĐIỆP,179,139,0.7765,33,7,2026-10-02 14:30:42
302,50-HCM Binh Chanh/Le Minh Xuan Hub,in-house,Full-Time,62848,NGUYỄN VĂN ỨNG,221,158,0.7149,60,3,2026-10-02 14:30:42
302,50-HCM Binh Chanh/Le Minh Xuan Hub,in-house,Full-Time,128161,DƯƠNG CÔNG DANH,108,70,0.6481,36,2,2026-10-02 14:30:42
302,50-HCM Binh Chanh/Le Minh Xuan Hub,in-house,Full-Time,102396,NGUYỄN THẾ DUY,188,120,0.6383,67,1,2026-10-02 14:30:42
302,50-HCM Binh Chanh/Le Minh Xuan Hub,in-house,Full-Time,144294,LÝ VĨNH TIẾN,98,57,0.5816,40,1,2026-10-02 14:30:42
302,50-HCM Binh Chanh/Le Minh Xuan Hub,in-house,Full-Time,32676,CHÂU ĐỨC TUẤN,1,0,0,1,0,2026-10-02 14:30:42
91,50-HCM Binh Chanh/Phong Phu Hub,in-house,Full-Time,5905,LẠI KHÁNH THANH BÌNH,102,102,1,0,0,2026-10-02 14:30:42
91,50-HCM Binh Chanh/Phong Phu Hub,in-house,Full-Time,23291,DƯƠNG HOÀI LONG,169,166,0.9822,0,3,2026-10-02 14:30:42
91,50-HCM Binh Chanh/Phong Phu Hub,in-house,Full-Time,48973,NGUYỄN HỮU TRÍ,243,240,0.9877,0,3,2026-10-02 14:30:42
91,50-HCM Binh Chanh/Phong Phu Hub,in-house,Full-Time,72487,LƯU QUỐC HUY,1,1,1,0,0,2026-10-02 14:30:42
91,50-HCM Binh Chanh/Phong Phu Hub,in-house,Full-Time,76790,LÂM TRÍ CƯỜNG,103,95,0.9223,0,8,2026-10-02 14:30:42
91,50-HCM Binh Chanh/Phong Phu Hub,in-house,Full-Time,107270,NGUYỄN QUỐC THIÊN AN,1,1,1,0,0,2026-10-02 14:30:42
91,50-HCM Binh Chanh/Phong Phu Hub,in-house,Full-Time,111619,NGUYỄN HOÀNG ÂN,106,102,0.9623,0,4,2026-10-02 14:30:42
91,50-HCM Binh Chanh/Phong Phu Hub,in-house,Full-Time,96221,TRẦN VĂN TẤN,188,184,0.9787,1,3,2026-10-02 14:30:42
91,50-HCM Binh Chanh/Phong Phu Hub,in-house,Full-Time,116863,NGUYỄN THANH TUẤN,157,143,0.9108,1,13,2026-10-02 14:30:42
91,50-HCM Binh Chanh/Phong Phu Hub,in-house,Full-Time,53198,ĐẶNG TRẦN THANH BẢO,125,124,0.992,1,0,2026-10-02 14:30:42
91,50-HCM Binh Chanh/Phong Phu Hub,in-house,Full-Time,33763,NGUYỄN CAO THANH,197,184,0.934,2,11,2026-10-02 14:30:42
91,50-HCM Binh Chanh/Phong Phu Hub,in-house,Full-Time,161048,PHẠM HUỲNH PHÁT,199,190,0.9548,5,4,2026-10-02 14:30:42
91,50-HCM Binh Chanh/Phong Phu Hub,in-house,Full-Time,87903,PHẠM VĂN PHI,130,111,0.8538,5,14,2026-10-02 14:30:42
91,50-HCM Binh Chanh/Phong Phu Hub,in-house,Full-Time,71641,VĂN KIỆT,166,157,0.9458,8,1,2026-10-02 14:30:42
91,50-HCM Binh Chanh/Phong Phu Hub,in-house,Full-Time,45417,PHAN QUỐC KHÁNH,244,226,0.9262,17,1,2026-10-02 14:30:42
91,50-HCM Binh Chanh/Phong Phu Hub,in-house,Full-Time,140767,TRẦN MINH PHƯƠNG,227,203,0.8943,20,4,2026-10-02 14:30:42
91,50-HCM Binh Chanh/Phong Phu Hub,in-house,Full-Time,87494,NGUYỄN VĂN KHẢI,220,191,0.8682,25,4,2026-10-02 14:30:42
91,50-HCM Binh Chanh/Phong Phu Hub,in-house,Full-Time,83445,TRẦN VĂN MẠNH,166,142,0.8554,21,3,2026-10-02 14:30:42
91,50-HCM Binh Chanh/Phong Phu Hub,in-house,Full-Time,101167,TRẦN CAO TRÍ,150,122,0.8133,26,2,2026-10-02 14:30:42
91,50-HCM Binh Chanh/Phong Phu Hub,in-house,Full-Time,145900,VŨ THỊ PHƯƠNG DUNG,157,114,0.7261,29,14,2026-10-02 14:30:42
91,50-HCM Binh Chanh/Phong Phu Hub,in-house,Full-Time,5401,LÊ QUANG GIÀU,182,148,0.8132,34,0,2026-10-02 14:30:42
91,50-HCM Binh Chanh/Phong Phu Hub,in-house,Full-Time,136338,THÁI HOÀI NAM,142,104,0.7324,31,7,2026-10-02 14:30:42
91,50-HCM Binh Chanh/Phong Phu Hub,in-house,Full-Time,122644,DƯƠNG THANH HƯNG,181,134,0.7403,43,4,2026-10-02 14:30:42
91,50-HCM Binh Chanh/Phong Phu Hub,in-house,Full-Time,73420,TRẦN VĂN TUYỀN,225,156,0.6933,61,8,2026-10-02 14:30:42
91,50-HCM Binh Chanh/Phong Phu Hub,in-house,Full-Time,96483,NGUYỄN VIỆT TIẾN,96,65,0.6771,28,3,2026-10-02 14:30:42
91,50-HCM Binh Chanh/Phong Phu Hub,in-house,Full-Time,128931,HUỲNH CAO QUANG,167,113,0.6766,51,3,2026-10-02 14:30:42
91,50-HCM Binh Chanh/Phong Phu Hub,in-house,Full-Time,71109,MẠC VĂN KHẢI,156,101,0.6474,52,3,2026-10-02 14:30:42
91,50-HCM Binh Chanh/Phong Phu Hub,in-house,Full-Time,142662,HUỲNH KHẮC HẬU,213,133,0.6244,77,3,2026-10-02 14:30:42
91,50-HCM Binh Chanh/Phong Phu Hub,in-house,Full-Time,45416,CHUNG TẤN PHÁT,258,148,0.5736,94,16,2026-10-02 14:30:42
91,50-HCM Binh Chanh/Phong Phu Hub,in-house,Full-Time,18323,NGUYỄN HỮU LỘC,250,152,0.608,93,5,2026-10-02 14:30:42
91,50-HCM Binh Chanh/Phong Phu Hub,in-house,Full-Time,116401,MAI THANH TUẤN,142,80,0.5634,57,5,2026-10-02 14:30:42
91,50-HCM Binh Chanh/Phong Phu Hub,in-house,Full-Time,5906,TRƯƠNG CHÍ NHÂN,195,107,0.5487,80,8,2026-10-02 14:30:42
91,50-HCM Binh Chanh/Phong Phu Hub,in-house,Full-Time,162508,HUỲNH ĐANG THY,84,45,0.5357,39,0,2026-10-02 14:30:42
91,50-HCM Binh Chanh/Phong Phu Hub,in-house,Full-Time,139768,NGUYỄN THANH LẬP,159,81,0.5094,74,4,2026-10-02 14:30:42
91,50-HCM Binh Chanh/Phong Phu Hub,in-house,Full-Time,110166,NGUYỄN THANH CƯỜNG,256,131,0.5117,120,5,2026-10-02 14:30:42
91,50-HCM Binh Chanh/Phong Phu Hub,in-house,Full-Time,155806,NGUYỄN HUỲNH ĐANG,171,79,0.462,89,3,2026-10-02 14:30:42
91,50-HCM Binh Chanh/Phong Phu Hub,in-house,Full-Time,121898,THÁI NGUYỄN HOÀNG HUY,209,98,0.4689,109,2,2026-10-02 14:30:42
91,50-HCM Binh Chanh/Phong Phu Hub,in-house,Full-Time,111611,TRẦN TRIỀU PHÚ,165,50,0.303,114,1,2026-10-02 14:30:42
1047,50-HCM Binh Chanh/Tan Tuc Hub,in-house,Full-Time,75207,NGUYỄN NHẬT BÌNH,154,152,0.987,0,2,2026-10-02 14:30:42
1047,50-HCM Binh Chanh/Tan Tuc Hub,in-house,Full-Time,95284,ĐỔ MINH HIẾU,119,111,0.9328,0,8,2026-10-02 14:30:42
1047,50-HCM Binh Chanh/Tan Tuc Hub,in-house,Full-Time,127773,NGUYỄN NGỌC QUỐC,1,1,1,0,0,2026-10-02 14:30:42
1047,50-HCM Binh Chanh/Tan Tuc Hub,in-house,Full-Time,138719,NGUYỄN THỊ TUYẾT NHI,9,9,1,0,0,2026-10-02 14:30:42
1047,50-HCM Binh Chanh/Tan Tuc Hub,in-house,Full-Time,21476,HUỲNH THANH VÂN,161,158,0.9814,1,2,2026-10-02 14:30:42
1047,50-HCM Binh Chanh/Tan Tuc Hub,in-house,Full-Time,149433,TRẦN VĂN GIÀU,119,114,0.958,1,4,2026-10-02 14:30:42
1047,50-HCM Binh Chanh/Tan Tuc Hub,in-house,Full-Time,140086,TRẦN THANH HIỂN,69,58,0.8406,1,10,2026-10-02 14:30:42
1047,50-HCM Binh Chanh/Tan Tuc Hub,in-house,Full-Time,77399,NGUYỄN TRƯỜNG AN,140,132,0.9429,7,1,2026-10-02 14:30:42
1047,50-HCM Binh Chanh/Tan Tuc Hub,in-house,Full-Time,113207,BÙI TIẾN ANH,269,254,0.9442,14,1,2026-10-02 14:30:42
1047,50-HCM Binh Chanh/Tan Tuc Hub,in-house,Full-Time,62826,HÀ THANH PHONG,169,155,0.9172,9,5,2026-10-02 14:30:42
1047,50-HCM Binh Chanh/Tan Tuc Hub,in-house,Full-Time,110745,LÊ THÀNH HUY,164,150,0.9146,9,5,2026-10-02 14:30:42
1047,50-HCM Binh Chanh/Tan Tuc Hub,in-house,Full-Time,116866,PHAN NGỌC TUYẾN,163,149,0.9141,9,5,2026-10-02 14:30:42
1047,50-HCM Binh Chanh/Tan Tuc Hub,in-house,Full-Time,96202,NGUYỄN THANH ĐẠT,165,152,0.9212,11,2,2026-10-02 14:30:42
1047,50-HCM Binh Chanh/Tan Tuc Hub,in-house,Full-Time,102034,BÙI VĂN GIÀU,177,164,0.9266,12,1,2026-10-02 14:30:42
1047,50-HCM Binh Chanh/Tan Tuc Hub,in-house,Full-Time,136672,LÊ VĂN TÝ,127,109,0.8583,9,9,2026-10-02 14:30:42
1047,50-HCM Binh Chanh/Tan Tuc Hub,in-house,Full-Time,19912,PHAN MẠNH TIẾN,210,192,0.9143,16,2,2026-10-02 14:30:42
1047,50-HCM Binh Chanh/Tan Tuc Hub,in-house,Full-Time,19882,VÕ THANH CƯỜNG,168,147,0.875,15,6,2026-10-02 14:30:42
1047,50-HCM Binh Chanh/Tan Tuc Hub,in-house,Full-Time,125889,TRẦN MỸ KIM,158,141,0.8924,15,2,2026-10-02 14:30:42
1047,50-HCM Binh Chanh/Tan Tuc Hub,in-house,Full-Time,57098,VÕ MINH NHỰT,157,137,0.8726,16,4,2026-10-02 14:30:42
1047,50-HCM Binh Chanh/Tan Tuc Hub,in-house,Full-Time,89911,NGUYỄN HOÀI THANH PHONG,133,116,0.8722,15,2,2026-10-02 14:30:42
1047,50-HCM Binh Chanh/Tan Tuc Hub,in-house,Full-Time,62825,TRẦN MINH HOÀNG,145,127,0.8759,17,1,2026-10-02 14:30:42
1047,50-HCM Binh Chanh/Tan Tuc Hub,in-house,Full-Time,137652,PHẠM GIA KHANG,127,110,0.8661,16,1,2026-10-02 14:30:42
1047,50-HCM Binh Chanh/Tan Tuc Hub,in-house,Full-Time,151245,HÀ MINH TÚ,127,108,0.8504,16,3,2026-10-02 14:30:42
1047,50-HCM Binh Chanh/Tan Tuc Hub,in-house,Full-Time,156599,NGUYỄN TẤN TRỌNG,100,80,0.8,14,6,2026-10-02 14:30:42
1047,50-HCM Binh Chanh/Tan Tuc Hub,in-house,Full-Time,84694,PHẠM DƯƠNG QUỐC,183,154,0.8415,26,3,2026-10-02 14:30:42
1047,50-HCM Binh Chanh/Tan Tuc Hub,in-house,Full-Time,45201,NGUYỄN KHÁNH DUY,214,181,0.8458,31,2,2026-10-02 14:30:42
1047,50-HCM Binh Chanh/Tan Tuc Hub,in-house,Full-Time,15844,LÊ TẤN LỢI,155,127,0.8194,23,5,2026-10-02 14:30:42
1047,50-HCM Binh Chanh/Tan Tuc Hub,in-house,Full-Time,72265,LÊ ĐỒNG ĐÔNG,160,128,0.8,25,7,2026-10-02 14:30:42
1047,50-HCM Binh Chanh/Tan Tuc Hub,in-house,Full-Time,150813,PHẠM NGÔ MINH THIỆN,139,106,0.7626,22,11,2026-10-02 14:30:42
1047,50-HCM Binh Chanh/Tan Tuc Hub,in-house,Full-Time,144535,NGUYỄN HỮU PHƯỚC,151,120,0.7947,24,7,2026-10-02 14:30:42
1047,50-HCM Binh Chanh/Tan Tuc Hub,in-house,Full-Time,95283,NGUYỄN MINH VIỆT ANH,162,127,0.784,27,8,2026-10-02 14:30:42
1047,50-HCM Binh Chanh/Tan Tuc Hub,in-house,Full-Time,127511,ĐINH THANH TRỰC,118,92,0.7797,21,5,2026-10-02 14:30:42
1047,50-HCM Binh Chanh/Tan Tuc Hub,in-house,Full-Time,56605,PHAN TRUNG HIẾU,190,149,0.7842,37,4,2026-10-02 14:30:42
1047,50-HCM Binh Chanh/Tan Tuc Hub,in-house,Full-Time,24345,LÊ TẤN LỘC,250,197,0.788,49,4,2026-10-02 14:30:42
1047,50-HCM Binh Chanh/Tan Tuc Hub,in-house,Full-Time,162510,PHẠM THÀNH PHUÔL,70,50,0.7143,15,5,2026-10-02 14:30:42
1047,50-HCM Binh Chanh/Tan Tuc Hub,in-house,Full-Time,136337,NGUYỄN PHƯƠNG KHOA,181,132,0.7293,39,10,2026-10-02 14:30:42
1047,50-HCM Binh Chanh/Tan Tuc Hub,in-house,Full-Time,133822,HUỲNH NGUYỄN THỪA ÂN,159,116,0.7296,37,6,2026-10-02 14:30:42
1047,50-HCM Binh Chanh/Tan Tuc Hub,in-house,Full-Time,157250,NGUYỄN XUÂN AN,130,92,0.7077,31,7,2026-10-02 14:30:42
1047,50-HCM Binh Chanh/Tan Tuc Hub,in-house,Full-Time,137658,VÕ VĂN MÙI,163,122,0.7485,39,2,2026-10-02 14:30:42
1047,50-HCM Binh Chanh/Tan Tuc Hub,in-house,Full-Time,66670,NGUYỄN HOÀNG TUẤN ANH,200,150,0.75,49,1,2026-10-02 14:30:42
1047,50-HCM Binh Chanh/Tan Tuc Hub,in-house,Full-Time,136428,THÁI QUỐC TOÀN,170,127,0.7471,42,1,2026-10-02 14:30:42
1047,50-HCM Binh Chanh/Tan Tuc Hub,in-house,Full-Time,123586,NGUYỄN TẤN BẢO,193,139,0.7202,48,6,2026-10-02 14:30:42
1047,50-HCM Binh Chanh/Tan Tuc Hub,in-house,Full-Time,96648,LÊ NGUYỄN HOÀNG PHÚC,131,93,0.7099,35,3,2026-10-02 14:30:42
1047,50-HCM Binh Chanh/Tan Tuc Hub,in-house,Full-Time,118313,LÊ QUANG HÙNG,145,100,0.6897,40,5,2026-10-02 14:30:42
1047,50-HCM Binh Chanh/Tan Tuc Hub,in-house,Full-Time,162916,TRƯƠNG VÕ THUẬN PHÁT,47,33,0.7021,14,0,2026-10-02 14:30:42
1047,50-HCM Binh Chanh/Tan Tuc Hub,in-house,Full-Time,65081,NGUYỄN THÀNH HÂN,180,114,0.6333,61,5,2026-10-02 14:30:42
1047,50-HCM Binh Chanh/Tan Tuc Hub,in-house,Full-Time,150202,NGUYỄN PHỤNG HỒNG PHÁT,118,70,0.5932,43,5,2026-10-02 14:30:42
1047,50-HCM Binh Chanh/Tan Tuc Hub,in-house,Full-Time,95017,TRƯƠNG THÀNH QUÝ,172,107,0.6221,65,0,2026-10-02 14:30:42
1047,50-HCM Binh Chanh/Tan Tuc Hub,in-house,Full-Time,106410,DƯƠNG HIẾU TRUNG,193,104,0.5389,74,15,2026-10-02 14:30:42
1047,50-HCM Binh Chanh/Tan Tuc Hub,in-house,Full-Time,154196,LÊ VĂN TRẠNG,122,68,0.5574,50,4,2026-10-02 14:30:42
1047,50-HCM Binh Chanh/Tan Tuc Hub,in-house,Full-Time,141958,ĐOÀN TẤN TÀI,211,116,0.5498,93,2,2026-10-02 14:30:42
1047,50-HCM Binh Chanh/Tan Tuc Hub,in-house,Full-Time,161468,NGUYỄN VĂN NHÀN,156,85,0.5449,70,1,2026-10-02 14:30:42
1047,50-HCM Binh Chanh/Tan Tuc Hub,in-house,Full-Time,153999,NGUYỄN CÔNG DANH,115,61,0.5304,54,0,2026-10-02 14:30:42
1047,50-HCM Binh Chanh/Tan Tuc Hub,in-house,Full-Time,156600,TRẦN VĂN LỰC,133,66,0.4962,64,3,2026-10-02 14:30:42
1047,50-HCM Binh Chanh/Tan Tuc Hub,in-house,Full-Time,142271,VÕ THANH NAM,129,63,0.4884,66,0,2026-10-02 14:30:42
1047,50-HCM Binh Chanh/Tan Tuc Hub,in-house,Full-Time,136340,NGUYỄN VĂN KHA,25,1,0.04,24,0,2026-10-02 14:30:42
1047,50-HCM Binh Chanh/Tan Tuc Hub,in-house,Full-Time,22374,BÙI MINH TÂM,0,0,0,0,0,2026-10-02 14:30:42
1047,50-HCM Binh Chanh/Tan Tuc Hub,in-house,Full-Time,162836,LÊ HOÀNG PHÁT,0,0,0,0,0,2026-10-02 14:30:42
166,50-HCM Binh Chanh/Vinh Loc Hub,in-house,Full-Time,144290,NGUYỄN VĂN TỚI,82,79,0.9634,0,3,2026-10-02 14:30:42
166,50-HCM Binh Chanh/Vinh Loc Hub,in-house,Full-Time,71027,NGUYỄN VĂN TUẤN,173,150,0.8671,6,17,2026-10-02 14:30:42
166,50-HCM Binh Chanh/Vinh Loc Hub,in-house,Full-Time,64758,TRẦN NAM HƯNG,115,89,0.7739,10,16,2026-10-02 14:30:42
166,50-HCM Binh Chanh/Vinh Loc Hub,in-house,Full-Time,5417,HUỲNH HOÀI BẢO,170,119,0.7,17,34,2026-10-02 14:30:42
166,50-HCM Binh Chanh/Vinh Loc Hub,in-house,Full-Time,93846,TRẦN ĐỨC MINH,173,147,0.8497,18,8,2026-10-02 14:30:42
166,50-HCM Binh Chanh/Vinh Loc Hub,in-house,Full-Time,150586,PHAN LÊ MINH TUẤN,122,104,0.8525,13,5,2026-10-02 14:30:42
166,50-HCM Binh Chanh/Vinh Loc Hub,in-house,Full-Time,153808,TRƯƠNG THÀNH LONG,139,102,0.7338,26,11,2026-10-02 14:30:42
166,50-HCM Binh Chanh/Vinh Loc Hub,in-house,Full-Time,96657,TRẦN NGỌC HUYÊN,145,114,0.7862,28,3,2026-10-02 14:30:42
166,50-HCM Binh Chanh/Vinh Loc Hub,in-house,Full-Time,144068,PHAN HOÀI LÂM,169,125,0.7396,35,9,2026-10-02 14:30:42
166,50-HCM Binh Chanh/Vinh Loc Hub,in-house,Full-Time,88933,NGUYỄN HOÀI NHÂN,138,103,0.7464,29,6,2026-10-02 14:30:42
166,50-HCM Binh Chanh/Vinh Loc Hub,in-house,Full-Time,84131,LƯƠNG MINH TIẾN,213,167,0.784,46,0,2026-10-02 14:30:42
166,50-HCM Binh Chanh/Vinh Loc Hub,in-house,Full-Time,147732,NGUYỄN THÀNH ÂN,89,61,0.6854,22,6,2026-10-02 14:30:42
166,50-HCM Binh Chanh/Vinh Loc Hub,in-house,Full-Time,140114,PHẠM THỊ NGỌC LINH,123,83,0.6748,31,9,2026-10-02 14:30:42
166,50-HCM Binh Chanh/Vinh Loc Hub,in-house,Full-Time,139033,NGUYỄN TẤN ĐẠT,215,148,0.6884,61,6,2026-10-02 14:30:42
166,50-HCM Binh Chanh/Vinh Loc Hub,in-house,Full-Time,152644,NGUYỄN VĂN HƯNG,206,142,0.6893,61,3,2026-10-02 14:30:42
166,50-HCM Binh Chanh/Vinh Loc Hub,in-house,Full-Time,138160,NGUYỄN KIM ANH TUẤN,151,105,0.6954,45,1,2026-10-02 14:30:42
166,50-HCM Binh Chanh/Vinh Loc Hub,in-house,Full-Time,146028,BÙI VŨ VIỆT,189,120,0.6349,65,4,2026-10-02 14:30:42
166,50-HCM Binh Chanh/Vinh Loc Hub,in-house,Full-Time,51895,TRẦN THÁI HOÀNG QUÊ HƯƠNG,219,141,0.6438,78,0,2026-10-02 14:30:42
166,50-HCM Binh Chanh/Vinh Loc Hub,in-house,Full-Time,150195,VŨ NGUYỄN HUY HOÀNG,203,121,0.5961,77,5,2026-10-02 14:30:42
166,50-HCM Binh Chanh/Vinh Loc Hub,in-house,Full-Time,51552,LÊ THIỆN TÂM,203,119,0.5862,81,3,2026-10-02 14:30:42
166,50-HCM Binh Chanh/Vinh Loc Hub,in-house,Full-Time,147724,NGUYỄN VĂN BẢO,120,72,0.6,48,0,2026-10-02 14:30:42
166,50-HCM Binh Chanh/Vinh Loc Hub,in-house,Full-Time,152334,TĂNG VĂN QUẸO,168,96,0.5714,70,2,2026-10-02 14:30:42
166,50-HCM Binh Chanh/Vinh Loc Hub,in-house,Full-Time,154312,LƯƠNG QUANG THÁI,130,69,0.5308,56,5,2026-10-02 14:30:42
166,50-HCM Binh Chanh/Vinh Loc Hub,in-house,Full-Time,160012,LƯƠNG THÁI HÒA,134,65,0.4851,59,10,2026-10-02 14:30:42
166,50-HCM Binh Chanh/Vinh Loc Hub,in-house,Full-Time,143858,THÁI ĐÌNH TUẤN,173,89,0.5145,77,7,2026-10-02 14:30:42
166,50-HCM Binh Chanh/Vinh Loc Hub,in-house,Full-Time,103091,NGUYỄN PHI LONG,139,71,0.5108,63,5,2026-10-02 14:30:42
166,50-HCM Binh Chanh/Vinh Loc Hub,in-house,Full-Time,6429,PHẠM THANH TUẤN,224,113,0.5045,104,7,2026-10-02 14:30:42
166,50-HCM Binh Chanh/Vinh Loc Hub,in-house,Full-Time,147539,NGUYỄN ĐỨC LƯƠNG,160,84,0.525,75,1,2026-10-02 14:30:42
166,50-HCM Binh Chanh/Vinh Loc Hub,in-house,Full-Time,64564,HỒ XUÂN LỘC,293,144,0.4915,138,11,2026-10-02 14:30:42
166,50-HCM Binh Chanh/Vinh Loc Hub,in-house,Full-Time,148085,TRẦN TRUNG NGHĨA,138,66,0.4783,69,3,2026-10-02 14:30:42
166,50-HCM Binh Chanh/Vinh Loc Hub,in-house,Full-Time,82379,TRẦN THÀNH LỘC,140,64,0.4571,72,4,2026-10-02 14:30:42
166,50-HCM Binh Chanh/Vinh Loc Hub,in-house,Full-Time,138639,TRẦN HUỲNH BỬU THIỆN,154,69,0.4481,83,2,2026-10-02 14:30:42
166,50-HCM Binh Chanh/Vinh Loc Hub,in-house,Full-Time,10602,TRẦN LÊ QUỐC DŨNG,159,68,0.4277,87,4,2026-10-02 14:30:42
166,50-HCM Binh Chanh/Vinh Loc Hub,in-house,Full-Time,151760,NGUYỄN ĐẠT HUY,137,57,0.4161,75,5,2026-10-02 14:30:42
166,50-HCM Binh Chanh/Vinh Loc Hub,in-house,Full-Time,150681,HỒ THANH PHONG,129,56,0.4341,73,0,2026-10-02 14:30:42
166,50-HCM Binh Chanh/Vinh Loc Hub,in-house,Full-Time,138152,BẠCH VĂN TRƯỜNG,130,50,0.3846,78,2,2026-10-02 14:30:42
166,50-HCM Binh Chanh/Vinh Loc Hub,in-house,Full-Time,155163,TRẦN LÊ CHÂN,201,75,0.3731,122,4,2026-10-02 14:30:42
166,50-HCM Binh Chanh/Vinh Loc Hub,in-house,Full-Time,92002,NGUYỄN HỒNG SƠN,252,72,0.2857,170,10,2026-10-02 14:30:42
166,50-HCM Binh Chanh/Vinh Loc Hub,in-house,Full-Time,149675,HOÀNG ĐỨC ANH TÀI,163,51,0.3129,112,0,2026-10-02 14:30:42
166,50-HCM Binh Chanh/Vinh Loc Hub,in-house,Full-Time,154921,NGUYỄN MINH HIẾU,188,55,0.2926,130,3,2026-10-02 14:30:42
166,50-HCM Binh Chanh/Vinh Loc Hub,in-house,Full-Time,148252,VÕ VĂN GIÀU,197,45,0.2284,152,0,2026-10-02 14:30:42
166,50-HCM Binh Chanh/Vinh Loc Hub,in-house,Full-Time,8575,MÌN CHÍ QUYỀN,0,0,0,0,0,2026-10-02 14:30:42
166,50-HCM Binh Chanh/Vinh Loc Hub,in-house,Full-Time,144191,Tk Hub_SPXVN2094_51-HCM Binh Chanh/Vinh Loc A Hub,0,0,0,0,0,2026-10-02 14:30:42
41,50-HCM Binh Tan Hub,in-house,Full-Time,88763,NGUYỄN VĂN THANH,34,33,0.9706,0,1,2026-10-02 14:30:45
41,50-HCM Binh Tan Hub,in-house,Full-Time,89584,TRẦN PHẠM TIẾN PHÁT,176,169,0.9602,3,4,2026-10-02 14:30:45
41,50-HCM Binh Tan Hub,in-house,Full-Time,8751,NGUYỄN VĨNH THUẬN,231,210,0.9091,19,2,2026-10-02 14:30:45
41,50-HCM Binh Tan Hub,in-house,Full-Time,92166,NGUYỄN TRƯỜNG LAM,145,132,0.9103,12,1,2026-10-02 14:30:45
41,50-HCM Binh Tan Hub,in-house,Full-Time,140091,QUAN TIẾN THANH,141,122,0.8652,15,4,2026-10-02 14:30:45
41,50-HCM Binh Tan Hub,in-house,Full-Time,92496,DIỆP MINH HỒNG,226,195,0.8628,27,4,2026-10-02 14:30:45
41,50-HCM Binh Tan Hub,in-house,Full-Time,93671,NGUYỄN BẮC,174,149,0.8563,24,1,2026-10-02 14:30:45
41,50-HCM Binh Tan Hub,in-house,Full-Time,8567,NGUYỄN THỊ ĐẦY,199,169,0.8492,28,2,2026-10-02 14:30:45
41,50-HCM Binh Tan Hub,in-house,Full-Time,108471,TRẦN THANH SANG,179,147,0.8212,27,5,2026-10-02 14:30:45
41,50-HCM Binh Tan Hub,in-house,Full-Time,89230,LÊ TRÍ THÀNH,198,158,0.798,37,3,2026-10-02 14:30:45
41,50-HCM Binh Tan Hub,in-house,Full-Time,93855,TRẦN QUỐC DŨNG,179,140,0.7821,35,4,2026-10-02 14:30:45
41,50-HCM Binh Tan Hub,in-house,Full-Time,6427,HỒNG NGỌC HUYỀN TRÂN,243,187,0.7695,52,4,2026-10-02 14:30:45
41,50-HCM Binh Tan Hub,in-house,Full-Time,89986,NGUYỄN TRỌNG QUÝ,250,174,0.696,63,13,2026-10-02 14:30:45
41,50-HCM Binh Tan Hub,in-house,Full-Time,95101,TRẦN TẤN ĐẠT,215,151,0.7023,59,5,2026-10-02 14:30:45
41,50-HCM Binh Tan Hub,in-house,Full-Time,123721,LÊ MINH MẪN,277,196,0.7076,77,4,2026-10-02 14:30:45
41,50-HCM Binh Tan Hub,in-house,Full-Time,93415,NGUYỄN THỊ NGỌC HIỀN,237,168,0.7089,67,2,2026-10-02 14:30:45
41,50-HCM Binh Tan Hub,in-house,Full-Time,88617,NGUYỄN CHÍ BẢO,211,149,0.7062,60,2,2026-10-02 14:30:45
41,50-HCM Binh Tan Hub,in-house,Full-Time,122894,VÕ QUỐC CƯỜNG,176,115,0.6534,51,10,2026-10-02 14:30:45
41,50-HCM Binh Tan Hub,in-house,Full-Time,71571,HUỲNH THANH TUẤN ANH,186,127,0.6828,54,5,2026-10-02 14:30:45
41,50-HCM Binh Tan Hub,in-house,Full-Time,94500,PHẠM QUANG BẢO,227,151,0.6652,66,10,2026-10-02 14:30:45
41,50-HCM Binh Tan Hub,in-house,Full-Time,12153,TRẦN VĂN THANH,235,155,0.6596,72,8,2026-10-02 14:30:45
41,50-HCM Binh Tan Hub,in-house,Full-Time,129733,PHẠM HOÀNG LONG,218,144,0.6606,68,6,2026-10-02 14:30:45
41,50-HCM Binh Tan Hub,in-house,Full-Time,13144,LÊ XUÂN QUÝ,197,133,0.6751,62,2,2026-10-02 14:30:45
41,50-HCM Binh Tan Hub,in-house,Full-Time,155312,NGUYỄN MINH TÙNG,268,177,0.6604,86,5,2026-10-02 14:30:45
41,50-HCM Binh Tan Hub,in-house,Full-Time,89301,LÊ HOÀNG TRUNG,272,178,0.6544,90,4,2026-10-02 14:30:45
41,50-HCM Binh Tan Hub,in-house,Full-Time,37487,BÙI TIẾN ĐẠT,215,132,0.614,72,11,2026-10-02 14:30:45
41,50-HCM Binh Tan Hub,in-house,Full-Time,122460,NGUYỄN ANH QUỐC,262,163,0.6221,93,6,2026-10-02 14:30:45
41,50-HCM Binh Tan Hub,in-house,Full-Time,94519,TRẦN THANH PHÚC,186,114,0.6129,67,5,2026-10-02 14:30:45
41,50-HCM Binh Tan Hub,in-house,Full-Time,89985,TRẦN HOÀNG NAM,233,148,0.6352,85,0,2026-10-02 14:30:45
41,50-HCM Binh Tan Hub,in-house,Full-Time,99816,LÂM THANH THỊNH,257,162,0.6304,94,1,2026-10-02 14:30:45
41,50-HCM Binh Tan Hub,in-house,Full-Time,36764,VÕ VĂN HOÀNG VŨ,286,171,0.5979,110,5,2026-10-02 14:30:45
41,50-HCM Binh Tan Hub,in-house,Full-Time,152645,PHẠM ANH ĐẠI,153,83,0.5425,59,11,2026-10-02 14:30:45
41,50-HCM Binh Tan Hub,in-house,Full-Time,55456,ĐÀO NGỌC HẬU,269,162,0.6022,104,3,2026-10-02 14:30:45
41,50-HCM Binh Tan Hub,in-house,Full-Time,118321,TRẦN GIA TIẾN,276,161,0.5833,110,5,2026-10-02 14:30:45
41,50-HCM Binh Tan Hub,in-house,Full-Time,110845,TRẦN ĐỨC NGUYÊN,272,147,0.5404,112,13,2026-10-02 14:30:45
41,50-HCM Binh Tan Hub,in-house,Full-Time,139211,VÕ VĂN LƯỢM,204,113,0.5539,90,1,2026-10-02 14:30:45
41,50-HCM Binh Tan Hub,in-house,Full-Time,16194,NGUYỄN MINH ĐỨC,289,152,0.526,128,9,2026-10-02 14:30:45
41,50-HCM Binh Tan Hub,in-house,Full-Time,13217,NGUYỂN DUY HIỀN,296,154,0.5203,136,6,2026-10-02 14:30:45
41,50-HCM Binh Tan Hub,in-house,Full-Time,92164,ĐẶNG MINH QUÂN,315,143,0.454,168,4,2026-10-02 14:30:45
41,50-HCM Binh Tan Hub,in-house,Full-Time,88932,TRẦN THANH PHONG,2,0,0,2,0,2026-10-02 14:30:45
917,50-HCM Binh Tan/An Lac Hub,in-house,Full-Time,32928,NGUYỄN TRUNG HIẾU,152,151,0.9934,0,1,2026-10-02 14:30:45
917,50-HCM Binh Tan/An Lac Hub,in-house,Full-Time,144292,TRẦN BÁ NHUẬN,127,104,0.8189,3,20,2026-10-02 14:30:45
917,50-HCM Binh Tan/An Lac Hub,in-house,Full-Time,91624,NGUYỄN VĂN KHANG,209,195,0.933,8,6,2026-10-02 14:30:45
917,50-HCM Binh Tan/An Lac Hub,in-house,Full-Time,110447,NGUYỄN ĐỨC NGUYÊN,119,109,0.916,5,5,2026-10-02 14:30:45
917,50-HCM Binh Tan/An Lac Hub,in-house,Full-Time,134045,HUỲNH VĂN BẢO,164,146,0.8902,10,8,2026-10-02 14:30:45
917,50-HCM Binh Tan/An Lac Hub,in-house,Full-Time,110161,NGUYỄN HỮU TRỌNG,112,104,0.9286,7,1,2026-10-02 14:30:45
917,50-HCM Binh Tan/An Lac Hub,in-house,Full-Time,23509,LÊ THANH TÙNG,125,103,0.824,8,14,2026-10-02 14:30:45
917,50-HCM Binh Tan/An Lac Hub,in-house,Full-Time,62467,PHAN NGỌC THÀNH,179,164,0.9162,12,3,2026-10-02 14:30:45
917,50-HCM Binh Tan/An Lac Hub,in-house,Full-Time,10223,ĐẶNG VĂN VŨ,181,166,0.9171,13,2,2026-10-02 14:30:45
917,50-HCM Binh Tan/An Lac Hub,in-house,Full-Time,2215,HỒ VĂN CHUNG,209,191,0.9139,16,2,2026-10-02 14:30:45
917,50-HCM Binh Tan/An Lac Hub,in-house,Full-Time,124005,ĐỖ ĐẠT TẤN,154,120,0.7792,19,15,2026-10-02 14:30:45
917,50-HCM Binh Tan/An Lac Hub,in-house,Full-Time,25677,TRẦN CAO NHÂN,185,155,0.8378,24,6,2026-10-02 14:30:45
917,50-HCM Binh Tan/An Lac Hub,in-house,Full-Time,84485,DƯƠNG MINH THIỆN,157,129,0.8217,22,6,2026-10-02 14:30:45
917,50-HCM Binh Tan/An Lac Hub,in-house,Full-Time,58760,HUỲNH NGỌC PHÚ,225,178,0.7911,33,14,2026-10-02 14:30:45
917,50-HCM Binh Tan/An Lac Hub,in-house,Full-Time,1105,NGUYỄN TIẾN MẠNH,192,154,0.8021,29,9,2026-10-02 14:30:45
917,50-HCM Binh Tan/An Lac Hub,in-house,Full-Time,2875,TRẦN THÀNH ĐỨC,178,150,0.8427,28,0,2026-10-02 14:30:45
917,50-HCM Binh Tan/An Lac Hub,in-house,Full-Time,108893,NGUYỄN HOÀNG ĐỨC,165,128,0.7758,27,10,2026-10-02 14:30:45
917,50-HCM Binh Tan/An Lac Hub,in-house,Full-Time,57588,HUỲNH MINH TUẤN,224,184,0.8214,37,3,2026-10-02 14:30:45
917,50-HCM Binh Tan/An Lac Hub,in-house,Full-Time,118328,NGUYỄN MINH ANH,265,218,0.8226,46,1,2026-10-02 14:30:45
917,50-HCM Binh Tan/An Lac Hub,in-house,Full-Time,10126,NGUYỄN NGỌC NHÂN,221,175,0.7919,39,7,2026-10-02 14:30:45
917,50-HCM Binh Tan/An Lac Hub,in-house,Full-Time,3408,TRƯƠNG QUỐC PHONG,249,202,0.8112,47,0,2026-10-02 14:30:45
917,50-HCM Binh Tan/An Lac Hub,in-house,Full-Time,21557,TRẦN HOÀNG LIÊM,202,159,0.7871,40,3,2026-10-02 14:30:45
917,50-HCM Binh Tan/An Lac Hub,in-house,Full-Time,2401,LÊ VŨ LINH,259,194,0.749,52,13,2026-10-02 14:30:45
917,50-HCM Binh Tan/An Lac Hub,in-house,Full-Time,32849,LÊ QUÝ THỊNH,224,174,0.7768,47,3,2026-10-02 14:30:45
917,50-HCM Binh Tan/An Lac Hub,in-house,Full-Time,144066,HUỲNH KIM BÌNH,189,147,0.7778,40,2,2026-10-02 14:30:45
917,50-HCM Binh Tan/An Lac Hub,in-house,Full-Time,137644,PHẠM THANH DANH,197,146,0.7411,43,8,2026-10-02 14:30:45
917,50-HCM Binh Tan/An Lac Hub,in-house,Full-Time,13285,HUỲNH MINH PHÁT,182,134,0.7363,43,5,2026-10-02 14:30:45
917,50-HCM Binh Tan/An Lac Hub,in-house,Full-Time,152337,LÝ HOÀNG PHÚC,110,78,0.7091,26,6,2026-10-02 14:30:45
917,50-HCM Binh Tan/An Lac Hub,in-house,Full-Time,12475,TRƯƠNG QUỐC HUÊ,245,187,0.7633,58,0,2026-10-02 14:30:45
917,50-HCM Binh Tan/An Lac Hub,Minh Hiếu,Full-Time,1037,NGUYỄN VĂN HIỀN,202,142,0.703,51,9,2026-10-02 14:30:45
917,50-HCM Binh Tan/An Lac Hub,in-house,Full-Time,101943,NGUYỄN DUY TÂN,204,140,0.6863,53,11,2026-10-02 14:30:45
917,50-HCM Binh Tan/An Lac Hub,in-house,Full-Time,46109,PHẠM THANH HUY,134,92,0.6866,35,7,2026-10-02 14:30:45
917,50-HCM Binh Tan/An Lac Hub,in-house,Full-Time,62390,TRẦN TRUNG NGHĨA,213,152,0.7136,57,4,2026-10-02 14:30:45
917,50-HCM Binh Tan/An Lac Hub,in-house,Full-Time,111617,TRƯƠNG KIM NGUYÊN,162,117,0.7222,44,1,2026-10-02 14:30:45
917,50-HCM Binh Tan/An Lac Hub,in-house,Full-Time,108479,TRẦN VIỆT CHIẾN,177,116,0.6554,50,11,2026-10-02 14:30:45
917,50-HCM Binh Tan/An Lac Hub,in-house,Full-Time,44808,THÁI VĂN KHOA,165,113,0.6848,47,5,2026-10-02 14:30:45
917,50-HCM Binh Tan/An Lac Hub,in-house,Full-Time,96215,ĐỖ HOÀNG NAM,176,123,0.6989,53,0,2026-10-02 14:30:45
917,50-HCM Binh Tan/An Lac Hub,in-house,Full-Time,101591,TRẦN TỪ HOÀNG THIỆN,153,103,0.6732,48,2,2026-10-02 14:30:45
917,50-HCM Binh Tan/An Lac Hub,in-house,Full-Time,160816,NGUYỄN THANH MINH,220,144,0.6545,74,2,2026-10-02 14:30:45
917,50-HCM Binh Tan/An Lac Hub,in-house,Full-Time,150680,NGUYỄN THẾ MINH QUANG,164,105,0.6402,57,2,2026-10-02 14:30:45
917,50-HCM Binh Tan/An Lac Hub,in-house,Full-Time,144639,LA TỬ KIỆT,233,141,0.6052,88,4,2026-10-02 14:30:45
917,50-HCM Binh Tan/An Lac Hub,in-house,Full-Time,162115,NGUYỄN XUÂN HẬU,254,129,0.5079,115,10,2026-10-02 14:30:45
917,50-HCM Binh Tan/An Lac Hub,in-house,Full-Time,127772,HÀ GIA ĐỨC,220,111,0.5045,102,7,2026-10-02 14:30:45
917,50-HCM Binh Tan/An Lac Hub,in-house,Full-Time,147540,TRƯƠNG ANH TÀI,190,83,0.4368,101,6,2026-10-02 14:30:45
917,50-HCM Binh Tan/An Lac Hub,in-house,Full-Time,162511,VÕ PHÚ QUÝ,83,32,0.3855,50,1,2026-10-02 14:30:45
917,50-HCM Binh Tan/An Lac Hub,in-house,Full-Time,13218,TRƯƠNG THANH HOÀNG,126,0,0,126,0,2026-10-02 14:30:45
917,50-HCM Binh Tan/An Lac Hub,in-house,Full-Time,89721,NGUYỄN THÀNH TÀI,0,0,0,0,0,2026-10-02 14:30:45
912,50-HCM Binh Thanh/VTB Hub,in-house,Full-Time,19872,PHẠM ĐÌNH MẠNH,31,26,0.8387,0,5,2026-10-02 14:30:45
912,50-HCM Binh Thanh/VTB Hub,in-house,Full-Time,98241,CAM HOÀI TẤN,98,96,0.9796,0,2,2026-10-02 14:30:45
912,50-HCM Binh Thanh/VTB Hub,in-house,Full-Time,81694,TRẦN THANH HOÀI,163,156,0.9571,1,6,2026-10-02 14:30:45
912,50-HCM Binh Thanh/VTB Hub,in-house,Full-Time,70763,LÊ TRỌNG KHÔI,237,235,0.9916,2,0,2026-10-02 14:30:45
912,50-HCM Binh Thanh/VTB Hub,HTL,Full-Time,14355,TRẦN ĐÌNH HIỂN,94,93,0.9894,1,0,2026-10-02 14:30:45
912,50-HCM Binh Thanh/VTB Hub,in-house,Full-Time,130527,NGUYỄN HUỲNH,235,222,0.9447,10,3,2026-10-02 14:30:45
912,50-HCM Binh Thanh/VTB Hub,in-house,Full-Time,31053,CAO QUỐC BẢO,164,151,0.9207,8,5,2026-10-02 14:30:45
912,50-HCM Binh Thanh/VTB Hub,in-house,Full-Time,148902,TRẦN ĐĂNG BÌNH,147,132,0.898,9,6,2026-10-02 14:30:45
912,50-HCM Binh Thanh/VTB Hub,in-house,Full-Time,150194,TRẦN ĐỨC LƯƠNG,235,212,0.9021,16,7,2026-10-02 14:30:45
912,50-HCM Binh Thanh/VTB Hub,in-house,Full-Time,5234,PHAN ĐỨC TIẾN,195,176,0.9026,19,0,2026-10-02 14:30:45
912,50-HCM Binh Thanh/VTB Hub,in-house,Full-Time,7358,BÙI TẤN HẢI,211,183,0.8673,27,1,2026-10-02 14:30:45
912,50-HCM Binh Thanh/VTB Hub,in-house,Full-Time,74359,LÂM HÁN TOÀN,275,235,0.8545,39,1,2026-10-02 14:30:45
912,50-HCM Binh Thanh/VTB Hub,in-house,Full-Time,49808,LÊ QUANG LINH,140,117,0.8357,22,1,2026-10-02 14:30:45
912,50-HCM Binh Thanh/VTB Hub,in-house,Full-Time,54213,TRẦN GIA HUY,221,182,0.8235,36,3,2026-10-02 14:30:45
912,50-HCM Binh Thanh/VTB Hub,in-house,Full-Time,29964,DƯƠNG NGUYỄN NGỌC NGHĨA,224,180,0.8036,38,6,2026-10-02 14:30:45
912,50-HCM Binh Thanh/VTB Hub,in-house,Full-Time,33903,TRẦN MẠNH LINH,211,167,0.7915,40,4,2026-10-02 14:30:45
912,50-HCM Binh Thanh/VTB Hub,in-house,Full-Time,40116,LÝ VŨ PHI LONG,142,112,0.7887,27,3,2026-10-02 14:30:45
912,50-HCM Binh Thanh/VTB Hub,in-house,Full-Time,60388,LƯƠNG GIA NHÂN,223,173,0.7758,43,7,2026-10-02 14:30:45
912,50-HCM Binh Thanh/VTB Hub,in-house,Full-Time,152121,NGUYỄN DUY TÂM,170,133,0.7824,34,3,2026-10-02 14:30:45
912,50-HCM Binh Thanh/VTB Hub,in-house,Full-Time,54214,HUỲNH KIM THOA,193,148,0.7668,40,5,2026-10-02 14:30:45
912,50-HCM Binh Thanh/VTB Hub,in-house,Full-Time,4067,ĐINH HOÀNG THANH DUY,211,165,0.782,44,2,2026-10-02 14:30:45
912,50-HCM Binh Thanh/VTB Hub,in-house,Full-Time,138643,ĐẶNG THANH TÙNG,198,150,0.7576,44,4,2026-10-02 14:30:45
912,50-HCM Binh Thanh/VTB Hub,in-house,Full-Time,22624,NGUYỄN VĂN ĐƯỜNG,124,87,0.7016,29,8,2026-10-02 14:30:45
912,50-HCM Binh Thanh/VTB Hub,in-house,Full-Time,145292,NGUYỄN VĂN HIẾU,214,158,0.7383,54,2,2026-10-02 14:30:45
912,50-HCM Binh Thanh/VTB Hub,in-house,Full-Time,147967,NGÔ BẢO DUY,245,171,0.698,62,12,2026-10-02 14:30:45
912,50-HCM Binh Thanh/VTB Hub,in-house,Full-Time,2058,NGÔ ĐÌNH KHÔI,351,253,0.7208,92,6,2026-10-02 14:30:45
912,50-HCM Binh Thanh/VTB Hub,in-house,Full-Time,145907,TRẦN VĂN TẤN LONG,131,95,0.7252,35,1,2026-10-02 14:30:45
912,50-HCM Binh Thanh/VTB Hub,in-house,Full-Time,24266,PHẠM MAI KHÁNH DUY,215,147,0.6837,58,10,2026-10-02 14:30:45
912,50-HCM Binh Thanh/VTB Hub,in-house,Full-Time,80295,NGUYỄN HOÀNG TÂM,200,142,0.71,54,4,2026-10-02 14:30:45
912,50-HCM Binh Thanh/VTB Hub,Hoàng Minh,Full-Time,8864,NGUYỄN HIẾU TRUNG,227,156,0.6872,63,8,2026-10-02 14:30:45
912,50-HCM Binh Thanh/VTB Hub,in-house,Full-Time,145293,HÀNG ANH PHÁT,150,101,0.6733,44,5,2026-10-02 14:30:45
912,50-HCM Binh Thanh/VTB Hub,in-house,Full-Time,6551,NGUYỄN HOÀNG MINH ANH,192,127,0.6615,61,4,2026-10-02 14:30:45
912,50-HCM Binh Thanh/VTB Hub,in-house,Full-Time,109174,LÊ VĂN SÁU,348,233,0.6695,113,2,2026-10-02 14:30:45
912,50-HCM Binh Thanh/VTB Hub,in-house,Full-Time,17522,LÊ VỦ HẢO,162,109,0.6728,53,0,2026-10-02 14:30:45
912,50-HCM Binh Thanh/VTB Hub,in-house,Full-Time,56226,ĐỖ THANH DŨNG,231,149,0.645,76,6,2026-10-02 14:30:45
912,50-HCM Binh Thanh/VTB Hub,in-house,Full-Time,737,LƯU CAO THÀNH TÂN,249,161,0.6466,85,3,2026-10-02 14:30:45
912,50-HCM Binh Thanh/VTB Hub,in-house,Full-Time,53737,LÊ THỊ NGỌC TOÀN,245,158,0.6449,84,3,2026-10-02 14:30:45
912,50-HCM Binh Thanh/VTB Hub,in-house,Full-Time,30140,VÕ VĂN TIẾN,224,141,0.6295,79,4,2026-10-02 14:30:45
912,50-HCM Binh Thanh/VTB Hub,in-house,Full-Time,107354,BÙI NGỌC EM,227,144,0.6344,81,2,2026-10-02 14:30:45
912,50-HCM Binh Thanh/VTB Hub,in-house,Full-Time,156465,NGUYỄN TẤN ĐẠT,274,142,0.5182,98,34,2026-10-02 14:30:45
912,50-HCM Binh Thanh/VTB Hub,in-house,Full-Time,3949,NGUYỄN ĐỨC ANH TRƯỜNG,219,135,0.6164,79,5,2026-10-02 14:30:45
912,50-HCM Binh Thanh/VTB Hub,in-house,Full-Time,43696,LÊ QUANG PHẠM TUẤN,271,164,0.6052,99,8,2026-10-02 14:30:45
912,50-HCM Binh Thanh/VTB Hub,in-house,Full-Time,162295,NGUYỄN QUÍ TẤN KHƯƠNG,139,87,0.6259,52,0,2026-10-02 14:30:45
912,50-HCM Binh Thanh/VTB Hub,in-house,Full-Time,137057,NGUYỄN HOÀNG QUỐC,223,137,0.6143,84,2,2026-10-02 14:30:45
912,50-HCM Binh Thanh/VTB Hub,in-house,Full-Time,4541,NGUYỄN TẤN CƯỜNG,237,146,0.616,91,0,2026-10-02 14:30:45
912,50-HCM Binh Thanh/VTB Hub,in-house,Full-Time,41983,HUỲNH KỲ PHI GIAO,211,122,0.5782,85,4,2026-10-02 14:30:45
912,50-HCM Binh Thanh/VTB Hub,in-house,Full-Time,140085,ÔNG HOÀNG PHÚC,245,138,0.5633,100,7,2026-10-02 14:30:45
912,50-HCM Binh Thanh/VTB Hub,in-house,Full-Time,23782,NGUYỄN VĂN SANG,143,78,0.5455,59,6,2026-10-02 14:30:45
912,50-HCM Binh Thanh/VTB Hub,in-house,Full-Time,19838,ĐỖ QUANG VINH,215,116,0.5395,90,9,2026-10-02 14:30:45
912,50-HCM Binh Thanh/VTB Hub,in-house,Full-Time,24510,NGUYỄN ĐỨC ANH TUẤN,260,144,0.5538,111,5,2026-10-02 14:30:45
912,50-HCM Binh Thanh/VTB Hub,in-house,Full-Time,1218,VŨ MẠNH QUÝ,299,169,0.5652,128,2,2026-10-02 14:30:45
912,50-HCM Binh Thanh/VTB Hub,in-house,Full-Time,160630,NGUYỄN THIÊN GIAO,162,88,0.5432,70,4,2026-10-02 14:30:45
912,50-HCM Binh Thanh/VTB Hub,in-house,Full-Time,12965,TIỀNG LÊ ANH DUY,228,116,0.5088,107,5,2026-10-02 14:30:45
912,50-HCM Binh Thanh/VTB Hub,in-house,Full-Time,73698,TRẦN ĐỨC LỢI,260,136,0.5231,123,1,2026-10-02 14:30:45
912,50-HCM Binh Thanh/VTB Hub,in-house,Full-Time,14379,BÙI DƯƠNG MINH THÀNH,184,94,0.5109,88,2,2026-10-02 14:30:45
912,50-HCM Binh Thanh/VTB Hub,in-house,Full-Time,145909,NGUYỄN MINH ĐOÀN,230,116,0.5043,110,4,2026-10-02 14:30:45
912,50-HCM Binh Thanh/VTB Hub,in-house,Full-Time,161837,NGUYỄN HOÀNG ĐỨC HUY,171,85,0.4971,82,4,2026-10-02 14:30:45
912,50-HCM Binh Thanh/VTB Hub,in-house,Full-Time,136130,ĐỖ THẾ VINH,203,102,0.5025,100,1,2026-10-02 14:30:45
912,50-HCM Binh Thanh/VTB Hub,in-house,Full-Time,153409,NGUYỄN THANH LONG,184,88,0.4783,93,3,2026-10-02 14:30:45
912,50-HCM Binh Thanh/VTB Hub,in-house,Full-Time,509,MAI THANH HOÀNG,207,99,0.4783,107,1,2026-10-02 14:30:45
912,50-HCM Binh Thanh/VTB Hub,in-house,Full-Time,56734,LÊ HOÀNG PHI,342,142,0.4152,197,3,2026-10-02 14:30:45
912,50-HCM Binh Thanh/VTB Hub,in-house,Full-Time,95023,TRẦN MINH CHIẾN,204,84,0.4118,118,2,2026-10-02 14:30:45
912,50-HCM Binh Thanh/VTB Hub,in-house,Full-Time,149439,NGUYỄN HOÀNG MINH,287,121,0.4216,166,0,2026-10-02 14:30:45
912,50-HCM Binh Thanh/VTB Hub,in-house,Full-Time,83088,NGÔ QUỐC CƯỜNG,291,109,0.3746,176,6,2026-10-02 14:30:45
912,50-HCM Binh Thanh/VTB Hub,in-house,Full-Time,157110,HOÀNG MINH TUẤN,290,106,0.3655,184,0,2026-10-02 14:30:45
912,50-HCM Binh Thanh/VTB Hub,in-house,Full-Time,64551,NGUYỄN ĐỨC KHẢI,241,76,0.3154,163,2,2026-10-02 14:30:45
912,50-HCM Binh Thanh/VTB Hub,in-house,Full-Time,139028,NGUYỄN THANH PHONG,350,111,0.3171,239,0,2026-10-02 14:30:45
912,50-HCM Binh Thanh/VTB Hub,in-house,Full-Time,148251,NGUYỄN NHẤT PHI,359,108,0.3008,246,5,2026-10-02 14:30:45
912,50-HCM Binh Thanh/VTB Hub,in-house,Full-Time,139271,NGUYỄN ĐĂNG KHOA,373,106,0.2842,266,1,2026-10-02 14:30:45
384,50-HCM Can Gio Hub,in-house,Full-Time,17328,NGUYỄN HOÀNG GIANG,94,90,0.9574,0,4,2026-10-02 14:30:45
384,50-HCM Can Gio Hub,in-house,Full-Time,29053,TRẦN TẤN LỘC,98,92,0.9388,0,6,2026-10-02 14:30:45
384,50-HCM Can Gio Hub,in-house,Full-Time,29054,DƯƠNG NHẬT TRƯỜNG,52,49,0.9423,0,3,2026-10-02 14:30:45
384,50-HCM Can Gio Hub,in-house,Full-Time,29066,LÊ TẤN NGHĨA,79,63,0.7975,0,16,2026-10-02 14:30:45
384,50-HCM Can Gio Hub,in-house,Full-Time,54690,LÊ HỒNG PHÁT,173,163,0.9422,0,10,2026-10-02 14:30:45
384,50-HCM Can Gio Hub,in-house,Full-Time,130526,NGUYỄN VĂN NGAY,84,83,0.9881,0,1,2026-10-02 14:30:45
384,50-HCM Can Gio Hub,in-house,Full-Time,139765,TRƯƠNG LÊ MINH KHANG,147,146,0.9932,0,1,2026-10-02 14:30:45
384,50-HCM Can Gio Hub,in-house,Full-Time,154837,ĐẶNG MINH TÀI,88,65,0.7386,1,22,2026-10-02 14:30:45
384,50-HCM Can Gio Hub,in-house,Full-Time,151092,NGUYỄN MINH ĐỨC,68,64,0.9412,1,3,2026-10-02 14:30:45
384,50-HCM Can Gio Hub,in-house,Full-Time,11873,ĐOÀN QUỐC KHÁNH,44,35,0.7955,1,8,2026-10-02 14:30:45
384,50-HCM Can Gio Hub,in-house,Full-Time,9008,NGUYỄN TUẤN HÙNG,43,37,0.8605,1,5,2026-10-02 14:30:45
384,50-HCM Can Gio Hub,in-house,Full-Time,9596,LÊ VÕ ĐĂNG KHƯƠNG,58,53,0.9138,2,3,2026-10-02 14:30:45
384,50-HCM Can Gio Hub,in-house,Full-Time,63929,THẠCH MÃI,106,72,0.6792,4,30,2026-10-02 14:30:45
384,50-HCM Can Gio Hub,in-house,Full-Time,105973,NGUYỄN TRUNG HẢI,93,77,0.828,4,12,2026-10-02 14:30:45
384,50-HCM Can Gio Hub,in-house,Full-Time,162838,NGUYỄN THỊ LỆ THI,57,51,0.8947,3,3,2026-10-02 14:30:45
384,50-HCM Can Gio Hub,in-house,Full-Time,13958,NGUYỄN PHI HƯNG,107,90,0.8411,10,7,2026-10-02 14:30:45
384,50-HCM Can Gio Hub,in-house,Full-Time,9010,LÊ VĂN MINH,91,72,0.7912,11,8,2026-10-02 14:30:45
384,50-HCM Can Gio Hub,in-house,Full-Time,26135,PHẠM VĂN TRUNG,140,111,0.7929,18,11,2026-10-02 14:30:45
384,50-HCM Can Gio Hub,in-house,Full-Time,152650,PHẠM VĂN PHONG,66,55,0.8333,9,2,2026-10-02 14:30:45
384,50-HCM Can Gio Hub,in-house,Full-Time,109787,LÊ HÙNG HẢI,67,52,0.7761,11,4,2026-10-02 14:30:45
384,50-HCM Can Gio Hub,in-house,Full-Time,9011,NGUYỄN THỊ NGỌC DIỄM,148,113,0.7635,25,10,2026-10-02 14:30:45
384,50-HCM Can Gio Hub,in-house,Full-Time,155443,HUỲNH TRÍ NỊ,51,41,0.8039,9,1,2026-10-02 14:30:45
384,50-HCM Can Gio Hub,in-house,Full-Time,14121,ĐẶNG MINH HOÀNG,122,88,0.7213,24,10,2026-10-02 14:30:45
384,50-HCM Can Gio Hub,in-house,Full-Time,158538,NGUYỄN THANH TIẾN,86,65,0.7558,18,3,2026-10-02 14:30:45
384,50-HCM Can Gio Hub,in-house,Full-Time,156225,NGUYỄN THÀNH HẢI,115,84,0.7304,26,5,2026-10-02 14:30:45
384,50-HCM Can Gio Hub,in-house,Full-Time,161591,DƯƠNG GIA KIỆT,100,50,0.5,23,27,2026-10-02 14:30:45
384,50-HCM Can Gio Hub,in-house,Full-Time,128169,LÊ THANH LONG,183,128,0.6995,52,3,2026-10-02 14:30:45
384,50-HCM Can Gio Hub,in-house,Full-Time,135839,DIỆP NGUYỄN TRUNG NGUYÊN,117,60,0.5128,38,19,2026-10-02 14:30:45
384,50-HCM Can Gio Hub,in-house,Full-Time,140328,NGUYỄN KHẮC MINH AN,113,57,0.5044,38,18,2026-10-02 14:30:45
384,50-HCM Can Gio Hub,in-house,Full-Time,144298,NGUYỄN LÊ QUỐC HUY,107,60,0.5607,37,10,2026-10-02 14:30:45
384,50-HCM Can Gio Hub,in-house,Full-Time,107560,HUỲNH MINH VƯƠNG,84,48,0.5714,31,5,2026-10-02 14:30:45
384,50-HCM Can Gio Hub,in-house,Full-Time,123588,NGUYỄN XUÂN THÀNH,142,81,0.5704,61,0,2026-10-02 14:30:45
384,50-HCM Can Gio Hub,in-house,Full-Time,135689,LẠI QUỐC TRUNG,91,38,0.4176,45,8,2026-10-02 14:30:45
304,50-HCM Cu Chi Hub,in-house,Full-Time,19661,NGUYỄN CHÍ TÌNH,179,168,0.9385,0,11,2026-10-02 14:30:45
304,50-HCM Cu Chi Hub,in-house,Full-Time,37488,NGUYỄN TRẦN LÊ NGUYÊN,128,126,0.9844,0,2,2026-10-02 14:30:45
304,50-HCM Cu Chi Hub,in-house,Full-Time,53256,NGUYỄN TRỌNG HIẾU,175,165,0.9429,0,10,2026-10-02 14:30:45
304,50-HCM Cu Chi Hub,in-house,Full-Time,91790,PHẠM CHÍ HÙNG,137,136,0.9927,0,1,2026-10-02 14:30:45
304,50-HCM Cu Chi Hub,in-house,Full-Time,107353,DƯƠNG TRẦN NGHĨA,132,126,0.9545,0,6,2026-10-02 14:30:45
304,50-HCM Cu Chi Hub,in-house,Full-Time,114458,NGUYỄN THÀNH PHỤNG,125,124,0.992,0,1,2026-10-02 14:30:45
304,50-HCM Cu Chi Hub,in-house,Full-Time,8874,NGUYỄN HOÀNG TÚ,121,116,0.9587,1,4,2026-10-02 14:30:45
304,50-HCM Cu Chi Hub,in-house,Full-Time,69915,NGUYỄN BÁ MINH TÂM,158,153,0.9684,3,2,2026-10-02 14:30:45
304,50-HCM Cu Chi Hub,in-house,Full-Time,63938,ĐẶNG QUANG TRUNG,136,130,0.9559,3,3,2026-10-02 14:30:45
304,50-HCM Cu Chi Hub,in-house,Full-Time,87699,CAO MINH HIỂN,128,117,0.9141,3,8,2026-10-02 14:30:45
304,50-HCM Cu Chi Hub,in-house,Full-Time,85867,HUỲNH TẤN LỘC,113,104,0.9204,3,6,2026-10-02 14:30:45
304,50-HCM Cu Chi Hub,in-house,Full-Time,158326,PHAN ĐẮC NGHĨA,105,100,0.9524,4,1,2026-10-02 14:30:45
304,50-HCM Cu Chi Hub,in-house,Full-Time,77064,TRẦN TỐ LINH,153,137,0.8954,6,10,2026-10-02 14:30:45
304,50-HCM Cu Chi Hub,in-house,Full-Time,111321,LÊ DƯƠNG ANH KHOA,196,172,0.8776,16,8,2026-10-02 14:30:45
304,50-HCM Cu Chi Hub,in-house,Full-Time,112531,NGUYỄN CHÍNH HUY THỊNH,166,148,0.8916,15,3,2026-10-02 14:30:45
304,50-HCM Cu Chi Hub,in-house,Full-Time,137679,NGUYỄN ĐÌNH TRUNG,144,114,0.7917,15,15,2026-10-02 14:30:45
304,50-HCM Cu Chi Hub,in-house,Full-Time,64588,NGUYỄN THANH LÂM,124,108,0.871,13,3,2026-10-02 14:30:45
304,50-HCM Cu Chi Hub,in-house,Full-Time,141597,TRƯƠNG TẤN VŨ,125,99,0.792,23,3,2026-10-02 14:30:45
304,50-HCM Cu Chi Hub,in-house,Full-Time,153653,THẠCH THANH PHONG,144,108,0.75,28,8,2026-10-02 14:30:45
304,50-HCM Cu Chi Hub,in-house,Full-Time,92471,HUỲNH VĂN DỰ EM,174,135,0.7759,34,5,2026-10-02 14:30:45
304,50-HCM Cu Chi Hub,in-house,Full-Time,155311,LĂNG QUỐC VINH,95,70,0.7368,21,4,2026-10-02 14:30:45
304,50-HCM Cu Chi Hub,in-house,Full-Time,97010,TRỊNH VĂN QUANG,162,118,0.7284,40,4,2026-10-02 14:30:45
304,50-HCM Cu Chi Hub,in-house,Full-Time,101164,HUỲNH ANH TUẤN,177,131,0.7401,44,2,2026-10-02 14:30:45
304,50-HCM Cu Chi Hub,in-house,Full-Time,33476,TRẦN HỒNG PHÚC,140,93,0.6643,43,4,2026-10-02 14:30:45
304,50-HCM Cu Chi Hub,in-house,Full-Time,65967,NGUYỄN HUỲNH TUẤN VINH,166,93,0.5602,70,3,2026-10-02 14:30:45
304,50-HCM Cu Chi Hub,in-house,Full-Time,34326,THÁI BẢO THANH,261,130,0.4981,127,4,2026-10-02 14:30:45
381,50-HCM D11 Hub,in-house,Full-Time,2890,NGUYỄN THANH PHƯƠNG,174,174,1,0,0,2026-10-02 14:30:45
381,50-HCM D11 Hub,in-house,Full-Time,10006,ĐỖ TRUNG TÍN,169,164,0.9704,0,5,2026-10-02 14:30:45
381,50-HCM D11 Hub,in-house,Full-Time,33467,LÂM QUỐC MINH,153,146,0.9542,0,7,2026-10-02 14:30:45
381,50-HCM D11 Hub,in-house,Full-Time,82394,PHẠM NHẬT NAM,213,189,0.8873,0,24,2026-10-02 14:30:45
381,50-HCM D11 Hub,in-house,Full-Time,110844,VÒNG CHĂN CƯỜNG,125,122,0.976,0,3,2026-10-02 14:30:45
381,50-HCM D11 Hub,in-house,Full-Time,137673,HUỲNH CHÍ TÂM,138,128,0.9275,0,10,2026-10-02 14:30:45
381,50-HCM D11 Hub,in-house,Full-Time,144912,TRẦN TRUNG HIẾU,128,125,0.9766,0,3,2026-10-02 14:30:45
381,50-HCM D11 Hub,in-house,Full-Time,7820,NGUYỄN KHÁNH THÀNH,159,143,0.8994,1,15,2026-10-02 14:30:45
381,50-HCM D11 Hub,in-house,Full-Time,12938,KHA MINH TUẤN,134,127,0.9478,1,6,2026-10-02 14:30:45
381,50-HCM D11 Hub,in-house,Full-Time,143630,PHẠM VĂN MINH,220,216,0.9818,2,2,2026-10-02 14:30:45
381,50-HCM D11 Hub,in-house,Full-Time,124534,NGUYỄN NGỌC SANG,181,174,0.9613,2,5,2026-10-02 14:30:45
381,50-HCM D11 Hub,in-house,Full-Time,110843,ĐÀO XUÂN DƯƠNG,172,164,0.9535,2,6,2026-10-02 14:30:45
381,50-HCM D11 Hub,in-house,Full-Time,64349,NGUYỄN TRỌNG NGHĨA,162,156,0.963,2,4,2026-10-02 14:30:45
381,50-HCM D11 Hub,in-house,Full-Time,61657,NGUYỄN NGÔ MINH TRÍ,184,181,0.9837,3,0,2026-10-02 14:30:45
381,50-HCM D11 Hub,in-house,Full-Time,29538,NGUYỄN TẤN TÀI,268,248,0.9254,11,9,2026-10-02 14:30:45
381,50-HCM D11 Hub,in-house,Full-Time,69128,HUỲNH NGỌC XUYẾN,249,234,0.9398,12,3,2026-10-02 14:30:45
381,50-HCM D11 Hub,in-house,Full-Time,5741,LÂM CHÍ CƯỜNG,229,212,0.9258,12,5,2026-10-02 14:30:45
381,50-HCM D11 Hub,in-house,Full-Time,45970,TRẦN HOÀNG VIỆT,212,195,0.9198,12,5,2026-10-02 14:30:45
381,50-HCM D11 Hub,in-house,Full-Time,7473,LÝ QUYẾT MINH,201,175,0.8706,20,6,2026-10-02 14:30:45
381,50-HCM D11 Hub,in-house,Full-Time,2891,VÕ TẤN LẬP,235,205,0.8723,24,6,2026-10-02 14:30:45
381,50-HCM D11 Hub,in-house,Full-Time,2680,ĐẶNG THÀNH TÂM,223,193,0.8655,24,6,2026-10-02 14:30:45
381,50-HCM D11 Hub,in-house,Full-Time,12532,NGUYỄN QUỐC CHẤN,173,145,0.8382,22,6,2026-10-02 14:30:45
381,50-HCM D11 Hub,in-house,Full-Time,80301,HUỲNH DUY,211,173,0.8199,27,11,2026-10-02 14:30:45
381,50-HCM D11 Hub,in-house,Full-Time,82384,TRẦN CẨM PHONG,199,169,0.8492,27,3,2026-10-02 14:30:45
381,50-HCM D11 Hub,in-house,Full-Time,67001,NGUYỄN MAI ĐỨC TRỌNG,203,170,0.8374,29,4,2026-10-02 14:30:45
381,50-HCM D11 Hub,in-house,Full-Time,63782,TRẦN QUỐC VIỆT,243,203,0.8354,38,2,2026-10-02 14:30:45
381,50-HCM D11 Hub,in-house,Full-Time,57280,TRẦN TRIỀU MINH,186,146,0.7849,34,6,2026-10-02 14:30:45
381,50-HCM D11 Hub,in-house,Full-Time,14505,TẤT LIÊN PHÁT,168,136,0.8095,31,1,2026-10-02 14:30:45
381,50-HCM D11 Hub,in-house,Full-Time,12762,NGUYỄN VĂN MẠNH,265,209,0.7887,53,3,2026-10-02 14:30:45
381,50-HCM D11 Hub,in-house,Full-Time,14751,LÂM MINH TÀI,220,174,0.7909,44,2,2026-10-02 14:30:45
381,50-HCM D11 Hub,in-house,Full-Time,14358,VƯƠNG CHÍ BÌNH,168,127,0.756,39,2,2026-10-02 14:30:45
381,50-HCM D11 Hub,in-house,Full-Time,5618,TRỊNH VĨ CƯỜNG,190,143,0.7526,45,2,2026-10-02 14:30:45
381,50-HCM D11 Hub,in-house,Full-Time,105114,NGUYỄN TRƯỜNG DUY,267,193,0.7228,74,0,2026-10-02 14:30:45
381,50-HCM D11 Hub,in-house,Full-Time,51721,NGÔ PHÚ QUỐC,226,160,0.708,65,1,2026-10-02 14:30:45
381,50-HCM D11 Hub,in-house,Full-Time,30333,NGAN CHÍ AN,203,141,0.6946,61,1,2026-10-02 14:30:45
381,50-HCM D11 Hub,in-house,Full-Time,78716,NGUYỄN HOÀNG THÀNH,201,133,0.6617,66,2,2026-10-02 14:30:45
381,50-HCM D11 Hub,in-house,Full-Time,106684,HỨA NGUYỄN ANH TUẤN,239,153,0.6402,83,3,2026-10-02 14:30:45
381,50-HCM D11 Hub,in-house,Full-Time,431,NGUYỄN TRỌNG ĐỨC,252,152,0.6032,97,3,2026-10-02 14:30:45
381,50-HCM D11 Hub,in-house,Full-Time,14620,TIÊN TỪ THÀNH,264,159,0.6023,104,1,2026-10-02 14:30:45
381,50-HCM D11 Hub,in-house,Full-Time,14618,NGUYỄN HỒNG NHÂN,283,169,0.5972,112,2,2026-10-02 14:30:45
381,50-HCM D11 Hub,in-house,Full-Time,5615,PHẠM THỊ KIM HỒNG,231,135,0.5844,96,0,2026-10-02 14:30:45
381,50-HCM D11 Hub,in-house,Full-Time,12202,NGUYỄN QUỐC HUY,271,155,0.572,113,3,2026-10-02 14:30:45
381,50-HCM D11 Hub,in-house,Full-Time,70538,NGUYỄN THÀNH TRUNG,190,109,0.5737,81,0,2026-10-02 14:30:45
381,50-HCM D11 Hub,in-house,Full-Time,110441,TRẦN KIM PHÁT,194,103,0.5309,89,2,2026-10-02 14:30:45
381,50-HCM D11 Hub,in-house,Full-Time,52501,TRẦN NGHIỆP HÀO,246,122,0.4959,120,4,2026-10-02 14:30:45
381,50-HCM D11 Hub,in-house,Full-Time,130686,NGUYỄN ANH TUẤN,0,0,0,0,0,2026-10-02 14:30:45
397,50-HCM D12/An Suong Hub,in-house,Full-Time,13816,NGUYỄN MINH TÂM,1,1,1,0,0,2026-10-02 14:30:45
397,50-HCM D12/An Suong Hub,in-house,Full-Time,20330,NGUYỄN TRƯƠNG MINH SƠN,314,312,0.9936,0,2,2026-10-02 14:30:45
397,50-HCM D12/An Suong Hub,in-house,Full-Time,25993,NGUYỄN MINH TRƯỜNG,249,247,0.992,0,2,2026-10-02 14:30:45
397,50-HCM D12/An Suong Hub,in-house,Full-Time,87349,TRẦN MINH TRÍ,202,194,0.9604,0,8,2026-10-02 14:30:45
397,50-HCM D12/An Suong Hub,in-house,Full-Time,103510,NGUYỄN VĂN CHIẾN,216,206,0.9537,0,10,2026-10-02 14:30:45
397,50-HCM D12/An Suong Hub,in-house,Full-Time,109795,VŨ PHẠM TRƯỜNG AN,132,130,0.9848,0,2,2026-10-02 14:30:45
397,50-HCM D12/An Suong Hub,in-house,Full-Time,119515,LÊ ĐÔNG HÀO,148,141,0.9527,0,7,2026-10-02 14:30:45
397,50-HCM D12/An Suong Hub,in-house,Full-Time,92503,NGUYỄN HOÀNG THẢO,221,205,0.9276,1,15,2026-10-02 14:30:45
397,50-HCM D12/An Suong Hub,in-house,Full-Time,4760,TRẦN ĐÌNH KHANG,280,273,0.975,2,5,2026-10-02 14:30:45
397,50-HCM D12/An Suong Hub,in-house,Full-Time,29636,VÕ KHẮC LONG,205,190,0.9268,4,11,2026-10-02 14:30:45
397,50-HCM D12/An Suong Hub,in-house,Full-Time,99001,NGUYỄN MINH KHÔI,251,230,0.9163,12,9,2026-10-02 14:30:45
397,50-HCM D12/An Suong Hub,in-house,Full-Time,126926,LÊ QUỐC TIẾN,142,125,0.8803,11,6,2026-10-02 14:30:45
397,50-HCM D12/An Suong Hub,in-house,Full-Time,102618,ĐẶNG HUY HOÀNG,213,188,0.8826,19,6,2026-10-02 14:30:45
397,50-HCM D12/An Suong Hub,in-house,Full-Time,4759,TRẦN LÊ HUY,286,228,0.7972,27,31,2026-10-02 14:30:45
397,50-HCM D12/An Suong Hub,in-house,Full-Time,35659,HUỲNH TẤN TIẾN,209,185,0.8852,21,3,2026-10-02 14:30:45
397,50-HCM D12/An Suong Hub,in-house,Full-Time,4962,HUỲNH TUẤN PHONG,186,145,0.7796,32,9,2026-10-02 14:30:45
397,50-HCM D12/An Suong Hub,in-house,Full-Time,102038,PHẠM VÂN VŨ,213,162,0.7606,45,6,2026-10-02 14:30:45
397,50-HCM D12/An Suong Hub,in-house,Full-Time,86735,LÊ ĐỨC TOÀN,178,130,0.7303,45,3,2026-10-02 14:30:45
397,50-HCM D12/An Suong Hub,in-house,Full-Time,118495,NGUYỄN THẾ KHAN,162,116,0.716,45,1,2026-10-02 14:30:45
397,50-HCM D12/An Suong Hub,in-house,Full-Time,81069,PHAN THANH SANH,137,85,0.6204,51,1,2026-10-02 14:30:45
168,50-HCM D2 Hub,in-house,Full-Time,72925,HUỲNH VĂN ANH THUẬN,250,250,1,0,0,2026-10-02 14:30:45
168,50-HCM D2 Hub,in-house,Full-Time,74846,TRẦN QUANG CƯỜNG,187,184,0.984,0,3,2026-10-02 14:30:45
168,50-HCM D2 Hub,in-house,Full-Time,98750,NGUYỄN ĐỨC THẠCH,159,159,1,0,0,2026-10-02 14:30:45
168,50-HCM D2 Hub,in-house,Full-Time,111618,NGUYỄN PHAN TRỌNG NHÂN,170,166,0.9765,0,4,2026-10-02 14:30:45
168,50-HCM D2 Hub,in-house,Full-Time,120880,TRƯƠNG HOÀNG HUY,187,187,1,0,0,2026-10-02 14:30:45
168,50-HCM D2 Hub,in-house,Full-Time,147727,ĐÀO QUỐC MINH,135,125,0.9259,0,10,2026-10-02 14:30:45
168,50-HCM D2 Hub,in-house,Full-Time,152338,NGUYỄN TẤN THANH,136,132,0.9706,0,4,2026-10-02 14:30:45
168,50-HCM D2 Hub,in-house,Full-Time,103436,LÊ ANH PHONG,201,198,0.9851,1,2,2026-10-02 14:30:45
168,50-HCM D2 Hub,in-house,Full-Time,116406,TRẦN QUANG TRIỂN,195,189,0.9692,3,3,2026-10-02 14:30:45
168,50-HCM D2 Hub,in-house,Full-Time,147390,PHẠM THỊ THU HƯƠNG,119,113,0.9496,4,2,2026-10-02 14:30:45
168,50-HCM D2 Hub,in-house,Full-Time,103508,TRẦN THANH PHÚC,183,166,0.9071,11,6,2026-10-02 14:30:45
168,50-HCM D2 Hub,in-house,Full-Time,64752,MẠCH TRẦN HUY,167,141,0.8443,17,9,2026-10-02 14:30:45
168,50-HCM D2 Hub,in-house,Full-Time,158801,NGUYỄN VĂN NHỰT,125,104,0.832,15,6,2026-10-02 14:30:45
168,50-HCM D2 Hub,in-house,Full-Time,92934,NGUYỄN PHẠM VŨ HOÀNG SƠN,232,193,0.8319,29,10,2026-10-02 14:30:45
168,50-HCM D2 Hub,in-house,Full-Time,6412,NGUYỄN THÁI DUY,249,201,0.8072,42,6,2026-10-02 14:30:45
168,50-HCM D2 Hub,in-house,Full-Time,33655,PHẠM TRUNG HIẾU,333,261,0.7838,59,13,2026-10-02 14:30:45
168,50-HCM D2 Hub,in-house,Full-Time,38451,TRẦN MINH TÚ,166,118,0.7108,43,5,2026-10-02 14:30:45
168,50-HCM D2 Hub,in-house,Full-Time,46976,MẠCH KIM HOÀNG,327,228,0.6972,97,2,2026-10-02 14:30:45
168,50-HCM D2 Hub,in-house,Full-Time,1445,TRẦN NGỌC MINH,184,127,0.6902,57,0,2026-10-02 14:30:45
168,50-HCM D2 Hub,in-house,Full-Time,86371,HUỲNH QUỐC ĐẠT,210,129,0.6143,67,14,2026-10-02 14:30:45
168,50-HCM D2 Hub,in-house,Full-Time,100315,HUỲNH MINH XUÂN,227,148,0.652,78,1,2026-10-02 14:30:45
168,50-HCM D2 Hub,in-house,Full-Time,130839,LÊ LONG NHÂN,228,144,0.6316,82,2,2026-10-02 14:30:45
168,50-HCM D2 Hub,in-house,Full-Time,131752,HUỲNH MINH THƠM,195,116,0.5949,76,3,2026-10-02 14:30:45
168,50-HCM D2 Hub,in-house,Full-Time,143254,VÕ THANH QUÝ,301,166,0.5515,131,4,2026-10-02 14:30:45
168,50-HCM D2 Hub,in-house,Full-Time,1778,LÂM ĐẠT THÀNH,328,179,0.5457,144,5,2026-10-02 14:30:45
573,50-HCM D2/An Phu Hub,in-house,Full-Time,5986,LƯU THỊ THANH,172,160,0.9302,0,12,2026-10-02 14:30:45
573,50-HCM D2/An Phu Hub,in-house,Full-Time,90335,TRẦN LÊ KHẮC MINH,164,162,0.9878,0,2,2026-10-02 14:30:45
573,50-HCM D2/An Phu Hub,in-house,Full-Time,124701,THANH HẬU MLÔ DUÂN DU,174,166,0.954,2,6,2026-10-02 14:30:45
573,50-HCM D2/An Phu Hub,in-house,Full-Time,33778,HUỲNH NGỌC BÁCH KHOA,132,120,0.9091,11,1,2026-10-02 14:30:45
573,50-HCM D2/An Phu Hub,in-house,Full-Time,162620,VÕ NGUYÊN THANH TUẤN,70,56,0.8,6,8,2026-10-02 14:30:45
573,50-HCM D2/An Phu Hub,in-house,Full-Time,3224,ĐẶNG VĂN TUẤN,299,266,0.8896,31,2,2026-10-02 14:30:45
573,50-HCM D2/An Phu Hub,in-house,Full-Time,140084,NGUYỄN ANH KIỆT,158,134,0.8481,23,1,2026-10-02 14:30:45
573,50-HCM D2/An Phu Hub,in-house,Full-Time,26302,NGUYỄN CÔNG DANH,300,250,0.8333,49,1,2026-10-02 14:30:45
573,50-HCM D2/An Phu Hub,in-house,Full-Time,14917,HỒ QUỐC HUY,217,164,0.7558,50,3,2026-10-02 14:30:45
573,50-HCM D2/An Phu Hub,in-house,Full-Time,12696,TRẦN ĐOÀN TRUNG DŨNG,232,165,0.7112,65,2,2026-10-02 14:30:45
573,50-HCM D2/An Phu Hub,in-house,Full-Time,74698,LÊ TIÊU TRUNG ĐẠT,177,122,0.6893,54,1,2026-10-02 14:30:45
573,50-HCM D2/An Phu Hub,in-house,Full-Time,143240,NGUYỄN HỮU LỘC,167,115,0.6886,51,1,2026-10-02 14:30:45
573,50-HCM D2/An Phu Hub,in-house,Full-Time,108412,NGUYỄN HOÀNG ĐỊNH,144,96,0.6667,44,4,2026-10-02 14:30:45
573,50-HCM D2/An Phu Hub,in-house,Full-Time,46424,TRẦN QUỐC KHÁNH,210,139,0.6619,66,5,2026-10-02 14:30:45
573,50-HCM D2/An Phu Hub,in-house,Full-Time,4751,LÊ TẤN NHỰT,215,132,0.614,68,15,2026-10-02 14:30:45
573,50-HCM D2/An Phu Hub,in-house,Full-Time,129566,NGUYỄN THANH PHI,205,139,0.678,65,1,2026-10-02 14:30:45
573,50-HCM D2/An Phu Hub,in-house,Full-Time,11758,MAI ĐỨC HIẾU,135,90,0.6667,43,2,2026-10-02 14:30:45
573,50-HCM D2/An Phu Hub,in-house,Full-Time,126337,PHẠM NGỌC THIỆN,152,99,0.6513,49,4,2026-10-02 14:30:45
573,50-HCM D2/An Phu Hub,in-house,Full-Time,29389,TRỊNH PHÚC THỊNH,292,196,0.6712,96,0,2026-10-02 14:30:45
573,50-HCM D2/An Phu Hub,in-house,Full-Time,48530,TRẦN HỒNG NGỌC,230,145,0.6304,76,9,2026-10-02 14:30:45
573,50-HCM D2/An Phu Hub,in-house,Full-Time,100749,NGUYỄN NGỌC PHƯƠNG AN,285,189,0.6632,96,0,2026-10-02 14:30:45
573,50-HCM D2/An Phu Hub,in-house,Full-Time,29302,THÁI AN KHANG,158,103,0.6519,55,0,2026-10-02 14:30:45
573,50-HCM D2/An Phu Hub,in-house,Full-Time,162514,VÕ TRẦN QUANG NGHIỆP,86,54,0.6279,30,2,2026-10-02 14:30:45
573,50-HCM D2/An Phu Hub,in-house,Full-Time,138169,NGUYỄN VĨNH LỢI,216,137,0.6343,76,3,2026-10-02 14:30:45
573,50-HCM D2/An Phu Hub,in-house,Full-Time,73425,HỒ TRUNG HẬU,203,125,0.6158,74,4,2026-10-02 14:30:45
573,50-HCM D2/An Phu Hub,in-house,Full-Time,136994,NGUYỄN QUỐC QUÂN,183,110,0.6011,68,5,2026-10-02 14:30:45
573,50-HCM D2/An Phu Hub,in-house,Full-Time,29481,NGUYỄN PHƯƠNG TOÀN,197,116,0.5888,80,1,2026-10-02 14:30:45
573,50-HCM D2/An Phu Hub,in-house,Full-Time,142275,HÀ TRỌNG LUÂN,315,168,0.5333,132,15,2026-10-02 14:30:45
573,50-HCM D2/An Phu Hub,in-house,Full-Time,70132,HỒ ĐỨC MINH,228,117,0.5132,97,14,2026-10-02 14:30:45
573,50-HCM D2/An Phu Hub,in-house,Full-Time,142285,NGUYỄN VŨ HOÀNG,189,105,0.5556,82,2,2026-10-02 14:30:45
573,50-HCM D2/An Phu Hub,in-house,Full-Time,19821,TRẦN MẠNH QUỐC THẮNG,320,180,0.5625,139,1,2026-10-02 14:30:45
573,50-HCM D2/An Phu Hub,in-house,Full-Time,136145,LÊ HỒ NHẬT QUANG,232,129,0.556,102,1,2026-10-02 14:30:45
573,50-HCM D2/An Phu Hub,in-house,Full-Time,154455,NGUYỄN NHẬT ANH,165,83,0.503,74,8,2026-10-02 14:30:45
573,50-HCM D2/An Phu Hub,in-house,Full-Time,154713,LÊ VĂN PHỔ VĨNH,187,97,0.5187,87,3,2026-10-02 14:30:45
573,50-HCM D2/An Phu Hub,in-house,Full-Time,140488,NGUYỄN THÁI BẢO,267,120,0.4494,126,21,2026-10-02 14:30:45
573,50-HCM D2/An Phu Hub,in-house,Full-Time,89863,THẠCH SƠN SANL,205,92,0.4488,98,15,2026-10-02 14:30:45
573,50-HCM D2/An Phu Hub,in-house,Full-Time,96222,LÊ MINH LÀNH,143,69,0.4825,69,5,2026-10-02 14:30:45
573,50-HCM D2/An Phu Hub,in-house,Full-Time,134178,ĐẶNG VĂN LƯU,360,163,0.4528,189,8,2026-10-02 14:30:45
573,50-HCM D2/An Phu Hub,in-house,Full-Time,159645,NGUYỄN NGỌC ANH,155,69,0.4452,85,1,2026-10-02 14:30:45
573,50-HCM D2/An Phu Hub,in-house,Full-Time,151561,VÕ MINH TRÍ,62,27,0.4355,35,0,2026-10-02 14:30:45
573,50-HCM D2/An Phu Hub,in-house,Full-Time,43770,NGUYỄN HẠ PHƯƠNG,311,129,0.4148,181,1,2026-10-02 14:30:45
573,50-HCM D2/An Phu Hub,in-house,Full-Time,67428,TRẦN TRỌNG HÀ,233,85,0.3648,144,4,2026-10-02 14:30:45
26,50-HCM D4 Hub,in-house,Full-Time,61448,Nguyen Van A,4,4,1,0,0,2026-10-02 14:30:45
26,50-HCM D4 Hub,Live test,Full-Time,89656,Product test call,1,1,1,0,0,2026-10-02 14:30:45
26,50-HCM D4 Hub,in-house,Full-Time,120098,LỮ THANH HẬU,175,171,0.9771,0,4,2026-10-02 14:30:45
26,50-HCM D4 Hub,in-house,Full-Time,138155,TRẦN TẤN ĐẠI,118,105,0.8898,0,13,2026-10-02 14:30:45
26,50-HCM D4 Hub,in-house,Full-Time,53757,NGUYỄN ĐỨC THỊNH,232,217,0.9353,5,10,2026-10-02 14:30:45
26,50-HCM D4 Hub,in-house,Full-Time,16105,HUỲNH VĂN PHÚ,244,221,0.9057,16,7,2026-10-02 14:30:45
26,50-HCM D4 Hub,in-house,Full-Time,162923,TRƯƠNG LỄ HÒA,69,63,0.913,5,1,2026-10-02 14:30:45
26,50-HCM D4 Hub,in-house,Full-Time,66673,TRẦN HẢI DUY,253,220,0.8696,21,12,2026-10-02 14:30:45
26,50-HCM D4 Hub,in-house,Full-Time,95097,NGÔ BẢO AN,278,247,0.8885,27,4,2026-10-02 14:30:45
26,50-HCM D4 Hub,in-house,Full-Time,59,LÊ CHÍ HƯỚNG,149,129,0.8658,15,5,2026-10-02 14:30:45
26,50-HCM D4 Hub,in-house,Full-Time,126012,LÂM TẤN THOẠI,218,190,0.8716,22,6,2026-10-02 14:30:45
26,50-HCM D4 Hub,in-house,Full-Time,61513,TRẦN VƯƠNG ANH,140,113,0.8071,22,5,2026-10-02 14:30:45
26,50-HCM D4 Hub,in-house,Full-Time,30982,LÊ THANH VINH,213,175,0.8216,34,4,2026-10-02 14:30:45
26,50-HCM D4 Hub,in-house,Full-Time,122090,VẮN PHÚ THỊNH,241,198,0.8216,39,4,2026-10-02 14:30:45
26,50-HCM D4 Hub,in-house,Full-Time,70685,NGUYỄN HOÀNG ANH TUẤN,242,192,0.7934,41,9,2026-10-02 14:30:45
26,50-HCM D4 Hub,in-house,Full-Time,32929,HÀ PHÚ NAM,187,143,0.7647,33,11,2026-10-02 14:30:45
26,50-HCM D4 Hub,in-house,Full-Time,48292,NGUYỄN MINH TẤN,255,206,0.8078,45,4,2026-10-02 14:30:45
26,50-HCM D4 Hub,in-house,Full-Time,52846,LÂM TRƯỜNG SANG,208,169,0.8125,39,0,2026-10-02 14:30:45
26,50-HCM D4 Hub,in-house,Full-Time,132603,LÊ MINH QUÂN,198,150,0.7576,38,10,2026-10-02 14:30:45
26,50-HCM D4 Hub,in-house,Full-Time,146522,TRẦN TRỌNG NHIÊN,227,181,0.7974,45,1,2026-10-02 14:30:45
26,50-HCM D4 Hub,in-house,Full-Time,151351,LÂM HOÀI PHÚC,252,192,0.7619,50,10,2026-10-02 14:30:45
26,50-HCM D4 Hub,in-house,Full-Time,66203,HUỲNH VĂN ĐỨC,253,194,0.7668,51,8,2026-10-02 14:30:45
26,50-HCM D4 Hub,in-house,Full-Time,125891,TRẦN MINH NHẬT,252,193,0.7659,51,8,2026-10-02 14:30:45
26,50-HCM D4 Hub,in-house,Full-Time,26407,NGUYỄN VÕ THÙY TRANG,251,190,0.757,51,10,2026-10-02 14:30:45
26,50-HCM D4 Hub,in-house,Full-Time,5409,QUANG NGỌC BÍCH HẬU,210,163,0.7762,43,4,2026-10-02 14:30:45
26,50-HCM D4 Hub,in-house,Full-Time,68196,TRẦN QUỐC QUYỀN,205,160,0.7805,42,3,2026-10-02 14:30:45
26,50-HCM D4 Hub,in-house,Full-Time,55707,NGUYỄN MAI DINH,298,223,0.7483,63,12,2026-10-02 14:30:45
26,50-HCM D4 Hub,in-house,Full-Time,161840,TRẦN NGUYỄN QUỐC THÀNH,155,120,0.7742,33,2,2026-10-02 14:30:45
26,50-HCM D4 Hub,in-house,Full-Time,149435,HỒ TRƯỜNG AN,162,119,0.7346,35,8,2026-10-02 14:30:45
26,50-HCM D4 Hub,in-house,Full-Time,162925,PHẠM TIẾN ĐẠT,101,77,0.7624,22,2,2026-10-02 14:30:45
26,50-HCM D4 Hub,in-house,Full-Time,98595,NGUYỄN NGỌC MINH TÂM,244,185,0.7582,54,5,2026-10-02 14:30:45
26,50-HCM D4 Hub,in-house,Full-Time,157342,NGÔ QUỐC BẢO,205,159,0.7756,46,0,2026-10-02 14:30:45
26,50-HCM D4 Hub,in-house,Full-Time,24665,NGUYỄN QUỲNH GIAO,325,251,0.7723,73,1,2026-10-02 14:30:45
26,50-HCM D4 Hub,in-house,Full-Time,46499,TRẦN LÊ HOÀNG THÔNG,248,186,0.75,58,4,2026-10-02 14:30:45
26,50-HCM D4 Hub,in-house,Full-Time,3151,HUỲNH TRÍ ĐỨC,261,178,0.682,62,21,2026-10-02 14:30:45
26,50-HCM D4 Hub,in-house,Full-Time,52389,TRẦN ĐẠI CƯỜNG,271,203,0.7491,65,3,2026-10-02 14:30:45
26,50-HCM D4 Hub,in-house,Full-Time,33554,VÕ ĐẠI THIÊN BẢO,241,173,0.7178,58,10,2026-10-02 14:30:45
26,50-HCM D4 Hub,in-house,Full-Time,26616,LÊ MINH HÒA,247,184,0.7449,60,3,2026-10-02 14:30:45
26,50-HCM D4 Hub,in-house,Full-Time,90052,NGUYỄN PHẠM TOÀN,210,157,0.7476,51,2,2026-10-02 14:30:45
26,50-HCM D4 Hub,in-house,Full-Time,15633,TRẦN MINH HIẾU,212,151,0.7123,53,8,2026-10-02 14:30:45
26,50-HCM D4 Hub,in-house,Full-Time,32932,TRỊNH LỘC,303,222,0.7327,76,5,2026-10-02 14:30:45
26,50-HCM D4 Hub,in-house,Full-Time,72154,PHẠM HOÀNG ANH,203,146,0.7192,51,6,2026-10-02 14:30:45
26,50-HCM D4 Hub,in-house,Full-Time,109175,DƯƠNG TRUNG NGHĨA,207,144,0.6957,52,11,2026-10-02 14:30:45
26,50-HCM D4 Hub,in-house,Full-Time,98594,TRẦN ĐỖ NHẬT HÀO,265,195,0.7358,67,3,2026-10-02 14:30:45
26,50-HCM D4 Hub,in-house,Full-Time,1497,LÊ HOÀNG ĐỨC,213,152,0.7136,55,6,2026-10-02 14:30:45
26,50-HCM D4 Hub,in-house,Full-Time,151247,TRẦN MINH ĐỨC,178,124,0.6966,46,8,2026-10-02 14:30:45
26,50-HCM D4 Hub,in-house,Full-Time,126227,NGU MẠCH YẾN MY,232,159,0.6853,60,13,2026-10-02 14:30:45
26,50-HCM D4 Hub,in-house,Full-Time,105667,LÝ ANH PHÚC,261,193,0.7395,68,0,2026-10-02 14:30:45
26,50-HCM D4 Hub,in-house,Full-Time,49763,PHAN ĐỨC HUY,276,199,0.721,72,5,2026-10-02 14:30:45
26,50-HCM D4 Hub,in-house,Full-Time,26025,NGUYỄN NHẬT TUẤN,228,161,0.7061,61,6,2026-10-02 14:30:45
26,50-HCM D4 Hub,in-house,Full-Time,72631,NGUYỄN THỌ TRƯỜNG,233,164,0.7039,63,6,2026-10-02 14:30:45
26,50-HCM D4 Hub,in-house,Full-Time,26252,TRẦN LÂM CHÍ BẢO,288,207,0.7188,79,2,2026-10-02 14:30:45
26,50-HCM D4 Hub,in-house,Full-Time,11355,TRƯƠNG THỊ HỒNG CHÂU,244,171,0.7008,67,6,2026-10-02 14:30:45
26,50-HCM D4 Hub,in-house,Full-Time,74547,ĐINH ĐĂNG KHOA,218,150,0.6881,60,8,2026-10-02 14:30:45
26,50-HCM D4 Hub,in-house,Full-Time,160445,TRẦN MINH ĐỨC,207,129,0.6232,57,21,2026-10-02 14:30:45
26,50-HCM D4 Hub,in-house,Full-Time,149791,NGÔ THANH LỘC,122,85,0.6967,34,3,2026-10-02 14:30:45
26,50-HCM D4 Hub,in-house,Full-Time,16610,NGUYỄN THỊ TRÚC GIANG,249,174,0.6988,70,5,2026-10-02 14:30:45
26,50-HCM D4 Hub,in-house,Full-Time,142538,NGUYỄN THÀNH,339,227,0.6696,97,15,2026-10-02 14:30:45
26,50-HCM D4 Hub,in-house,Full-Time,21526,NGUYỄN NGỌC THIÊN QUỐC,212,142,0.6698,61,9,2026-10-02 14:30:45
26,50-HCM D4 Hub,in-house,Full-Time,145435,NGUYỄN HOÀNG PHÚC,232,157,0.6767,67,8,2026-10-02 14:30:45
26,50-HCM D4 Hub,in-house,Full-Time,96403,LÊ HOÀNG THẢO,212,140,0.6604,62,10,2026-10-02 14:30:45
26,50-HCM D4 Hub,in-house,Full-Time,42963,TIÊU QUẾ SANG,177,117,0.661,52,8,2026-10-02 14:30:45
26,50-HCM D4 Hub,in-house,Full-Time,42799,ĐỖ MINH PHƯƠNG DUY,340,219,0.6441,100,21,2026-10-02 14:30:45
26,50-HCM D4 Hub,in-house,Full-Time,95708,NGUYỄN TÂN AN,197,125,0.6345,58,14,2026-10-02 14:30:45
26,50-HCM D4 Hub,in-house,Full-Time,55468,NGUYỄN NHỰT PHI,343,231,0.6735,101,11,2026-10-02 14:30:45
26,50-HCM D4 Hub,in-house,Full-Time,5999,NGUYỄN MINH QUÂN,186,129,0.6935,55,2,2026-10-02 14:30:45
26,50-HCM D4 Hub,in-house,Full-Time,80794,NGUYỄN HOÀNG PHÁT,263,182,0.692,78,3,2026-10-02 14:30:45
26,50-HCM D4 Hub,in-house,Full-Time,146527,NGUYỄN ĐỨC PHONG,229,157,0.6856,68,4,2026-10-02 14:30:45
26,50-HCM D4 Hub,in-house,Full-Time,58564,NGUYỄN NGỌC THẢO,265,174,0.6566,79,12,2026-10-02 14:30:45
26,50-HCM D4 Hub,in-house,Full-Time,15394,MAI VĂN THÀNH,181,122,0.674,54,5,2026-10-02 14:30:45
26,50-HCM D4 Hub,in-house,Full-Time,91768,NGUYỄN ÁI MY,273,186,0.6813,82,5,2026-10-02 14:30:45
26,50-HCM D4 Hub,in-house,Full-Time,146260,LÊ TRUNG CƯỜNG,219,153,0.6986,66,0,2026-10-02 14:30:45
26,50-HCM D4 Hub,in-house,Full-Time,5105,LÊ QUANG THƯƠNG,490,320,0.6531,148,22,2026-10-02 14:30:45
26,50-HCM D4 Hub,in-house,Full-Time,45193,NGUYỄN HOÀNG KHẢI,279,189,0.6774,86,4,2026-10-02 14:30:45
26,50-HCM D4 Hub,in-house,Full-Time,152755,NGUYỄN TIẾN ĐẠT,210,132,0.6286,65,13,2026-10-02 14:30:45
26,50-HCM D4 Hub,in-house,Full-Time,132187,TRẦN QUỐC TIẾN,246,160,0.6504,77,9,2026-10-02 14:30:45
26,50-HCM D4 Hub,in-house,Full-Time,90117,LÊ VĂN SANG,182,119,0.6538,58,5,2026-10-02 14:30:45
26,50-HCM D4 Hub,in-house,Full-Time,96214,ĐỖ TẤN LỘC,291,189,0.6495,93,9,2026-10-02 14:30:45
26,50-HCM D4 Hub,in-house,Full-Time,141110,NGUYỄN NGỌC THÁI,208,132,0.6346,67,9,2026-10-02 14:30:45
26,50-HCM D4 Hub,in-house,Full-Time,72484,DƯƠNG QUÝ THIÊM,189,121,0.6402,61,7,2026-10-02 14:30:45
26,50-HCM D4 Hub,in-house,Full-Time,97665,TRƯƠNG PHÚC ĐẠI,226,146,0.646,73,7,2026-10-02 14:30:45
26,50-HCM D4 Hub,in-house,Full-Time,66680,NGUYỄN ĐÔNG TRIỀU,258,165,0.6395,84,9,2026-10-02 14:30:45
26,50-HCM D4 Hub,in-house,Full-Time,26640,NGUYỄN PHƯƠNG TRANG,245,162,0.6612,80,3,2026-10-02 14:30:45
26,50-HCM D4 Hub,in-house,Full-Time,12164,NGUYỄN THÀNH CÔNG,222,142,0.6396,73,7,2026-10-02 14:30:45
26,50-HCM D4 Hub,in-house,Full-Time,6411,LÊ HOÀI VŨ,416,272,0.6538,137,7,2026-10-02 14:30:45
26,50-HCM D4 Hub,in-house,Full-Time,161180,NGUYỄN HOÀNG ĐỈNH,85,56,0.6588,28,1,2026-10-02 14:30:45
26,50-HCM D4 Hub,in-house,Full-Time,151098,THÁI QUỐC HUY,187,122,0.6524,62,3,2026-10-02 14:30:45
26,50-HCM D4 Hub,in-house,Full-Time,109916,NGUYỄN THANH THẢO,273,170,0.6227,91,12,2026-10-02 14:30:45
26,50-HCM D4 Hub,in-house,Full-Time,132188,NGUYỄN NHẬT QUÝ,210,137,0.6524,70,3,2026-10-02 14:30:45
26,50-HCM D4 Hub,in-house,Full-Time,83254,LƯƠNG TRÍ TÀI,238,154,0.6471,80,4,2026-10-02 14:30:45
26,50-HCM D4 Hub,in-house,Full-Time,153026,NGUYỄN TẤN DUY,220,133,0.6045,75,12,2026-10-02 14:30:45
26,50-HCM D4 Hub,in-house,Full-Time,67793,HUỲNH LÊ TRƯỜNG TÀI,249,158,0.6345,85,6,2026-10-02 14:30:45
26,50-HCM D4 Hub,in-house,Full-Time,152330,DIỆC KHẢI QUAN,196,127,0.648,67,2,2026-10-02 14:30:45
26,50-HCM D4 Hub,in-house,Full-Time,3886,MAI TẤN ĐẠT,236,141,0.5975,81,14,2026-10-02 14:30:45
26,50-HCM D4 Hub,in-house,Full-Time,89746,ĐỖ NGỌC TÍN,251,154,0.6135,87,10,2026-10-02 14:30:45
26,50-HCM D4 Hub,in-house,Full-Time,96213,HUỲNH MAI PHƯƠNG DUY,283,179,0.6325,99,5,2026-10-02 14:30:45
26,50-HCM D4 Hub,in-house,Full-Time,2009,PHẠM VĂN THƯƠNG,262,168,0.6412,92,2,2026-10-02 14:30:45
26,50-HCM D4 Hub,in-house,Full-Time,71383,NGUYỄN QUỐC LỘC,273,174,0.6374,96,3,2026-10-02 14:30:45
26,50-HCM D4 Hub,in-house,Full-Time,144800,ĐẶNG HỒNG HUY,256,149,0.582,91,16,2026-10-02 14:30:45
26,50-HCM D4 Hub,in-house,Full-Time,33033,NGUYỄN THANH DUY,186,105,0.5645,68,13,2026-10-02 14:30:45
26,50-HCM D4 Hub,in-house,Full-Time,67734,LÊ THANH THIỆN,186,112,0.6022,68,6,2026-10-02 14:30:45
26,50-HCM D4 Hub,in-house,Full-Time,28387,VÕ ĐỨC THỊNH,253,151,0.5968,94,8,2026-10-02 14:30:45
26,50-HCM D4 Hub,in-house,Full-Time,66198,LƯU VĂN HẢI TRIỀU,301,169,0.5615,113,19,2026-10-02 14:30:45
26,50-HCM D4 Hub,in-house,Full-Time,72589,NGUYỄN VĂN TUẤN,311,187,0.6013,117,7,2026-10-02 14:30:45
26,50-HCM D4 Hub,in-house,Full-Time,44221,HUỲNH VĂN ĐÔNG,285,171,0.6,110,4,2026-10-02 14:30:45
26,50-HCM D4 Hub,in-house,Full-Time,121,PHẠM NGỌC DUYÊN,176,103,0.5852,71,2,2026-10-02 14:30:45
26,50-HCM D4 Hub,in-house,Full-Time,33553,TRẦN MINH THÀNH,252,144,0.5714,102,6,2026-10-02 14:30:45
26,50-HCM D4 Hub,in-house,Full-Time,86948,NGUYỄN QUỐC HUY,237,130,0.5485,97,10,2026-10-02 14:30:45
26,50-HCM D4 Hub,in-house,Full-Time,114460,LÊ PHẠM PHÚ QUANG,265,153,0.5774,109,3,2026-10-02 14:30:45
26,50-HCM D4 Hub,in-house,Full-Time,161596,ĐINH VÕ HUY HOÀNG,148,85,0.5743,61,2,2026-10-02 14:30:45
26,50-HCM D4 Hub,in-house,Full-Time,33,NGUYỄN PHƯƠNG NAM,353,189,0.5354,149,15,2026-10-02 14:30:45
26,50-HCM D4 Hub,in-house,Full-Time,3464,QUẢN CHÍ TÂM,250,121,0.484,108,21,2026-10-02 14:30:45
26,50-HCM D4 Hub,in-house,Full-Time,3052,TRƯƠNG MINH QUANG,212,101,0.4764,93,18,2026-10-02 14:30:45
26,50-HCM D4 Hub,in-house,Full-Time,61471,ĐỖ ĐÀM MINH TÂM,268,139,0.5187,121,8,2026-10-02 14:30:45
26,50-HCM D4 Hub,in-house,Full-Time,11911,PHÙNG TIẾN DŨNG,319,164,0.5141,145,10,2026-10-02 14:30:45
26,50-HCM D4 Hub,in-house,Full-Time,8088,LƯƠNG NGUYỄN BẢO,300,146,0.4867,138,16,2026-10-02 14:30:45
26,50-HCM D4 Hub,in-house,Full-Time,133215,VÕ THÁI MINH KHOA,289,149,0.5156,135,5,2026-10-02 14:30:45
26,50-HCM D4 Hub,in-house,Full-Time,161595,NGUYỄN HOÀNG PHÚC,101,50,0.495,50,1,2026-10-02 14:30:45
26,50-HCM D4 Hub,in-house,Full-Time,126770,NGUYỄN ĐÌNH PHÚC,232,101,0.4353,123,8,2026-10-02 14:30:45
26,50-HCM D4 Hub,in-house,Full-Time,71221,LƯU LÝ THUẬN LỢI,263,119,0.4525,141,3,2026-10-02 14:30:45
26,50-HCM D4 Hub,in-house,Full-Time,10450,ĐỖ MINH TRÍ,347,139,0.4006,207,1,2026-10-02 14:30:45
26,50-HCM D4 Hub,in-house,Full-Time,94109,NGUYỄN THỊ KIM THI,268,100,0.3731,160,8,2026-10-02 14:30:45
26,50-HCM D4 Hub,in-house,Full-Time,3804,PHƯƠNG KHÁNH TÀI,0,0,0,0,0,2026-10-02 14:30:45
26,50-HCM D4 Hub,in-house,Full-Time,127895,Product Test - NgocKTN ,0,0,0,0,0,2026-10-02 14:30:45
26,50-HCM D4 Hub,in-house,Full-Time,154072,Product - Nguyen Test,0,0,0,0,0,2026-10-02 14:30:45
341,50-HCM D6 Hub,in-house,Full-Time,1207,NGUYỄN ANH TUẤN,171,165,0.9649,0,6,2026-10-02 14:30:45
341,50-HCM D6 Hub,in-house,Full-Time,8303,NGÔ VĨ TOÀN,190,182,0.9579,0,8,2026-10-02 14:30:45
341,50-HCM D6 Hub,in-house,Full-Time,12156,HÀNG GIA QUÂN,175,168,0.96,0,7,2026-10-02 14:30:45
341,50-HCM D6 Hub,in-house,Full-Time,64112,NGUYỄN TIẾN THỊNH,154,149,0.9675,0,5,2026-10-02 14:30:45
341,50-HCM D6 Hub,in-house,Full-Time,65216,HÀ MẠNH DUY,90,88,0.9778,0,2,2026-10-02 14:30:45
341,50-HCM D6 Hub,in-house,Full-Time,95554,TRẦN GIA THỊNH,229,217,0.9476,0,12,2026-10-02 14:30:45
341,50-HCM D6 Hub,in-house,Full-Time,100113,TRẦN VĂN BÌNH,167,158,0.9461,0,9,2026-10-02 14:30:45
341,50-HCM D6 Hub,in-house,Full-Time,117625,NGUYỄN TẤN HOÀNG,182,178,0.978,0,4,2026-10-02 14:30:45
341,50-HCM D6 Hub,in-house,Full-Time,56463,KHƯU TÀI,175,170,0.9714,1,4,2026-10-02 14:30:45
341,50-HCM D6 Hub,in-house,Full-Time,1757,SỲ NHẬT DŨNG,147,144,0.9796,1,2,2026-10-02 14:30:45
341,50-HCM D6 Hub,in-house,Full-Time,129349,ĐINH CÔNG DANH,116,113,0.9741,1,2,2026-10-02 14:30:45
341,50-HCM D6 Hub,in-house,Full-Time,112845,HUỲNH CHÍ TÂN,167,160,0.9581,2,5,2026-10-02 14:30:45
341,50-HCM D6 Hub,in-house,Full-Time,132939,NGUYỄN ANH KHOA,154,150,0.974,2,2,2026-10-02 14:30:45
341,50-HCM D6 Hub,in-house,Full-Time,23360,TRẦN NGỌC LÂM,134,129,0.9627,3,2,2026-10-02 14:30:45
341,50-HCM D6 Hub,in-house,Full-Time,7035,LÊ NGUYỄN PHƯƠNG TÂN,229,218,0.952,8,3,2026-10-02 14:30:45
341,50-HCM D6 Hub,in-house,Full-Time,61399,TRƯƠNG NGUYỄN TẤN TOÀN,230,214,0.9304,12,4,2026-10-02 14:30:45
341,50-HCM D6 Hub,in-house,Full-Time,121744,TỪ VĨNH QUANG,176,161,0.9148,10,5,2026-10-02 14:30:45
341,50-HCM D6 Hub,in-house,Full-Time,3170,LƯƠNG VĨ TÂN,182,164,0.9011,16,2,2026-10-02 14:30:45
341,50-HCM D6 Hub,in-house,Full-Time,147387,LIÊU AN QUỐC,168,146,0.869,16,6,2026-10-02 14:30:45
341,50-HCM D6 Hub,in-house,Full-Time,131751,LOẠI MINH THẮNG,188,166,0.883,19,3,2026-10-02 14:30:45
341,50-HCM D6 Hub,in-house,Full-Time,11696,GIANG ANH TUẤN,157,131,0.8344,19,7,2026-10-02 14:30:45
341,50-HCM D6 Hub,in-house,Full-Time,19078,VÕ NGỌC QUỐC ANH,225,196,0.8711,28,1,2026-10-02 14:30:45
341,50-HCM D6 Hub,in-house,Full-Time,76969,LƯU KIÊN HÁN,155,132,0.8516,21,2,2026-10-02 14:30:45
341,50-HCM D6 Hub,in-house,Full-Time,7036,TRẦN KHẮC QUYỀN,168,145,0.8631,23,0,2026-10-02 14:30:45
341,50-HCM D6 Hub,in-house,Full-Time,26714,LÊ VĨ THÁI,219,177,0.8082,36,6,2026-10-02 14:30:45
341,50-HCM D6 Hub,in-house,Full-Time,160015,CHÂU TRỌNG LỘC,168,138,0.8214,29,1,2026-10-02 14:30:45
341,50-HCM D6 Hub,in-house,Full-Time,12793,TRẦN TẤN TÀI,199,155,0.7789,38,6,2026-10-02 14:30:45
341,50-HCM D6 Hub,in-house,Full-Time,88621,LÊ TRƯỜNG GIANG,217,173,0.7972,43,1,2026-10-02 14:30:45
341,50-HCM D6 Hub,in-house,Full-Time,12374,LƯU QUỐC HÙNG,191,135,0.7068,48,8,2026-10-02 14:30:45
341,50-HCM D6 Hub,in-house,Full-Time,29142,CHUNG THANH DUY,197,146,0.7411,50,1,2026-10-02 14:30:45
341,50-HCM D6 Hub,in-house,Full-Time,111151,PHẠM MINH ĐĂNG,226,155,0.6858,62,9,2026-10-02 14:30:45
341,50-HCM D6 Hub,in-house,Full-Time,129185,THẠCH THÁI NGỌC,161,106,0.6584,50,5,2026-10-02 14:30:45
341,50-HCM D6 Hub,in-house,Full-Time,123070,PHÙNG CÔNG MINH,179,116,0.648,57,6,2026-10-02 14:30:45
341,50-HCM D6 Hub,in-house,Full-Time,151924,NGUYỄN THANH HẢI,268,164,0.6119,97,7,2026-10-02 14:30:45
58,50-HCM D7 Hub,in-house,Full-Time,135410,NGUYỄN NGỌC DANH,1,1,1,0,0,2026-10-02 14:30:45
58,50-HCM D7 Hub,in-house,Full-Time,112523,BÙI VĂN THUẬN,184,175,0.9511,5,4,2026-10-02 14:30:45
58,50-HCM D7 Hub,in-house,Full-Time,53252,TRỊNH NAM TRUNG,170,160,0.9412,8,2,2026-10-02 14:30:45
58,50-HCM D7 Hub,in-house,Full-Time,98606,NGUYỄN THÀNH CÔNG,246,221,0.8984,12,13,2026-10-02 14:30:45
58,50-HCM D7 Hub,in-house,Full-Time,137678,NGUYỄN MINH PHÚC,174,160,0.9195,10,4,2026-10-02 14:30:45
58,50-HCM D7 Hub,in-house,Full-Time,137693,NGUYỄN ĐỨC THÔNG,189,169,0.8942,17,3,2026-10-02 14:30:45
58,50-HCM D7 Hub,in-house,Full-Time,160014,PHẠM HÒA,147,126,0.8571,15,6,2026-10-02 14:30:45
58,50-HCM D7 Hub,in-house,Full-Time,148243,DƯƠNG HOÀNG TOÀN,192,164,0.8542,21,7,2026-10-02 14:30:45
58,50-HCM D7 Hub,in-house,Full-Time,110155,VƯƠNG QUỐC BẢO,248,215,0.8669,32,1,2026-10-02 14:30:45
58,50-HCM D7 Hub,in-house,Full-Time,83334,LƯU MINH TRÍ,246,202,0.8211,34,10,2026-10-02 14:30:45
58,50-HCM D7 Hub,in-house,Full-Time,43802,NGUYỄN MINH TIẾN,283,235,0.8304,42,6,2026-10-02 14:30:45
58,50-HCM D7 Hub,in-house,Full-Time,12226,NGUYỄN HOÀNG BÌNH,272,218,0.8015,41,13,2026-10-02 14:30:45
58,50-HCM D7 Hub,in-house,Full-Time,122193,PHAN DƯƠNG TRIỆU,202,158,0.7822,33,11,2026-10-02 14:30:45
58,50-HCM D7 Hub,in-house,Full-Time,4151,TRẦN CÔNG ĐỨC,198,163,0.8232,33,2,2026-10-02 14:30:45
58,50-HCM D7 Hub,in-house,Full-Time,12227,PHẠM HÙNG PHI,269,208,0.7732,45,16,2026-10-02 14:30:45
58,50-HCM D7 Hub,in-house,Full-Time,161328,NGUYỄN LAM TRƯỜNG,213,173,0.8122,36,4,2026-10-02 14:30:45
58,50-HCM D7 Hub,in-house,Full-Time,136129,TRƯƠNG MINH TIẾN,185,149,0.8054,32,4,2026-10-02 14:30:45
58,50-HCM D7 Hub,in-house,Full-Time,33481,VÕ VĂN TRẢI,221,171,0.7738,39,11,2026-10-02 14:30:45
58,50-HCM D7 Hub,in-house,Full-Time,3413,NGUYỄN CHÍ TRUNG,209,168,0.8038,37,4,2026-10-02 14:30:45
58,50-HCM D7 Hub,in-house,Full-Time,158947,TRẦN DIỆP QUANG NGUYÊN,207,150,0.7246,37,20,2026-10-02 14:30:45
58,50-HCM D7 Hub,in-house,Full-Time,100938,PHAN CHÍ TIÊN,211,162,0.7678,38,11,2026-10-02 14:30:45
58,50-HCM D7 Hub,in-house,Full-Time,49955,TRẦN THÀNH ĐẠT,137,105,0.7664,26,6,2026-10-02 14:30:45
58,50-HCM D7 Hub,in-house,Full-Time,15181,ĐOÀN HẢI LONG,257,205,0.7977,51,1,2026-10-02 14:30:45
58,50-HCM D7 Hub,in-house,Full-Time,19771,NGUYỄN VŨ ĐIỀN,218,171,0.7844,44,3,2026-10-02 14:30:45
58,50-HCM D7 Hub,in-house,Full-Time,7150,KIỀU CÔNG THÀNH,277,221,0.7978,56,0,2026-10-02 14:30:45
58,50-HCM D7 Hub,in-house,Full-Time,88553,TRƯƠNG HUỲNH TẤN LỘC,228,176,0.7719,48,4,2026-10-02 14:30:45
58,50-HCM D7 Hub,in-house,Full-Time,48766,TRƯƠNG TRƯỜNG THANH,261,201,0.7701,55,5,2026-10-02 14:30:45
58,50-HCM D7 Hub,in-house,Full-Time,6108,DIỆP ANH HẬU,161,124,0.7702,34,3,2026-10-02 14:30:45
58,50-HCM D7 Hub,in-house,Full-Time,22611,NGUYỄN BẢO ANH KHOA,284,217,0.7641,62,5,2026-10-02 14:30:45
58,50-HCM D7 Hub,in-house,Full-Time,25666,HỒ PHƯỚC SANG,232,180,0.7759,51,1,2026-10-02 14:30:45
58,50-HCM D7 Hub,in-house,Full-Time,129572,LÊ TUẤN BẢO,274,211,0.7701,61,2,2026-10-02 14:30:45
58,50-HCM D7 Hub,in-house,Full-Time,1509,LÊ TRUNG THIỆN,340,254,0.7471,80,6,2026-10-02 14:30:45
58,50-HCM D7 Hub,in-house,Full-Time,83083,LÊ CÔNG THÀNH,284,210,0.7394,69,5,2026-10-02 14:30:45
58,50-HCM D7 Hub,in-house,Full-Time,51670,HỒ TRƯỜNG VŨ,214,153,0.715,58,3,2026-10-02 14:30:45
58,50-HCM D7 Hub,in-house,Full-Time,29549,ĐỖ MINH TIẾN,278,196,0.705,79,3,2026-10-02 14:30:45
58,50-HCM D7 Hub,in-house,Full-Time,101940,NGUYỄN DANH THẮNG,314,216,0.6879,92,6,2026-10-02 14:30:45
58,50-HCM D7 Hub,in-house,Full-Time,154709,LÊ ANH DUY,299,189,0.6321,90,20,2026-10-02 14:30:45
58,50-HCM D7 Hub,in-house,Full-Time,38325,LÊ CAO TUẤN,220,150,0.6818,68,2,2026-10-02 14:30:45
58,50-HCM D7 Hub,in-house,Full-Time,145704,TRẦN PHI THANH,180,118,0.6556,56,6,2026-10-02 14:30:45
58,50-HCM D7 Hub,in-house,Full-Time,32731,DƯƠNG QUANG SÁNG,193,130,0.6736,62,1,2026-10-02 14:30:45
58,50-HCM D7 Hub,in-house,Full-Time,14773,THẠCH DANH,280,187,0.6679,91,2,2026-10-02 14:30:45
58,50-HCM D7 Hub,in-house,Full-Time,1024,NGUYỄN CHÍ THỊNH,207,126,0.6087,78,3,2026-10-02 14:30:45
58,50-HCM D7 Hub,in-house,Full-Time,138174,HUỲNH ĐẠT,315,188,0.5968,122,5,2026-10-02 14:30:45
58,50-HCM D7 Hub,in-house,Full-Time,56451,ĐẶNG QUỐC VIỆT,197,107,0.5431,78,12,2026-10-02 14:30:45
58,50-HCM D7 Hub,in-house,Full-Time,32403,TRẦN HOÀNG SINH,165,96,0.5818,68,1,2026-10-02 14:30:45
58,50-HCM D7 Hub,in-house,Full-Time,78417,HUỲNH TRỌNG KHANG,273,156,0.5714,114,3,2026-10-02 14:30:45
58,50-HCM D7 Hub,in-house,Full-Time,2678,NGUYỄN MINH QUANG,155,87,0.5613,66,2,2026-10-02 14:30:45
58,50-HCM D7 Hub,in-house,Full-Time,162917,PHẠM TRẦN NGỌC HIẾU,138,70,0.5072,63,5,2026-10-02 14:30:45
58,50-HCM D7 Hub,in-house,Full-Time,980,LÊ TRẦN DUY TÂN,229,115,0.5022,110,4,2026-10-02 14:30:45
58,50-HCM D7 Hub,in-house,Full-Time,123719,DƯƠNG TIẾN SANG,281,108,0.3843,165,8,2026-10-02 14:30:45
58,50-HCM D7 Hub,in-house,Full-Time,105298,LÊ THANH PHONG,175,25,0.1429,150,0,2026-10-02 14:30:45
58,50-HCM D7 Hub,in-house,Full-Time,33205,NGUYỄN VĂN ĐỨC HUY,0,0,0,0,0,2026-10-02 14:30:45
25,50-HCM D8 Hub,in-house,Full-Time,26688,NGÔ HOÀI TÂM,1,1,1,0,0,2026-10-02 14:30:45
25,50-HCM D8 Hub,in-house,Full-Time,30987,PHAN THÁI DÂN,52,46,0.8846,0,6,2026-10-02 14:30:45
25,50-HCM D8 Hub,in-house,Full-Time,54986,NGUYỄN QUỐC HÙNG,195,188,0.9641,0,7,2026-10-02 14:30:45
25,50-HCM D8 Hub,in-house,Full-Time,117298,TRẦN ĐỨC CƯƠNG,192,184,0.9583,1,7,2026-10-02 14:30:45
25,50-HCM D8 Hub,in-house,Full-Time,2012,NGUYỄN MẠNH KHƯƠNG,107,102,0.9533,1,4,2026-10-02 14:30:45
25,50-HCM D8 Hub,in-house,Full-Time,26292,PHẠM LINH TÀI,221,210,0.9502,5,6,2026-10-02 14:30:45
25,50-HCM D8 Hub,in-house,Full-Time,142665,HỨA MINH QUANG,170,160,0.9412,4,6,2026-10-02 14:30:45
25,50-HCM D8 Hub,in-house,Full-Time,146034,NGUYỄN TẤN DANH,136,129,0.9485,4,3,2026-10-02 14:30:45
25,50-HCM D8 Hub,in-house,Full-Time,2217,NGUYỄN VĂN VÀNG,231,207,0.8961,8,16,2026-10-02 14:30:45
25,50-HCM D8 Hub,in-house,Full-Time,24745,ĐINH VĂN PHÁT,153,138,0.902,6,9,2026-10-02 14:30:45
25,50-HCM D8 Hub,in-house,Full-Time,153651,NGUYỄN MẠNH HUỲNH,172,159,0.9244,11,2,2026-10-02 14:30:45
25,50-HCM D8 Hub,in-house,Full-Time,5616,PHẠM NGỌC TÂM,248,225,0.9073,16,7,2026-10-02 14:30:45
25,50-HCM D8 Hub,in-house,Full-Time,156459,LÊ DƯƠNG TIẾN PHONG,192,173,0.901,13,6,2026-10-02 14:30:45
25,50-HCM D8 Hub,in-house,Full-Time,61703,DIỆP MINH TÂM,238,209,0.8782,27,2,2026-10-02 14:30:45
25,50-HCM D8 Hub,in-house,Full-Time,22361,NGUYỄN THÁI HẢI NGUYÊN,222,192,0.8649,30,0,2026-10-02 14:30:45
25,50-HCM D8 Hub,in-house,Full-Time,42864,ĐẶNG MINH TÚ,214,166,0.7757,30,18,2026-10-02 14:30:45
25,50-HCM D8 Hub,in-house,Full-Time,91628,TRẦN TUẤN HẢI,177,145,0.8192,25,7,2026-10-02 14:30:45
25,50-HCM D8 Hub,in-house,Full-Time,150451,LÊ NGỌC TRƯỜNG,167,123,0.7365,24,20,2026-10-02 14:30:45
25,50-HCM D8 Hub,in-house,Full-Time,78717,NGUYỄN VÕ ANH THUẬN,198,160,0.8081,35,3,2026-10-02 14:30:45
25,50-HCM D8 Hub,in-house,Full-Time,86944,HOÀNG HUỲNH NHƯ KHANH,268,220,0.8209,48,0,2026-10-02 14:30:45
25,50-HCM D8 Hub,in-house,Full-Time,134287,HỒ BẢO TRỰC,169,131,0.7751,33,5,2026-10-02 14:30:45
25,50-HCM D8 Hub,in-house,Full-Time,24630,VÕ ĐÌNH TUẤN,219,172,0.7854,45,2,2026-10-02 14:30:45
25,50-HCM D8 Hub,in-house,Full-Time,72385,NGUYỄN CHÍ TÙNG,278,217,0.7806,58,3,2026-10-02 14:30:45
25,50-HCM D8 Hub,in-house,Full-Time,92476,TÔN THẤT ĐẰNG,234,179,0.765,50,5,2026-10-02 14:30:45
25,50-HCM D8 Hub,in-house,Full-Time,17928,NGUYỄN QUANG MINH,201,154,0.7662,43,4,2026-10-02 14:30:45
25,50-HCM D8 Hub,in-house,Full-Time,10225,LÊ TẤN PHÁT,332,249,0.75,73,10,2026-10-02 14:30:45
25,50-HCM D8 Hub,in-house,Full-Time,1942,HUỲNH TUẤN ĐẠT,386,286,0.7409,92,8,2026-10-02 14:30:45
25,50-HCM D8 Hub,in-house,Full-Time,124868,TRẦN TRỌNG NHÂN,200,149,0.745,48,3,2026-10-02 14:30:45
25,50-HCM D8 Hub,in-house,Full-Time,130836,PHAN NGUYỄN THUẬN,181,131,0.7238,44,6,2026-10-02 14:30:45
25,50-HCM D8 Hub,in-house,Full-Time,39868,TRƯƠNG THẾ HUY,232,166,0.7155,57,9,2026-10-02 14:30:45
25,50-HCM D8 Hub,in-house,Full-Time,90341,TRẦN XUÂN THẮNG,191,134,0.7016,47,10,2026-10-02 14:30:45
25,50-HCM D8 Hub,in-house,Full-Time,76071,NGUYỄN VĂN PHÁT,291,204,0.701,73,14,2026-10-02 14:30:45
25,50-HCM D8 Hub,in-house,Full-Time,64763,ĐỖ KHƯƠNG BẢO,250,178,0.712,64,8,2026-10-02 14:30:45
25,50-HCM D8 Hub,in-house,Full-Time,45995,TRẦN LÊ HÙNG TẤN,241,168,0.6971,63,10,2026-10-02 14:30:45
25,50-HCM D8 Hub,in-house,Full-Time,2213,NGÔ QUANG DŨNG,173,108,0.6243,47,18,2026-10-02 14:30:45
25,50-HCM D8 Hub,in-house,Full-Time,125671,CHÂU THANH DŨNG,179,127,0.7095,50,2,2026-10-02 14:30:45
25,50-HCM D8 Hub,in-house,Full-Time,45773,HUỲNH TUẤN THÀNH,200,144,0.72,56,0,2026-10-02 14:30:45
25,50-HCM D8 Hub,in-house,Full-Time,157578,NGUYỄN HỮU HIẾU,154,101,0.6558,46,7,2026-10-02 14:30:45
25,50-HCM D8 Hub,in-house,Full-Time,82929,TRẦN HỒNG QUANG,364,235,0.6456,112,17,2026-10-02 14:30:45
25,50-HCM D8 Hub,in-house,Full-Time,18105,NGUYỄN HOÀNG LONG,272,175,0.6434,84,13,2026-10-02 14:30:45
25,50-HCM D8 Hub,in-house,Full-Time,4548,LÊ CHÍ MINH,204,134,0.6569,64,6,2026-10-02 14:30:45
25,50-HCM D8 Hub,in-house,Full-Time,150196,TRẦN HOÀNG SƠN,156,104,0.6667,52,0,2026-10-02 14:30:45
25,50-HCM D8 Hub,in-house,Full-Time,16198,ĐỖ MINH TUẤN,247,163,0.6599,84,0,2026-10-02 14:30:45
25,50-HCM D8 Hub,in-house,Full-Time,28584,TRẦN ĐỨC MINH,229,139,0.607,82,8,2026-10-02 14:30:45
25,50-HCM D8 Hub,in-house,Full-Time,75201,NGUYỄN CHÍ TẤN,236,139,0.589,86,11,2026-10-02 14:30:45
25,50-HCM D8 Hub,in-house,Full-Time,162918,LÊ VĂN TIẾN,131,65,0.4962,48,18,2026-10-02 14:30:45
25,50-HCM D8 Hub,in-house,Full-Time,86845,HUỲNH QUẾ THÀNH,178,111,0.6236,66,1,2026-10-02 14:30:45
25,50-HCM D8 Hub,in-house,Full-Time,148402,LÊ VĂN VÀO,159,99,0.6226,59,1,2026-10-02 14:30:45
25,50-HCM D8 Hub,in-house,Full-Time,25142,NGUYỄN TẤN BẢO PHÚC,352,218,0.6193,131,3,2026-10-02 14:30:45
25,50-HCM D8 Hub,in-house,Full-Time,65073,VÕ VĂN QUỐC,211,125,0.5924,81,5,2026-10-02 14:30:45
25,50-HCM D8 Hub,in-house,Full-Time,73275,HỒ QUANG SƠN,203,105,0.5172,87,11,2026-10-02 14:30:45
25,50-HCM D8 Hub,in-house,Full-Time,93713,HUỲNH ANH KHOA,236,128,0.5424,103,5,2026-10-02 14:30:45
25,50-HCM D8 Hub,in-house,Full-Time,14439,NGUYỄN VĂN ĐÔNG,183,101,0.5519,82,0,2026-10-02 14:30:45
25,50-HCM D8 Hub,in-house,Full-Time,15034,MAI THÀNH PHÁT,225,117,0.52,105,3,2026-10-02 14:30:45
25,50-HCM D8 Hub,in-house,Full-Time,115012,NGUYỄN VĂN NGHĨA,220,108,0.4909,104,8,2026-10-02 14:30:45
25,50-HCM D8 Hub,in-house,Full-Time,123595,ÂU VÕ MINH NHẬT,339,165,0.4867,169,5,2026-10-02 14:30:45
25,50-HCM D8 Hub,in-house,Full-Time,42216,TRẦN TRƯƠNG HẢO,201,82,0.408,112,7,2026-10-02 14:30:45
25,50-HCM D8 Hub,in-house,Full-Time,76299,NGUYỄN HOÀNG BẢO VIỆT,370,145,0.3919,214,11,2026-10-02 14:30:45
25,50-HCM D8 Hub,in-house,Full-Time,58561,LÊ TẤN ĐẠT,230,76,0.3304,148,6,2026-10-02 14:30:45
25,50-HCM D8 Hub,in-house,Full-Time,124864,CHÂU QUỐC VINH,189,59,0.3122,127,3,2026-10-02 14:30:45
25,50-HCM D8 Hub,in-house,Full-Time,1843,TRẦN TRỌNG TUYỂN,361,106,0.2936,254,1,2026-10-02 14:30:45
25,50-HCM D8 Hub,in-house,Full-Time,118106,LÝ MINH TÙNG,278,34,0.1223,243,1,2026-10-02 14:30:45
25,50-HCM D8 Hub,in-house,Full-Time,100444,NGUYỄN VĂN CƯỜNG,140,15,0.1071,125,0,2026-10-02 14:30:45
25,50-HCM D8 Hub,in-house,Full-Time,1349,NGUYỄN TRẦN ANH VŨ,0,0,0,0,0,2026-10-02 14:30:45
25,50-HCM D8 Hub,in-house,Full-Time,70534,LÊ BÌNH AN,0,0,0,0,0,2026-10-02 14:30:45
979,50-HCM D9/Duong Dinh Hoi Hub,in-house,Full-Time,137056,LÊ HOÀNG DUY,213,191,0.8967,0,22,2026-10-02 14:30:45
979,50-HCM D9/Duong Dinh Hoi Hub,in-house,Full-Time,7140,PHAN TẤN ĐẠT,249,229,0.9197,15,5,2026-10-02 14:30:45
979,50-HCM D9/Duong Dinh Hoi Hub,in-house,Full-Time,8548,LÊ TRÍ THẮNG,158,136,0.8608,13,9,2026-10-02 14:30:45
979,50-HCM D9/Duong Dinh Hoi Hub,in-house,Full-Time,70918,PHẠM CÔNG NGHĨA,233,201,0.8627,25,7,2026-10-02 14:30:45
979,50-HCM D9/Duong Dinh Hoi Hub,in-house,Full-Time,83085,VÕ HỒ TRUNG QUÂN,239,193,0.8075,38,8,2026-10-02 14:30:45
979,50-HCM D9/Duong Dinh Hoi Hub,in-house,Full-Time,131920,NGUYỄN HUỲNH QUỐC BẢO,237,188,0.7932,40,9,2026-10-02 14:30:45
979,50-HCM D9/Duong Dinh Hoi Hub,in-house,Full-Time,129928,HOÀNG ANH TUẤN,172,131,0.7616,33,8,2026-10-02 14:30:45
979,50-HCM D9/Duong Dinh Hoi Hub,in-house,Full-Time,76066,TRẦN TRUNG THIỆN,209,166,0.7943,41,2,2026-10-02 14:30:45
979,50-HCM D9/Duong Dinh Hoi Hub,in-house,Full-Time,64088,ĐẶNG VĂN LINH,236,183,0.7754,48,5,2026-10-02 14:30:45
979,50-HCM D9/Duong Dinh Hoi Hub,in-house,Full-Time,68810,NGUYỄN VY TRIỆU,209,157,0.7512,43,9,2026-10-02 14:30:45
979,50-HCM D9/Duong Dinh Hoi Hub,in-house,Full-Time,4372,NGUYỄN THIÊN THẠCH HẢI,421,306,0.7268,112,3,2026-10-02 14:30:45
979,50-HCM D9/Duong Dinh Hoi Hub,in-house,Full-Time,37643,TRẦN QUỐC THÁI,223,147,0.6592,61,15,2026-10-02 14:30:45
979,50-HCM D9/Duong Dinh Hoi Hub,in-house,Full-Time,21933,TRẦN ANH CƯỜNG,262,174,0.6641,84,4,2026-10-02 14:30:45
979,50-HCM D9/Duong Dinh Hoi Hub,in-house,Full-Time,72597,PHẠM NGUYỄN TRỌNG HẬU,244,152,0.623,86,6,2026-10-02 14:30:45
979,50-HCM D9/Duong Dinh Hoi Hub,in-house,Full-Time,42397,NGUYỄN TRƯỜNG AN,265,151,0.5698,105,9,2026-10-02 14:30:45
979,50-HCM D9/Duong Dinh Hoi Hub,in-house,Full-Time,20589,NGUYỄN LÊ HOÀNG TUẤN,186,107,0.5753,75,4,2026-10-02 14:30:45
979,50-HCM D9/Duong Dinh Hoi Hub,in-house,Full-Time,163292,NGUYỄN ĐĂNG GIA BẢO,256,141,0.5508,109,6,2026-10-02 14:30:45
979,50-HCM D9/Duong Dinh Hoi Hub,in-house,Full-Time,134514,BÙI CAO MINH,233,118,0.5064,111,4,2026-10-02 14:30:45
979,50-HCM D9/Duong Dinh Hoi Hub,in-house,Full-Time,30358,LÊ VĂN HẢI,255,125,0.4902,127,3,2026-10-02 14:30:45
919,50-HCM D9/Man Thien Hub,in-house,Full-Time,19745,TRẦN HOÀNG THI,234,210,0.8974,16,8,2026-10-02 14:30:45
919,50-HCM D9/Man Thien Hub,in-house,Full-Time,68973,MAI THANH TUÂN,213,181,0.8498,28,4,2026-10-02 14:30:45
919,50-HCM D9/Man Thien Hub,in-house,Full-Time,93423,HUỲNH THANH LONG,275,235,0.8545,39,1,2026-10-02 14:30:45
919,50-HCM D9/Man Thien Hub,in-house,Full-Time,71228,PHẠM NHẬT BẢO,245,205,0.8367,37,3,2026-10-02 14:30:45
919,50-HCM D9/Man Thien Hub,in-house,Full-Time,50127,HUỲNH VĂN THẮNG,224,186,0.8304,37,1,2026-10-02 14:30:45
919,50-HCM D9/Man Thien Hub,in-house,Full-Time,36727,ĐOÀN NGUYỄN MINH QUÂN,365,299,0.8192,61,5,2026-10-02 14:30:45
919,50-HCM D9/Man Thien Hub,in-house,Full-Time,73423,TRẦN HOÀNG ANH HUY,208,169,0.8125,38,1,2026-10-02 14:30:45
919,50-HCM D9/Man Thien Hub,in-house,Full-Time,64560,NGUYỄN THANH BÌNH,283,228,0.8057,53,2,2026-10-02 14:30:45
919,50-HCM D9/Man Thien Hub,in-house,Full-Time,145899,NGUYỄN QUANG KHA,172,119,0.6919,37,16,2026-10-02 14:30:45
919,50-HCM D9/Man Thien Hub,in-house,Full-Time,108900,NGUYỄN MINH QUỐC,209,157,0.7512,47,5,2026-10-02 14:30:45
919,50-HCM D9/Man Thien Hub,in-house,Full-Time,38480,NGUYỄN TRẦN MINH KHÔI,274,209,0.7628,64,1,2026-10-02 14:30:45
919,50-HCM D9/Man Thien Hub,in-house,Full-Time,42477,PHAN TẤN HUY,273,189,0.6923,84,0,2026-10-02 14:30:45
919,50-HCM D9/Man Thien Hub,in-house,Full-Time,13315,NGUYỄN VĂN HƯỞNG,423,286,0.6761,133,4,2026-10-02 14:30:45
919,50-HCM D9/Man Thien Hub,in-house,Full-Time,54772,NGUYỄN PHI DU,203,134,0.6601,64,5,2026-10-02 14:30:45
919,50-HCM D9/Man Thien Hub,in-house,Full-Time,82401,HOÀNG TRUNG,312,194,0.6218,114,4,2026-10-02 14:30:45
919,50-HCM D9/Man Thien Hub,in-house,Full-Time,19913,VÕ MINH HÙNG,197,117,0.5939,74,6,2026-10-02 14:30:45
919,50-HCM D9/Man Thien Hub,in-house,Full-Time,154547,NGUYỄN VĂN THỤ,193,114,0.5907,78,1,2026-10-02 14:30:45
919,50-HCM D9/Man Thien Hub,in-house,Full-Time,72869,NGUYỄN VĂN QUANG,225,110,0.4889,106,9,2026-10-02 14:30:45
919,50-HCM D9/Man Thien Hub,in-house,Full-Time,102202,LÊ TẤN TÀI,246,123,0.5,119,4,2026-10-02 14:30:45
370,50-HCM D9/Truong Thanh Hub,in-house,Full-Time,37101,NGUYỄN ĐOÀN TẤN THIỆN,1,1,1,0,0,2026-10-02 14:30:45
370,50-HCM D9/Truong Thanh Hub,in-house,Full-Time,138164,HOÀNG ĐÌNH TẤN PHONG,128,124,0.9688,2,2,2026-10-02 14:30:45
370,50-HCM D9/Truong Thanh Hub,in-house,Full-Time,149443,NGUYỄN TUẤN ANH,187,144,0.7701,36,7,2026-10-02 14:30:45
370,50-HCM D9/Truong Thanh Hub,in-house,Full-Time,121900,TRẦN MINH NAM,197,155,0.7868,42,0,2026-10-02 14:30:45
370,50-HCM D9/Truong Thanh Hub,in-house,Full-Time,136330,ĐINH NHẬT TRÍ,248,183,0.7379,54,11,2026-10-02 14:30:45
370,50-HCM D9/Truong Thanh Hub,in-house,Full-Time,126780,DOÃN THỊ THÙY CHI,227,154,0.6784,71,2,2026-10-02 14:30:45
370,50-HCM D9/Truong Thanh Hub,in-house,Full-Time,51611,NGUYỄN NHÂN NGHĨA,267,183,0.6854,84,0,2026-10-02 14:30:45
370,50-HCM D9/Truong Thanh Hub,in-house,Full-Time,52146,ĐẶNG THẾ TRUNG,290,195,0.6724,92,3,2026-10-02 14:30:45
370,50-HCM D9/Truong Thanh Hub,in-house,Full-Time,84571,HỒ BẢO LUÂN,236,156,0.661,75,5,2026-10-02 14:30:45
370,50-HCM D9/Truong Thanh Hub,in-house,Full-Time,70444,LÊ TẤN ĐẠT,274,160,0.5839,110,4,2026-10-02 14:30:45
370,50-HCM D9/Truong Thanh Hub,in-house,Full-Time,148739,VÕ HOÀNG DÂN,221,127,0.5747,91,3,2026-10-02 14:30:45
370,50-HCM D9/Truong Thanh Hub,in-house,Full-Time,57444,VÕ VĂN LƯỢM,285,156,0.5474,125,4,2026-10-02 14:30:45
370,50-HCM D9/Truong Thanh Hub,in-house,Full-Time,70765,NGUYỄN HOÀNG NGHĨA,244,113,0.4631,125,6,2026-10-02 14:30:45
370,50-HCM D9/Truong Thanh Hub,in-house,Full-Time,120242,HUỲNH VĂN KIẾM,212,86,0.4057,123,3,2026-10-02 14:30:45
196,50-HCM Nha Be Hub,in-house,Full-Time,155164,ĐẶNG MINH THUẬN,1,1,1,0,0,2026-10-02 14:30:45
196,50-HCM Nha Be Hub,in-house,Full-Time,53900,NGUYỄN NGỌC PHI,146,140,0.9589,2,4,2026-10-02 14:30:45
196,50-HCM Nha Be Hub,in-house,Full-Time,98603,LÊ HOÀNG NHẤT LÂM,108,95,0.8796,2,11,2026-10-02 14:30:45
196,50-HCM Nha Be Hub,in-house,Full-Time,91987,LÊ PHẠM HOÀNG AN,184,178,0.9674,4,2,2026-10-02 14:30:45
196,50-HCM Nha Be Hub,in-house,Full-Time,93837,VŨ NHẬT MINH,168,156,0.9286,4,8,2026-10-02 14:30:45
196,50-HCM Nha Be Hub,in-house,Full-Time,70912,TRẦN THANH TOÁN,119,114,0.958,5,0,2026-10-02 14:30:45
196,50-HCM Nha Be Hub,in-house,Full-Time,110602,NGUYỄN HUỲNH HOÀNG LỢI,209,163,0.7799,35,11,2026-10-02 14:30:45
196,50-HCM Nha Be Hub,in-house,Full-Time,103440,NGUYỄN ĐỒNG TIẾN,169,129,0.7633,36,4,2026-10-02 14:30:45
196,50-HCM Nha Be Hub,in-house,Full-Time,117107,HÀ LÊ VŨ LUÂN,209,147,0.7033,50,12,2026-10-02 14:30:45
196,50-HCM Nha Be Hub,in-house,Full-Time,36009,NGUYỄN QUỐC VIỆT,187,138,0.738,49,0,2026-10-02 14:30:45
196,50-HCM Nha Be Hub,in-house,Full-Time,123597,NGUYỄN THANH TUẤN,136,97,0.7132,37,2,2026-10-02 14:30:45
196,50-HCM Nha Be Hub,in-house,Full-Time,62962,NGUYỄN PHONG PHÚ,194,136,0.701,56,2,2026-10-02 14:30:45
196,50-HCM Nha Be Hub,in-house,Full-Time,80918,LÊ THÀNH LỢI,141,94,0.6667,41,6,2026-10-02 14:30:45
196,50-HCM Nha Be Hub,in-house,Full-Time,19713,NGUYỄN NGỌC PHÚC,271,152,0.5609,118,1,2026-10-02 14:30:45
196,50-HCM Nha Be Hub,in-house,Full-Time,105293,NGUYỄN MINH GIA LỄ,146,72,0.4932,74,0,2026-10-02 14:30:45
393,50-HCM Phu Nhuan/Phuong 4 Hub,in-house,Full-Time,6655,NGUYỄN HUỲNH DUY,107,107,1,0,0,2026-10-02 14:30:46
393,50-HCM Phu Nhuan/Phuong 4 Hub,in-house,Full-Time,8399,TRƯƠNG HOÀI NGUYỄN LINH NHI,202,202,1,0,0,2026-10-02 14:30:46
393,50-HCM Phu Nhuan/Phuong 4 Hub,in-house,Full-Time,18803,VÕ NGUYỄN TẤN ĐẠT,191,187,0.9791,0,4,2026-10-02 14:30:46
393,50-HCM Phu Nhuan/Phuong 4 Hub,in-house,Full-Time,117623,DƯƠNG VĂN NHỊP,213,202,0.9484,0,11,2026-10-02 14:30:46
393,50-HCM Phu Nhuan/Phuong 4 Hub,in-house,Full-Time,48561,VÕ CHÍ TRUNG,193,180,0.9326,1,12,2026-10-02 14:30:46
393,50-HCM Phu Nhuan/Phuong 4 Hub,in-house,Full-Time,124213,NGÔ KHẢI HOÀN,190,187,0.9842,1,2,2026-10-02 14:30:46
393,50-HCM Phu Nhuan/Phuong 4 Hub,in-house,Full-Time,66580,PHAN TẤN HÙNG,225,208,0.9244,5,12,2026-10-02 14:30:46
393,50-HCM Phu Nhuan/Phuong 4 Hub,in-house,Full-Time,35206,TRẦN TRUNG BÁCH,172,152,0.8837,14,6,2026-10-02 14:30:46
393,50-HCM Phu Nhuan/Phuong 4 Hub,in-house,Full-Time,56461,LÊ HOÀNG HỮU TRỌNG,187,161,0.861,19,7,2026-10-02 14:30:46
393,50-HCM Phu Nhuan/Phuong 4 Hub,in-house,Full-Time,12274,ĐẶNG VĂN TÂN,165,145,0.8788,19,1,2026-10-02 14:30:46
393,50-HCM Phu Nhuan/Phuong 4 Hub,in-house,Full-Time,90228,NGUYỄN QUỐC TRUNG,207,181,0.8744,24,2,2026-10-02 14:30:46
393,50-HCM Phu Nhuan/Phuong 4 Hub,in-house,Full-Time,29817,TRẦN KIM TẤN GIÀU,280,238,0.85,35,7,2026-10-02 14:30:46
393,50-HCM Phu Nhuan/Phuong 4 Hub,in-house,Full-Time,50070,CHÂU LÊ HỒNG SÁNG,206,170,0.8252,28,8,2026-10-02 14:30:46
393,50-HCM Phu Nhuan/Phuong 4 Hub,in-house,Full-Time,34625,CAO TẤN ĐẠT,252,216,0.8571,35,1,2026-10-02 14:30:46
393,50-HCM Phu Nhuan/Phuong 4 Hub,in-house,Full-Time,54014,CAM HỮU DINH,176,142,0.8068,28,6,2026-10-02 14:30:46
393,50-HCM Phu Nhuan/Phuong 4 Hub,in-house,Full-Time,121899,TRẦN QUANG VŨ,182,144,0.7912,29,9,2026-10-02 14:30:46
393,50-HCM Phu Nhuan/Phuong 4 Hub,in-house,Full-Time,136318,TRẦN QUANG TUẤN,145,114,0.7862,24,7,2026-10-02 14:30:46
393,50-HCM Phu Nhuan/Phuong 4 Hub,in-house,Full-Time,2535,ĐỖ PHÚC TÀI,233,165,0.7082,43,25,2026-10-02 14:30:46
393,50-HCM Phu Nhuan/Phuong 4 Hub,in-house,Full-Time,5628,HOÀNG XUÂN AN,241,191,0.7925,45,5,2026-10-02 14:30:46
393,50-HCM Phu Nhuan/Phuong 4 Hub,in-house,Full-Time,64569,JANNY CAO DELRIO,141,104,0.7376,29,8,2026-10-02 14:30:46
393,50-HCM Phu Nhuan/Phuong 4 Hub,in-house,Full-Time,4650,NGUYỄN HOÀI BẢO,210,154,0.7333,52,4,2026-10-02 14:30:46
393,50-HCM Phu Nhuan/Phuong 4 Hub,in-house,Full-Time,2451,TRỊNH HOÀI ÂN,288,213,0.7396,73,2,2026-10-02 14:30:46
393,50-HCM Phu Nhuan/Phuong 4 Hub,in-house,Full-Time,153277,TRƯƠNG QUỐC CƯỜNG,202,136,0.6733,61,5,2026-10-02 14:30:46
393,50-HCM Phu Nhuan/Phuong 4 Hub,in-house,Full-Time,65058,NGUYỄN NHẬT HUY,235,160,0.6809,72,3,2026-10-02 14:30:46
393,50-HCM Phu Nhuan/Phuong 4 Hub,in-house,Full-Time,153027,TRẦN TRUNG TÍN,194,127,0.6546,61,6,2026-10-02 14:30:46
393,50-HCM Phu Nhuan/Phuong 4 Hub,in-house,Full-Time,150963,BÙI DUY TÂN,127,85,0.6693,42,0,2026-10-02 14:30:46
393,50-HCM Phu Nhuan/Phuong 4 Hub,in-house,Full-Time,71493,LÊ KHOA NAM ANH,240,150,0.625,88,2,2026-10-02 14:30:46
393,50-HCM Phu Nhuan/Phuong 4 Hub,in-house,Full-Time,17617,LÊ CHÍ HIẾU,240,120,0.5,113,7,2026-10-02 14:30:46
393,50-HCM Phu Nhuan/Phuong 4 Hub,in-house,Full-Time,95703,ĐINH CÔNG VỸ,203,86,0.4236,113,4,2026-10-02 14:30:46
393,50-HCM Phu Nhuan/Phuong 4 Hub,in-house,Full-Time,151559,PHAN HỮU KHOA,90,12,0.1333,78,0,2026-10-02 14:30:46
444,50-HCM Phu Nhuan/Phuong 8 Hub,in-house,Full-Time,2096,TRẦN HÙNG ANH KIỆT,204,201,0.9853,0,3,2026-10-02 14:30:46
444,50-HCM Phu Nhuan/Phuong 8 Hub,in-house,Full-Time,16792,PHAN NGỌC ĐÔNG,138,135,0.9783,0,3,2026-10-02 14:30:46
444,50-HCM Phu Nhuan/Phuong 8 Hub,in-house,Full-Time,77170,GIANG THANH TOÀN,220,206,0.9364,0,14,2026-10-02 14:30:46
444,50-HCM Phu Nhuan/Phuong 8 Hub,in-house,Full-Time,82229,PHAN THÀNH PHÚC,190,186,0.9789,0,4,2026-10-02 14:30:46
444,50-HCM Phu Nhuan/Phuong 8 Hub,in-house,Full-Time,16800,LÊ TRUNG CHÁNH,203,194,0.9557,1,8,2026-10-02 14:30:46
444,50-HCM Phu Nhuan/Phuong 8 Hub,in-house,Full-Time,25052,PHẠM THÀNH NHÂN,143,134,0.9371,1,8,2026-10-02 14:30:46
444,50-HCM Phu Nhuan/Phuong 8 Hub,in-house,Full-Time,119706,TRẦN THIÊN TÀI,167,152,0.9102,3,12,2026-10-02 14:30:46
444,50-HCM Phu Nhuan/Phuong 8 Hub,in-house,Full-Time,23481,TRẦN PHẠM HOÀNG KHÔI,322,273,0.8478,38,11,2026-10-02 14:30:46
444,50-HCM Phu Nhuan/Phuong 8 Hub,in-house,Full-Time,19241,LƯƠNG QUỐC CƯỜNG,187,155,0.8289,29,3,2026-10-02 14:30:46
444,50-HCM Phu Nhuan/Phuong 8 Hub,in-house,Full-Time,27421,TRƯƠNG THÀNH PHÚC,221,165,0.7466,40,16,2026-10-02 14:30:46
444,50-HCM Phu Nhuan/Phuong 8 Hub,in-house,Full-Time,28669,LÊ THANH NGÂN,219,169,0.7717,43,7,2026-10-02 14:30:46
444,50-HCM Phu Nhuan/Phuong 8 Hub,in-house,Full-Time,24307,NGUYỄN CÔNG TIẾN,224,169,0.7545,46,9,2026-10-02 14:30:46
444,50-HCM Phu Nhuan/Phuong 8 Hub,in-house,Full-Time,52584,TẤT HƯNG THỊNH,193,144,0.7461,41,8,2026-10-02 14:30:46
444,50-HCM Phu Nhuan/Phuong 8 Hub,in-house,Full-Time,111158,VÕ ĐẶNG HOÀNG TUẤN,153,95,0.6209,45,13,2026-10-02 14:30:46
444,50-HCM Phu Nhuan/Phuong 8 Hub,in-house,Full-Time,14571,LƯU VĨNH PHÚ,205,129,0.6293,64,12,2026-10-02 14:30:46
444,50-HCM Phu Nhuan/Phuong 8 Hub,in-house,Full-Time,24517,TRẦN VĂN KHÁNH,219,134,0.6119,82,3,2026-10-02 14:30:46
444,50-HCM Phu Nhuan/Phuong 8 Hub,in-house,Full-Time,40426,PHẠM ĐỖ GIA BẢO,231,140,0.6061,91,0,2026-10-02 14:30:46
444,50-HCM Phu Nhuan/Phuong 8 Hub,in-house,Full-Time,157345,BÙI NGÔ NGỌC THIỆN,3,0,0,3,0,2026-10-02 14:30:46
915,50-HCM Tan Binh/Bach Dang Hub,in-house,Full-Time,1115,HUỲNH HỮU HUÂN,1,1,1,0,0,2026-10-02 14:30:46
915,50-HCM Tan Binh/Bach Dang Hub,in-house,Full-Time,7041,NGUYỄN LÂM HOÀNG NGỌC,65,61,0.9385,0,4,2026-10-02 14:30:46
915,50-HCM Tan Binh/Bach Dang Hub,in-house,Full-Time,31650,NGUYỄN HOÀNG GIA,152,146,0.9605,0,6,2026-10-02 14:30:46
915,50-HCM Tan Binh/Bach Dang Hub,in-house,Full-Time,106414,LÂM HOÀNG KHÁNH,196,194,0.9898,0,2,2026-10-02 14:30:46
915,50-HCM Tan Binh/Bach Dang Hub,in-house,Full-Time,140454,VÕ PHÁT ĐẠT,158,152,0.962,0,6,2026-10-02 14:30:46
915,50-HCM Tan Binh/Bach Dang Hub,in-house,Full-Time,141474,NGUYỄN MINH TUẤN,109,103,0.945,0,6,2026-10-02 14:30:46
915,50-HCM Tan Binh/Bach Dang Hub,in-house,Full-Time,99487,NGUYỄN THÀNH ĐẠT,210,208,0.9905,1,1,2026-10-02 14:30:46
915,50-HCM Tan Binh/Bach Dang Hub,in-house,Full-Time,99281,HOÀNG ANH QUÂN,205,192,0.9366,1,12,2026-10-02 14:30:46
915,50-HCM Tan Binh/Bach Dang Hub,in-house,Full-Time,102617,NGUYỄN HOÀNG DUY,184,177,0.962,1,6,2026-10-02 14:30:46
915,50-HCM Tan Binh/Bach Dang Hub,in-house,Full-Time,48947,HUỲNH TẤN SANG,260,252,0.9692,4,4,2026-10-02 14:30:46
915,50-HCM Tan Binh/Bach Dang Hub,in-house,Full-Time,28717,LÊ VĂN KIÊN,181,175,0.9669,5,1,2026-10-02 14:30:46
915,50-HCM Tan Binh/Bach Dang Hub,in-house,Full-Time,48282,VÕ HOÀNG LONG,243,229,0.9424,8,6,2026-10-02 14:30:46
915,50-HCM Tan Binh/Bach Dang Hub,in-house,Full-Time,39377,PHẠM MINH NHỰT,210,179,0.8524,7,24,2026-10-02 14:30:46
915,50-HCM Tan Binh/Bach Dang Hub,in-house,Full-Time,114118,ĐỖ THANH HOÀNG,226,177,0.7832,11,38,2026-10-02 14:30:46
915,50-HCM Tan Binh/Bach Dang Hub,in-house,Full-Time,10005,PHAN LÂM GIA PHÚC,213,185,0.8685,15,13,2026-10-02 14:30:46
915,50-HCM Tan Binh/Bach Dang Hub,in-house,Full-Time,18971,NGUYỄN LÂM NGỌC BẢO,222,198,0.8919,16,8,2026-10-02 14:30:46
915,50-HCM Tan Binh/Bach Dang Hub,in-house,Full-Time,74358,LÊ PHƯỚC THỊNH,284,244,0.8592,22,18,2026-10-02 14:30:46
915,50-HCM Tan Binh/Bach Dang Hub,in-house,Full-Time,159646,NGUYỄN THANH QUYỀN,183,163,0.8907,20,0,2026-10-02 14:30:46
915,50-HCM Tan Binh/Bach Dang Hub,in-house,Full-Time,40199,NGUYỄN CƯỜNG VŨ,278,243,0.8741,31,4,2026-10-02 14:30:46
915,50-HCM Tan Binh/Bach Dang Hub,in-house,Full-Time,96219,TÂN KIẾN ĐẠT,184,153,0.8315,21,10,2026-10-02 14:30:46
915,50-HCM Tan Binh/Bach Dang Hub,in-house,Full-Time,24860,ĐỖ THANH ĐẠI,218,181,0.8303,25,12,2026-10-02 14:30:46
915,50-HCM Tan Binh/Bach Dang Hub,in-house,Full-Time,18512,LÊ THANH BÌNH,238,196,0.8235,30,12,2026-10-02 14:30:46
915,50-HCM Tan Binh/Bach Dang Hub,in-house,Full-Time,50150,NGUYỄN THÀNH NAM,121,102,0.843,17,2,2026-10-02 14:30:46
915,50-HCM Tan Binh/Bach Dang Hub,in-house,Full-Time,91316,NGUYỄN VÕ NHẬT TÂN,248,198,0.7984,41,9,2026-10-02 14:30:46
915,50-HCM Tan Binh/Bach Dang Hub,in-house,Full-Time,75199,NGUYỄN TRẦN QUỐC TOẢN,224,175,0.7813,40,9,2026-10-02 14:30:46
915,50-HCM Tan Binh/Bach Dang Hub,in-house,Full-Time,29635,VŨ ĐỨC DUY,235,187,0.7957,45,3,2026-10-02 14:30:46
915,50-HCM Tan Binh/Bach Dang Hub,in-house,Full-Time,160208,NGUYỄN HOÀNG ANH LÂM,163,126,0.773,32,5,2026-10-02 14:30:46
915,50-HCM Tan Binh/Bach Dang Hub,in-house,Full-Time,96767,NGUYỄN MINH NHỰT,215,166,0.7721,46,3,2026-10-02 14:30:46
915,50-HCM Tan Binh/Bach Dang Hub,in-house,Full-Time,22544,NGUYỄN THÀNH NHÂN,296,221,0.7466,64,11,2026-10-02 14:30:46
915,50-HCM Tan Binh/Bach Dang Hub,in-house,Full-Time,26124,PHẠM CHÍ VŨ,256,194,0.7578,56,6,2026-10-02 14:30:46
915,50-HCM Tan Binh/Bach Dang Hub,in-house,Full-Time,94114,LÊ ĐẶNG BÁ PHƯỚC,337,254,0.7537,78,5,2026-10-02 14:30:46
915,50-HCM Tan Binh/Bach Dang Hub,in-house,Full-Time,3313,VĂN LÂM TUẤN,208,155,0.7452,49,4,2026-10-02 14:30:46
915,50-HCM Tan Binh/Bach Dang Hub,in-house,Full-Time,992,VÕ VĂN THẮNG,279,210,0.7527,66,3,2026-10-02 14:30:46
915,50-HCM Tan Binh/Bach Dang Hub,in-house,Full-Time,136333,HỒ PHÚ QUÝ,251,174,0.6932,60,17,2026-10-02 14:30:46
915,50-HCM Tan Binh/Bach Dang Hub,in-house,Full-Time,153022,HUỲNH NHỰT ANH,184,137,0.7446,44,3,2026-10-02 14:30:46
915,50-HCM Tan Binh/Bach Dang Hub,in-house,Full-Time,136974,MẠC QUANG HUY,299,217,0.7258,75,7,2026-10-02 14:30:46
915,50-HCM Tan Binh/Bach Dang Hub,in-house,Full-Time,42981,NÔNG THẾ VINH,323,238,0.7368,82,3,2026-10-02 14:30:46
915,50-HCM Tan Binh/Bach Dang Hub,in-house,Full-Time,48560,LÂM NHẬT TÂN,181,121,0.6685,46,14,2026-10-02 14:30:46
915,50-HCM Tan Binh/Bach Dang Hub,in-house,Full-Time,25029,NGUYỄN NGỌC MINH TÂN,225,163,0.7244,59,3,2026-10-02 14:30:46
915,50-HCM Tan Binh/Bach Dang Hub,in-house,Full-Time,40244,PHẠM ANH TUẤN,270,196,0.7259,71,3,2026-10-02 14:30:46
915,50-HCM Tan Binh/Bach Dang Hub,in-house,Full-Time,2972,NGUYỄN TRƯỜNG SƠN,226,154,0.6814,61,11,2026-10-02 14:30:46
915,50-HCM Tan Binh/Bach Dang Hub,in-house,Full-Time,18783,TRẦN NGUYỄN THANH PHONG,312,223,0.7147,87,2,2026-10-02 14:30:46
915,50-HCM Tan Binh/Bach Dang Hub,in-house,Full-Time,618,TRẦN VĂN PHÁT,210,140,0.6667,62,8,2026-10-02 14:30:46
915,50-HCM Tan Binh/Bach Dang Hub,in-house,Full-Time,77946,NGUYỄN TRƯỜNG GIANG,255,165,0.6471,80,10,2026-10-02 14:30:46
915,50-HCM Tan Binh/Bach Dang Hub,in-house,Full-Time,142993,NGUYỄN CHÂU LANG,170,113,0.6647,55,2,2026-10-02 14:30:46
915,50-HCM Tan Binh/Bach Dang Hub,in-house,Full-Time,12755,LÊ NGỌC TOÁN,310,202,0.6516,103,5,2026-10-02 14:30:46
915,50-HCM Tan Binh/Bach Dang Hub,in-house,Full-Time,2667,TRƯƠNG TÀI THUẬN,389,223,0.5733,150,16,2026-10-02 14:30:46
915,50-HCM Tan Binh/Bach Dang Hub,in-house,Full-Time,137667,LÝ QUỐC ĐẠT,197,119,0.6041,78,0,2026-10-02 14:30:46
915,50-HCM Tan Binh/Bach Dang Hub,in-house,Full-Time,107680,NGUYỄN TẤN LÂM,216,121,0.5602,86,9,2026-10-02 14:30:46
915,50-HCM Tan Binh/Bach Dang Hub,in-house,Full-Time,94120,HOÀNG PHÚ THỊNH,202,120,0.5941,81,1,2026-10-02 14:30:46
915,50-HCM Tan Binh/Bach Dang Hub,in-house,Full-Time,82928,TRẦN NGUYỄN ANH DUY,176,99,0.5625,74,3,2026-10-02 14:30:46
915,50-HCM Tan Binh/Bach Dang Hub,in-house,Full-Time,93419,NGUYỄN QUANG LÂM,227,125,0.5507,96,6,2026-10-02 14:30:46
915,50-HCM Tan Binh/Bach Dang Hub,in-house,Full-Time,2780,LÊ VĂN TIẾN,218,119,0.5459,95,4,2026-10-02 14:30:46
915,50-HCM Tan Binh/Bach Dang Hub,in-house,Full-Time,136131,NGUYỄN HOÀNG KHÔI NGUYÊN,204,109,0.5343,90,5,2026-10-02 14:30:46
915,50-HCM Tan Binh/Bach Dang Hub,in-house,Full-Time,1593,NGUYỄN HOÀNG HUY,365,198,0.5425,164,3,2026-10-02 14:30:46
915,50-HCM Tan Binh/Bach Dang Hub,in-house,Full-Time,43629,NGUYỄN NHƯ PHONG,206,111,0.5388,94,1,2026-10-02 14:30:46
915,50-HCM Tan Binh/Bach Dang Hub,in-house,Full-Time,142279,TRỊNH NGỌC HÀ,291,130,0.4467,153,8,2026-10-02 14:30:46
915,50-HCM Tan Binh/Bach Dang Hub,in-house,Full-Time,87028,TRẦN MINH TRÍ,548,193,0.3522,352,3,2026-10-02 14:30:46
915,50-HCM Tan Binh/Bach Dang Hub,in-house,Full-Time,16096,LÊ TẤN DƯƠNG,409,58,0.1418,343,8,2026-10-02 14:30:46
1082,50-HCM Tan Phu/Tan Quy Hub,in-house,Full-Time,1243,HỒ THANH SĨ,244,195,0.7992,46,3,2026-10-02 14:30:46
1082,50-HCM Tan Phu/Tan Quy Hub,in-house,Full-Time,10113,VŨ ANH KIỆT,312,239,0.766,62,11,2026-10-02 14:30:46
1082,50-HCM Tan Phu/Tan Quy Hub,in-house,Full-Time,108904,TRIỆU NGUYÊN KHÁNH,169,132,0.7811,35,2,2026-10-02 14:30:46
1082,50-HCM Tan Phu/Tan Quy Hub,in-house,Full-Time,32959,LÊ ANH TÀI,261,191,0.7318,56,14,2026-10-02 14:30:46
1082,50-HCM Tan Phu/Tan Quy Hub,in-house,Full-Time,68678,NGUYỄN TIẾN TÀI,335,247,0.7373,76,12,2026-10-02 14:30:46
1082,50-HCM Tan Phu/Tan Quy Hub,in-house,Full-Time,148254,TRẦN MINH QUANG,357,272,0.7619,83,2,2026-10-02 14:30:46
1082,50-HCM Tan Phu/Tan Quy Hub,in-house,Full-Time,105534,TRẦN THÁI SƠN,259,190,0.7336,64,5,2026-10-02 14:30:46
1082,50-HCM Tan Phu/Tan Quy Hub,in-house,Full-Time,26615,VÕ MINH KHOA,332,240,0.7229,90,2,2026-10-02 14:30:46
1082,50-HCM Tan Phu/Tan Quy Hub,in-house,Full-Time,151093,NGUYỄN VĂN PHÚ,177,117,0.661,55,5,2026-10-02 14:30:46
1082,50-HCM Tan Phu/Tan Quy Hub,in-house,Full-Time,46994,LÊ NGỌC MINH CHÂU,311,213,0.6849,97,1,2026-10-02 14:30:46
1082,50-HCM Tan Phu/Tan Quy Hub,in-house,Full-Time,40417,NGUYỄN VĂN HẢI,262,172,0.6565,82,8,2026-10-02 14:30:46
1082,50-HCM Tan Phu/Tan Quy Hub,in-house,Full-Time,44081,NGUYỄN THANH TÚ,270,181,0.6704,85,4,2026-10-02 14:30:46
1082,50-HCM Tan Phu/Tan Quy Hub,in-house,Full-Time,107160,NGUYỄN THANH NHỰT,253,165,0.6522,82,6,2026-10-02 14:30:46
1082,50-HCM Tan Phu/Tan Quy Hub,in-house,Full-Time,23976,NGUYỄN THIỆN CƯỜNG,276,179,0.6486,93,4,2026-10-02 14:30:46
1082,50-HCM Tan Phu/Tan Quy Hub,in-house,Full-Time,44949,TRƯƠNG THỊ XUÂN,298,195,0.6544,103,0,2026-10-02 14:30:46
1082,50-HCM Tan Phu/Tan Quy Hub,in-house,Full-Time,8572,HUỲNH HOÀNG QUÝ,288,179,0.6215,102,7,2026-10-02 14:30:46
1082,50-HCM Tan Phu/Tan Quy Hub,in-house,Full-Time,116397,NGUYỄN THÀNH ĐỨC,293,178,0.6075,105,10,2026-10-02 14:30:46
1082,50-HCM Tan Phu/Tan Quy Hub,in-house,Full-Time,4124,TRẦN QUANG HUY,248,153,0.6169,90,5,2026-10-02 14:30:46
1082,50-HCM Tan Phu/Tan Quy Hub,in-house,Full-Time,70293,NGUYỄN MINH TÂN,261,129,0.4943,126,6,2026-10-02 14:30:46
10,50-HCM Thu Duc Hub,in-house,Full-Time,8555,CAO MINH SANG,182,178,0.978,0,4,2026-10-02 14:30:46
10,50-HCM Thu Duc Hub,in-house,Full-Time,33900,VÕ HOÀNG HIẾU,62,62,1,0,0,2026-10-02 14:30:46
10,50-HCM Thu Duc Hub,in-house,Full-Time,8553,HỒ NGỌC THẮNG,191,179,0.9372,1,11,2026-10-02 14:30:46
10,50-HCM Thu Duc Hub,in-house,Full-Time,98041,HỒ CÔNG BÌNH,145,137,0.9448,1,7,2026-10-02 14:30:46
10,50-HCM Thu Duc Hub,in-house,Full-Time,103299,NGUYỄN TẤN THÀNH,143,142,0.993,1,0,2026-10-02 14:30:46
10,50-HCM Thu Duc Hub,in-house,Full-Time,22888,ĐẶNG VÕ THÁI SANG,91,80,0.8791,1,10,2026-10-02 14:30:46
10,50-HCM Thu Duc Hub,in-house,Full-Time,140298,VŨ VĂN ĐẠT,131,108,0.8244,2,21,2026-10-02 14:30:46
10,50-HCM Thu Duc Hub,in-house,Full-Time,20969,THÀNH NGỌC THƯƠNG,280,263,0.9393,5,12,2026-10-02 14:30:46
10,50-HCM Thu Duc Hub,in-house,Full-Time,50802,ĐÀO ANH KHOA,125,118,0.944,6,1,2026-10-02 14:30:46
10,50-HCM Thu Duc Hub,in-house,Full-Time,11220,LÊ TRƯỜNG HẢI,272,252,0.9265,16,4,2026-10-02 14:30:46
10,50-HCM Thu Duc Hub,in-house,Full-Time,15046,ĐẶNG GIA TÍN,178,162,0.9101,14,2,2026-10-02 14:30:46
10,50-HCM Thu Duc Hub,in-house,Full-Time,148741,ĐỖ QUANG CƯỜNG,162,131,0.8086,24,7,2026-10-02 14:30:46
10,50-HCM Thu Duc Hub,VGL,Full-Time,2764,HOÀNG HUY,184,151,0.8207,28,5,2026-10-02 14:30:46
10,50-HCM Thu Duc Hub,in-house,Full-Time,147222,MAI TRẦN XUÂN THIỆN,172,140,0.814,30,2,2026-10-02 14:30:46
10,50-HCM Thu Duc Hub,in-house,Full-Time,148746,DƯƠNG THỊ THÚY HẰNG,180,131,0.7278,38,11,2026-10-02 14:30:46
10,50-HCM Thu Duc Hub,in-house,Full-Time,89726,NINH SINH VI THÀNH,244,178,0.7295,54,12,2026-10-02 14:30:46
10,50-HCM Thu Duc Hub,in-house,Full-Time,149680,NGUYỄN VĂN TRUNG,129,92,0.7132,31,6,2026-10-02 14:30:46
10,50-HCM Thu Duc Hub,in-house,Full-Time,111560,NGUYỄN TRỌNG DUY,282,207,0.734,72,3,2026-10-02 14:30:46
10,50-HCM Thu Duc Hub,in-house,Full-Time,127383,CAO TRỌNG HẬU,90,63,0.7,23,4,2026-10-02 14:30:46
10,50-HCM Thu Duc Hub,in-house,Full-Time,6946,DIỆP THỊ THANH THỦY,179,119,0.6648,47,13,2026-10-02 14:30:46
10,50-HCM Thu Duc Hub,in-house,Full-Time,161587,TRẦN ĐĂNG NINH,183,129,0.7049,51,3,2026-10-02 14:30:46
10,50-HCM Thu Duc Hub,in-house,Full-Time,157671,PHẠM ANH TUẤN,168,117,0.6964,47,4,2026-10-02 14:30:46
10,50-HCM Thu Duc Hub,in-house,Full-Time,146391,LỮ MINH THẾ,248,175,0.7056,70,3,2026-10-02 14:30:46
10,50-HCM Thu Duc Hub,in-house,Full-Time,41779,ĐẶNG HOÀNG LỢI,153,106,0.6928,45,2,2026-10-02 14:30:46
10,50-HCM Thu Duc Hub,in-house,Full-Time,37504,NGUYỄN TRƯỜNG DƯƠNG,312,206,0.6603,99,7,2026-10-02 14:30:46
10,50-HCM Thu Duc Hub,in-house,Full-Time,8549,THÀNH HOÀNG KỲ ANH,363,207,0.5702,149,7,2026-10-02 14:30:46
10,50-HCM Thu Duc Hub,in-house,Full-Time,127087,HỒ PHÚ GIA,135,78,0.5778,56,1,2026-10-02 14:30:46
10,50-HCM Thu Duc Hub,in-house,Full-Time,16088,ĐẠO THANH LÂM,212,105,0.4953,100,7,2026-10-02 14:30:46
10,50-HCM Thu Duc Hub,in-house,Full-Time,124224,PHẠM HOÀNG VIỆT,172,83,0.4826,86,3,2026-10-02 14:30:46
10,50-HCM Thu Duc Hub,in-house,Full-Time,155591,ĐẠO ĐỨC THÀNH,185,86,0.4649,94,5,2026-10-02 14:30:46
423,50-HCM Thu Duc/Hiep Binh Phuoc Hub,in-house,Full-Time,128334,Direct to Soc_SPXVN19668_50-HCM Thu Duc/Hiep Binh Phuoc Hub,3,0,0,0,3,2026-10-02 14:30:46
423,50-HCM Thu Duc/Hiep Binh Phuoc Hub,in-house,Full-Time,70307,NGUYỄN VĂN THI,187,181,0.9679,6,0,2026-10-02 14:30:46
423,50-HCM Thu Duc/Hiep Binh Phuoc Hub,in-house,Full-Time,96211,PHAN HUY HIẾU,327,274,0.8379,34,19,2026-10-02 14:30:46
423,50-HCM Thu Duc/Hiep Binh Phuoc Hub,in-house,Full-Time,148406,LÂM NGUYỄN THANH TUẤN,234,204,0.8718,28,2,2026-10-02 14:30:46
423,50-HCM Thu Duc/Hiep Binh Phuoc Hub,in-house,Full-Time,162920,NGUYỄN VIẾT ĐĂNG KHOA,123,98,0.7967,17,8,2026-10-02 14:30:46
423,50-HCM Thu Duc/Hiep Binh Phuoc Hub,in-house,Full-Time,138154,ĐÀO DUY THÀNH,221,182,0.8235,34,5,2026-10-02 14:30:46
423,50-HCM Thu Duc/Hiep Binh Phuoc Hub,in-house,Full-Time,106008,LÊ PHÚ TÍN,235,195,0.8298,38,2,2026-10-02 14:30:46
423,50-HCM Thu Duc/Hiep Binh Phuoc Hub,in-house,Full-Time,22029,NGUYỄN MẠNH CƯỜNG,298,245,0.8221,50,3,2026-10-02 14:30:46
423,50-HCM Thu Duc/Hiep Binh Phuoc Hub,in-house,Full-Time,156020,PHẠM HÙNG PHÚ,189,155,0.8201,32,2,2026-10-02 14:30:46
423,50-HCM Thu Duc/Hiep Binh Phuoc Hub,in-house,Full-Time,128166,LƯƠNG NGUYỄN NGỌC CHÂU,296,236,0.7973,51,9,2026-10-02 14:30:46
423,50-HCM Thu Duc/Hiep Binh Phuoc Hub,in-house,Full-Time,145297,HUỲNH VĂN SƠN,179,145,0.8101,34,0,2026-10-02 14:30:46
423,50-HCM Thu Duc/Hiep Binh Phuoc Hub,in-house,Full-Time,127979,MAI QUỐC CÔNG,231,184,0.7965,44,3,2026-10-02 14:30:46
423,50-HCM Thu Duc/Hiep Binh Phuoc Hub,in-house,Full-Time,41743,NGUYỄN THANH NHÀN,243,186,0.7654,53,4,2026-10-02 14:30:46
423,50-HCM Thu Duc/Hiep Binh Phuoc Hub,in-house,Full-Time,9025,ĐOÀN HƯNG THỊNH,264,202,0.7652,59,3,2026-10-02 14:30:46
423,50-HCM Thu Duc/Hiep Binh Phuoc Hub,in-house,Full-Time,4537,NGUYỄN GIA QUÂN,222,163,0.7342,51,8,2026-10-02 14:30:46
423,50-HCM Thu Duc/Hiep Binh Phuoc Hub,in-house,Full-Time,40246,TRẦN MINH HÙNG,189,140,0.7407,45,4,2026-10-02 14:30:46
423,50-HCM Thu Duc/Hiep Binh Phuoc Hub,in-house,Full-Time,140761,DƯƠNG PHƯỚC LẬP,213,155,0.7277,51,7,2026-10-02 14:30:46
423,50-HCM Thu Duc/Hiep Binh Phuoc Hub,in-house,Full-Time,156227,PHẠM GIA LÂM,239,177,0.7406,62,0,2026-10-02 14:30:46
423,50-HCM Thu Duc/Hiep Binh Phuoc Hub,in-house,Full-Time,31652,HOÀNG NGUYÊN ANH THU,272,184,0.6765,84,4,2026-10-02 14:30:46
423,50-HCM Thu Duc/Hiep Binh Phuoc Hub,in-house,Full-Time,54184,LÊ QUỐC QUYỀN,275,183,0.6655,87,5,2026-10-02 14:30:46
423,50-HCM Thu Duc/Hiep Binh Phuoc Hub,in-house,Full-Time,109098,LÊ TẤN TÀI,251,162,0.6454,81,8,2026-10-02 14:30:46
423,50-HCM Thu Duc/Hiep Binh Phuoc Hub,in-house,Full-Time,91641,NGUYỄN TÙNG LÂM,251,155,0.6175,82,14,2026-10-02 14:30:46
423,50-HCM Thu Duc/Hiep Binh Phuoc Hub,in-house,Full-Time,127515,LƯƠNG THẾ VỸ,200,126,0.63,67,7,2026-10-02 14:30:46
423,50-HCM Thu Duc/Hiep Binh Phuoc Hub,in-house,Full-Time,10105,CAO MINH NHỰT,280,183,0.6536,96,1,2026-10-02 14:30:46
423,50-HCM Thu Duc/Hiep Binh Phuoc Hub,in-house,Full-Time,152336,TỐNG HOÀNG VŨ,284,168,0.5915,106,10,2026-10-02 14:30:46
423,50-HCM Thu Duc/Hiep Binh Phuoc Hub,in-house,Full-Time,26249,NGUYỄN ĐỨC VINH,275,167,0.6073,104,4,2026-10-02 14:30:46
423,50-HCM Thu Duc/Hiep Binh Phuoc Hub,in-house,Full-Time,76970,TRƯƠNG QUANG PHƯỚC,326,192,0.589,126,8,2026-10-02 14:30:46
423,50-HCM Thu Duc/Hiep Binh Phuoc Hub,in-house,Full-Time,121736,NGUYỄN CÔNG ĐĂNG,273,163,0.5971,108,2,2026-10-02 14:30:46
423,50-HCM Thu Duc/Hiep Binh Phuoc Hub,in-house,Full-Time,66429,TRẦN THANH TÙNG,284,150,0.5282,129,5,2026-10-02 14:30:46
423,50-HCM Thu Duc/Hiep Binh Phuoc Hub,in-house,Full-Time,161330,NGUYỄN CÔNG ĐỊNH,143,72,0.5035,69,2,2026-10-02 14:30:46
423,50-HCM Thu Duc/Hiep Binh Phuoc Hub,in-house,Full-Time,105666,ĐỖ BÁ LƯỢNG,267,136,0.5094,131,0,2026-10-02 14:30:46
423,50-HCM Thu Duc/Hiep Binh Phuoc Hub,in-house,Full-Time,153807,LÊ HÙNG CƯỜNG,214,45,0.2103,159,10,2026-10-02 14:30:46
93,50-HCM Thu Duc/Linh Trung Hub,in-house,Full-Time,1321,TỪ HIẾU LỄ,86,85,0.9884,0,1,2026-10-02 14:30:46
93,50-HCM Thu Duc/Linh Trung Hub,in-house,Full-Time,19024,NGUYỄN CÔNG THẮNG,150,148,0.9867,0,2,2026-10-02 14:30:46
93,50-HCM Thu Duc/Linh Trung Hub,in-house,Full-Time,22021,NGUYỄN ANH HƯNG,207,200,0.9662,0,7,2026-10-02 14:30:46
93,50-HCM Thu Duc/Linh Trung Hub,in-house,Full-Time,23654,CAO VĂN TUẤN,111,104,0.9369,0,7,2026-10-02 14:30:46
93,50-HCM Thu Duc/Linh Trung Hub,in-house,Full-Time,42000,CAO THANH MINH ĐĂNG,49,49,1,0,0,2026-10-02 14:30:46
93,50-HCM Thu Duc/Linh Trung Hub,in-house,Full-Time,52771,NGUYỄN BÁ KIM LONG,140,137,0.9786,0,3,2026-10-02 14:30:46
93,50-HCM Thu Duc/Linh Trung Hub,in-house,Full-Time,94927,CHÂU GIA BẢO,90,89,0.9889,0,1,2026-10-02 14:30:46
93,50-HCM Thu Duc/Linh Trung Hub,in-house,Full-Time,128815,TRẦN TRỌNG THÁI,215,208,0.9674,2,5,2026-10-02 14:30:46
93,50-HCM Thu Duc/Linh Trung Hub,in-house,Full-Time,20387,LÊ CÔNG ÁI,100,95,0.95,1,4,2026-10-02 14:30:46
93,50-HCM Thu Duc/Linh Trung Hub,in-house,Full-Time,26713,LÂM VĂN THÀNH,164,148,0.9024,2,14,2026-10-02 14:30:46
93,50-HCM Thu Duc/Linh Trung Hub,in-house,Full-Time,20305,NGUYỄN THỤC TUẤN KIỆT,252,228,0.9048,6,18,2026-10-02 14:30:46
93,50-HCM Thu Duc/Linh Trung Hub,in-house,Full-Time,38164,NGUYỄN VĂN ĐÚNG,112,99,0.8839,4,9,2026-10-02 14:30:46
93,50-HCM Thu Duc/Linh Trung Hub,in-house,Full-Time,141825,LÊ VĂN MINH,171,158,0.924,9,4,2026-10-02 14:30:46
93,50-HCM Thu Duc/Linh Trung Hub,in-house,Full-Time,19398,LÝ HOÀNG PHI,223,208,0.9327,13,2,2026-10-02 14:30:46
93,50-HCM Thu Duc/Linh Trung Hub,in-house,Full-Time,153241,NGUYỄN THÁI SƠN,200,178,0.89,14,8,2026-10-02 14:30:46
93,50-HCM Thu Duc/Linh Trung Hub,in-house,Full-Time,43982,PHẠM VĂN HẢI,227,202,0.8899,16,9,2026-10-02 14:30:46
93,50-HCM Thu Duc/Linh Trung Hub,in-house,Full-Time,151352,TRƯƠNG THIỆN CHIẾN,124,111,0.8952,10,3,2026-10-02 14:30:46
93,50-HCM Thu Duc/Linh Trung Hub,in-house,Full-Time,110153,PHẠM THÀNH ĐẠT,158,144,0.9114,13,1,2026-10-02 14:30:46
93,50-HCM Thu Duc/Linh Trung Hub,in-house,Full-Time,4375,ĐẠO CHƯỞNG PHI,225,193,0.8578,22,10,2026-10-02 14:30:46
93,50-HCM Thu Duc/Linh Trung Hub,in-house,Full-Time,14650,ĐẶNG MINH TOÀN,229,205,0.8952,23,1,2026-10-02 14:30:46
93,50-HCM Thu Duc/Linh Trung Hub,in-house,Full-Time,121431,DƯƠNG THẾ VINH,200,172,0.86,26,2,2026-10-02 14:30:46
93,50-HCM Thu Duc/Linh Trung Hub,in-house,Full-Time,127172,ĐINH THỊ ÚT,265,225,0.8491,35,5,2026-10-02 14:30:46
93,50-HCM Thu Duc/Linh Trung Hub,in-house,Full-Time,21669,NGUYỄN VŨ THÁI HOÀNG,282,235,0.8333,38,9,2026-10-02 14:30:46
93,50-HCM Thu Duc/Linh Trung Hub,in-house,Full-Time,109611,ĐOÀN VĂN CHUNG,242,197,0.814,33,12,2026-10-02 14:30:46
93,50-HCM Thu Duc/Linh Trung Hub,in-house,Full-Time,13655,NGUYỄN NGỌC BI,263,215,0.8175,42,6,2026-10-02 14:30:46
93,50-HCM Thu Duc/Linh Trung Hub,in-house,Full-Time,53337,NGUYỄN THÀNH LONG,103,84,0.8155,17,2,2026-10-02 14:30:46
93,50-HCM Thu Duc/Linh Trung Hub,in-house,Full-Time,11221,ĐỖ VĂN ĐẠT,218,178,0.8165,37,3,2026-10-02 14:30:46
93,50-HCM Thu Duc/Linh Trung Hub,in-house,Full-Time,98237,PHẠM HOÀI PHONG,232,187,0.806,41,4,2026-10-02 14:30:46
93,50-HCM Thu Duc/Linh Trung Hub,in-house,Full-Time,93840,NGUYỄN VĂN THUẬN HÒA,154,117,0.7597,28,9,2026-10-02 14:30:46
93,50-HCM Thu Duc/Linh Trung Hub,in-house,Full-Time,140305,NGUYỄN LÊ PHƯƠNG NAM,143,103,0.7203,26,14,2026-10-02 14:30:46
93,50-HCM Thu Duc/Linh Trung Hub,in-house,Full-Time,106566,LÊ DOÃN DŨNG,200,150,0.75,38,12,2026-10-02 14:30:46
93,50-HCM Thu Duc/Linh Trung Hub,in-house,Full-Time,125226,NGUYỄN NGỌC TÂM,214,165,0.771,43,6,2026-10-02 14:30:46
93,50-HCM Thu Duc/Linh Trung Hub,in-house,Full-Time,117304,LÊ THỊ KIM VÀNG,184,146,0.7935,38,0,2026-10-02 14:30:46
93,50-HCM Thu Duc/Linh Trung Hub,in-house,Full-Time,48321,BÙI ANH TUẤN,182,140,0.7692,38,4,2026-10-02 14:30:46
93,50-HCM Thu Duc/Linh Trung Hub,in-house,Full-Time,44968,NGUYỄN HỮU ĐẠT,235,179,0.7617,52,4,2026-10-02 14:30:46
93,50-HCM Thu Duc/Linh Trung Hub,in-house,Full-Time,48322,NGUYỄN ĐĂNG KHUY,316,227,0.7184,76,13,2026-10-02 14:30:46
93,50-HCM Thu Duc/Linh Trung Hub,in-house,Full-Time,52770,ĐINH VĂN NHUNG,274,200,0.7299,72,2,2026-10-02 14:30:46
93,50-HCM Thu Duc/Linh Trung Hub,in-house,Full-Time,138145,TRIỆU ANH PHÁP,146,92,0.6301,44,10,2026-10-02 14:30:46
93,50-HCM Thu Duc/Linh Trung Hub,in-house,Full-Time,127387,ĐÈO VĂN HỢP,210,141,0.6714,64,5,2026-10-02 14:30:46
93,50-HCM Thu Duc/Linh Trung Hub,in-house,Full-Time,143251,HỒ HOÀNG TUẤN,189,131,0.6931,58,0,2026-10-02 14:30:46
93,50-HCM Thu Duc/Linh Trung Hub,in-house,Full-Time,127089,NGÔ MINH ĐỨC,226,152,0.6726,73,1,2026-10-02 14:30:46
93,50-HCM Thu Duc/Linh Trung Hub,in-house,Full-Time,143243,NGUYỄN QUANG NINH,194,126,0.6495,66,2,2026-10-02 14:30:46
93,50-HCM Thu Duc/Linh Trung Hub,in-house,Full-Time,137648,NGUYỄN QUANG HƯỚNG,140,88,0.6286,48,4,2026-10-02 14:30:46
93,50-HCM Thu Duc/Linh Trung Hub,in-house,Full-Time,29915,MAI CHÂN LÝ,247,149,0.6032,94,4,2026-10-02 14:30:46
93,50-HCM Thu Duc/Linh Trung Hub,in-house,Full-Time,35709,BÙI QUỐC TRÍ,287,173,0.6028,111,3,2026-10-02 14:30:46
93,50-HCM Thu Duc/Linh Trung Hub,in-house,Full-Time,21106,TRẦN HỒNG NHẬT,225,135,0.6,89,1,2026-10-02 14:30:46
93,50-HCM Thu Duc/Linh Trung Hub,in-house,Full-Time,25560,NGUYỄN HOÀNG LUÂN,176,94,0.5341,79,3,2026-10-02 14:30:46
93,50-HCM Thu Duc/Linh Trung Hub,in-house,Full-Time,156018,NGUYỄN CAO TIẾN,130,0,0,126,4,2026-10-02 14:30:46
5420,51-HCM Bay Hien/Tai Thiet Hub,in-house,Full-Time,2619,HÀ MINH KHANG,83,78,0.9398,0,5,2026-10-02 14:30:46
5420,51-HCM Bay Hien/Tai Thiet Hub,in-house,Full-Time,6539,NGUYỄN PHÚC TẤN,114,113,0.9912,0,1,2026-10-02 14:30:46
5420,51-HCM Bay Hien/Tai Thiet Hub,in-house,Full-Time,19095,DƯƠNG VĂN LONG,225,215,0.9556,0,10,2026-10-02 14:30:46
5420,51-HCM Bay Hien/Tai Thiet Hub,in-house,Full-Time,96855,VÕ TÂM HOÀI NAM,219,212,0.968,0,7,2026-10-02 14:30:46
5420,51-HCM Bay Hien/Tai Thiet Hub,in-house,Full-Time,100605,ĐẶNG PHƯỚC LIỀN,94,89,0.9468,0,5,2026-10-02 14:30:46
5420,51-HCM Bay Hien/Tai Thiet Hub,in-house,Full-Time,146144,CHÂU GIA TẤN,183,181,0.9891,0,2,2026-10-02 14:30:46
5420,51-HCM Bay Hien/Tai Thiet Hub,in-house,Full-Time,160013,LƯ VĨNH QUÂN,184,181,0.9837,0,3,2026-10-02 14:30:46
5420,51-HCM Bay Hien/Tai Thiet Hub,in-house,Full-Time,109600,VÕ THANH DŨNG,213,210,0.9859,1,2,2026-10-02 14:30:46
5420,51-HCM Bay Hien/Tai Thiet Hub,in-house,Full-Time,544,NGUYỄN ĐÔNG VŨ,197,183,0.9289,1,13,2026-10-02 14:30:46
5420,51-HCM Bay Hien/Tai Thiet Hub,in-house,Full-Time,81188,LÊ THANH TÙNG,233,216,0.927,4,13,2026-10-02 14:30:46
5420,51-HCM Bay Hien/Tai Thiet Hub,in-house,Full-Time,16890,LÊ HUỲNH NGỌC TOÀN AN,273,248,0.9084,10,15,2026-10-02 14:30:46
5420,51-HCM Bay Hien/Tai Thiet Hub,in-house,Full-Time,55569,ĐOÀN NGHĨA HIỆP,222,195,0.8784,24,3,2026-10-02 14:30:46
5420,51-HCM Bay Hien/Tai Thiet Hub,in-house,Full-Time,59131,VÕ HOÀNG SƠN,236,197,0.8347,30,9,2026-10-02 14:30:46
5420,51-HCM Bay Hien/Tai Thiet Hub,in-house,Full-Time,148397,PHẠM BÁ LUÂN,176,132,0.75,32,12,2026-10-02 14:30:46
5420,51-HCM Bay Hien/Tai Thiet Hub,in-house,Full-Time,27291,LÝ TUẤN BẢO,204,150,0.7353,43,11,2026-10-02 14:30:46
5420,51-HCM Bay Hien/Tai Thiet Hub,in-house,Full-Time,56601,TRẦM QUỐC DŨNG,264,193,0.7311,68,3,2026-10-02 14:30:46
5420,51-HCM Bay Hien/Tai Thiet Hub,in-house,Full-Time,77169,NGUYỄN ANH KIỆN,204,147,0.7206,55,2,2026-10-02 14:30:46
5420,51-HCM Bay Hien/Tai Thiet Hub,in-house,Full-Time,94508,TRIỆU PHÚ TÀI,274,186,0.6788,79,9,2026-10-02 14:30:46
5420,51-HCM Bay Hien/Tai Thiet Hub,in-house,Full-Time,58653,NGUYỄN QUỐC VƯƠNG,196,121,0.6173,62,13,2026-10-02 14:30:46
5420,51-HCM Bay Hien/Tai Thiet Hub,in-house,Full-Time,72271,NGUYỄN THÀNH TÀI LỘC,261,175,0.6705,83,3,2026-10-02 14:30:46
5420,51-HCM Bay Hien/Tai Thiet Hub,in-house,Full-Time,18976,TRẦN QUỐC KHÁNH,270,176,0.6519,88,6,2026-10-02 14:30:46
5420,51-HCM Bay Hien/Tai Thiet Hub,in-house,Full-Time,150941,ĐÀO PHÚ TRỌNG,3,2,0.6667,1,0,2026-10-02 14:30:46
5420,51-HCM Bay Hien/Tai Thiet Hub,in-house,Full-Time,150206,HỒ HOÀNG THÔNG,251,150,0.5976,86,15,2026-10-02 14:30:46
5420,51-HCM Bay Hien/Tai Thiet Hub,in-house,Full-Time,107269,NGUYỄN TÀI ANH TÚ,178,107,0.6011,61,10,2026-10-02 14:30:46
5420,51-HCM Bay Hien/Tai Thiet Hub,in-house,Full-Time,122898,TRƯƠNG SƠN HÙNG,191,121,0.6335,66,4,2026-10-02 14:30:46
5420,51-HCM Bay Hien/Tai Thiet Hub,in-house,Full-Time,92737,TRẦN NGỌC PHÚ,333,203,0.6096,116,14,2026-10-02 14:30:46
5420,51-HCM Bay Hien/Tai Thiet Hub,in-house,Full-Time,99122,PHẠM TẤN ĐẠT,299,189,0.6321,108,2,2026-10-02 14:30:46
5420,51-HCM Bay Hien/Tai Thiet Hub,in-house,Full-Time,99703,LÝ NHỰT QUANG,329,201,0.6109,127,1,2026-10-02 14:30:46
5420,51-HCM Bay Hien/Tai Thiet Hub,in-house,Full-Time,8306,HỒ NGỌC PHƯƠNG,282,164,0.5816,110,8,2026-10-02 14:30:46
5420,51-HCM Bay Hien/Tai Thiet Hub,in-house,Full-Time,89711,PHẠM TẤN ĐẠT,361,202,0.5596,156,3,2026-10-02 14:30:46
5420,51-HCM Bay Hien/Tai Thiet Hub,in-house,Full-Time,92001,NGUYỄN THÀNH HƯNG,324,172,0.5309,149,3,2026-10-02 14:30:46
5420,51-HCM Bay Hien/Tai Thiet Hub,in-house,Full-Time,23457,LÂM TẤN BỬU,203,99,0.4877,102,2,2026-10-02 14:30:46
5420,51-HCM Bay Hien/Tai Thiet Hub,in-house,Full-Time,13493,LÊ HỮU ĐỨC,1,0,0,1,0,2026-10-02 14:30:46
2177,51-HCM Binh Chanh/Binh Hung Hub,in-house,Full-Time,2966,NGUYỄN DUY HƯNG,150,149,0.9933,0,1,2026-10-02 14:30:46
2177,51-HCM Binh Chanh/Binh Hung Hub,in-house,Full-Time,6717,TRẦN HIỆN TÂN,80,80,1,0,0,2026-10-02 14:30:46
2177,51-HCM Binh Chanh/Binh Hung Hub,in-house,Full-Time,31613,NGUYỄN THANH PHÚ,84,83,0.9881,0,1,2026-10-02 14:30:46
2177,51-HCM Binh Chanh/Binh Hung Hub,in-house,Full-Time,56449,NGUYỄN HỮU DANH,86,86,1,0,0,2026-10-02 14:30:46
2177,51-HCM Binh Chanh/Binh Hung Hub,in-house,Full-Time,103083,PHẠM VINH HOA,101,97,0.9604,2,2,2026-10-02 14:30:46
2177,51-HCM Binh Chanh/Binh Hung Hub,in-house,Full-Time,71102,VÒNG A MUỘI,160,150,0.9375,10,0,2026-10-02 14:30:46
2177,51-HCM Binh Chanh/Binh Hung Hub,in-house,Full-Time,54212,LÊ MINH THANH,184,154,0.837,22,8,2026-10-02 14:30:46
2177,51-HCM Binh Chanh/Binh Hung Hub,in-house,Full-Time,88551,VÕ SA LIÊM,92,77,0.837,14,1,2026-10-02 14:30:46
2177,51-HCM Binh Chanh/Binh Hung Hub,in-house,Full-Time,47672,VÕ NGỌC GIÀU,179,143,0.7989,33,3,2026-10-02 14:30:46
2177,51-HCM Binh Chanh/Binh Hung Hub,in-house,Full-Time,14544,TRẦN ANH DUY,153,122,0.7974,29,2,2026-10-02 14:30:46
2177,51-HCM Binh Chanh/Binh Hung Hub,in-house,Full-Time,58356,NGUYỄN NGỌC TÂN,212,168,0.7925,44,0,2026-10-02 14:30:46
2177,51-HCM Binh Chanh/Binh Hung Hub,in-house,Full-Time,58654,TRẦN THÁI VINH,260,201,0.7731,54,5,2026-10-02 14:30:46
2177,51-HCM Binh Chanh/Binh Hung Hub,in-house,Full-Time,125558,NGUYỄN VINH QUANG,203,152,0.7488,43,8,2026-10-02 14:30:46
2177,51-HCM Binh Chanh/Binh Hung Hub,in-house,Full-Time,5990,NGUYỄN THANH BÌNH,184,142,0.7717,40,2,2026-10-02 14:30:46
2177,51-HCM Binh Chanh/Binh Hung Hub,in-house,Full-Time,99489,TRẦN MINH TUÂN,153,117,0.7647,36,0,2026-10-02 14:30:46
2177,51-HCM Binh Chanh/Binh Hung Hub,in-house,Full-Time,10103,ĐẶNG VĂN TUẤN,212,155,0.7311,56,1,2026-10-02 14:30:46
2177,51-HCM Binh Chanh/Binh Hung Hub,in-house,Full-Time,75342,ĐỖ HỮU ĐỨC,204,143,0.701,56,5,2026-10-02 14:30:46
2177,51-HCM Binh Chanh/Binh Hung Hub,in-house,Full-Time,146140,PHẠM HỮU HUY,181,129,0.7127,51,1,2026-10-02 14:30:46
2177,51-HCM Binh Chanh/Binh Hung Hub,in-house,Full-Time,114694,HUỲNH THANH TUẤN,180,129,0.7167,51,0,2026-10-02 14:30:46
2177,51-HCM Binh Chanh/Binh Hung Hub,in-house,Full-Time,118317,LƯU CHÍ TUẤN,205,145,0.7073,60,0,2026-10-02 14:30:46
2177,51-HCM Binh Chanh/Binh Hung Hub,in-house,Full-Time,131045,ĐỖ NGỌC THANH,160,111,0.6938,48,1,2026-10-02 14:30:46
2177,51-HCM Binh Chanh/Binh Hung Hub,in-house,Full-Time,52472,NGUYỄN HOÀNG TRỊ,207,140,0.6763,63,4,2026-10-02 14:30:46
2177,51-HCM Binh Chanh/Binh Hung Hub,in-house,Full-Time,52461,LƯU THANH TOÀN,141,97,0.6879,43,1,2026-10-02 14:30:46
2177,51-HCM Binh Chanh/Binh Hung Hub,in-house,Full-Time,140078,TRẦN HUY THÀNH,170,111,0.6529,54,5,2026-10-02 14:30:46
2177,51-HCM Binh Chanh/Binh Hung Hub,in-house,Full-Time,148900,BÙI TRÍ DŨ,142,89,0.6268,46,7,2026-10-02 14:30:46
2177,51-HCM Binh Chanh/Binh Hung Hub,in-house,Full-Time,13067,LÊ XUÂN DỰ,247,161,0.6518,81,5,2026-10-02 14:30:46
2177,51-HCM Binh Chanh/Binh Hung Hub,in-house,Full-Time,125892,TRẦN MINH AN,141,92,0.6525,47,2,2026-10-02 14:30:46
2177,51-HCM Binh Chanh/Binh Hung Hub,in-house,Full-Time,136984,LÝ HOÀNG NHỰT,159,97,0.6101,53,9,2026-10-02 14:30:46
2177,51-HCM Binh Chanh/Binh Hung Hub,in-house,Full-Time,153811,TRẦN VIỆT DŨNG,135,82,0.6074,45,8,2026-10-02 14:30:46
2177,51-HCM Binh Chanh/Binh Hung Hub,in-house,Full-Time,25390,TRẦN QUANG MINH,158,99,0.6266,53,6,2026-10-02 14:30:46
2177,51-HCM Binh Chanh/Binh Hung Hub,in-house,Full-Time,12094,VÕ VĂN THÀNH,163,104,0.638,55,4,2026-10-02 14:30:46
2177,51-HCM Binh Chanh/Binh Hung Hub,in-house,Full-Time,6933,LÊ TRUNG HIẾU,149,94,0.6309,52,3,2026-10-02 14:30:46
2177,51-HCM Binh Chanh/Binh Hung Hub,in-house,Full-Time,156840,BÙI HOÀNG NAM,199,122,0.6131,72,5,2026-10-02 14:30:46
2177,51-HCM Binh Chanh/Binh Hung Hub,in-house,Full-Time,139209,TRẦN VĂN VŨ,136,81,0.5956,50,5,2026-10-02 14:30:46
2177,51-HCM Binh Chanh/Binh Hung Hub,in-house,Full-Time,141823,ĐẶNG ĐÌNH QUANG,182,114,0.6264,67,1,2026-10-02 14:30:46
2177,51-HCM Binh Chanh/Binh Hung Hub,in-house,Full-Time,44664,NGUYỄN HOÀNG TUẤN,175,101,0.5771,66,8,2026-10-02 14:30:46
2177,51-HCM Binh Chanh/Binh Hung Hub,in-house,Full-Time,13562,NGUYỄN THẾ HẢI,198,122,0.6162,75,1,2026-10-02 14:30:46
2177,51-HCM Binh Chanh/Binh Hung Hub,in-house,Full-Time,88500,VÕ NHỰT MINH,137,83,0.6058,54,0,2026-10-02 14:30:46
2177,51-HCM Binh Chanh/Binh Hung Hub,in-house,Full-Time,44979,LƯƠNG KỲ LONG,207,122,0.5894,82,3,2026-10-02 14:30:46
2177,51-HCM Binh Chanh/Binh Hung Hub,in-house,Full-Time,130531,NGUYỄN TẤN KHANG,207,123,0.5942,84,0,2026-10-02 14:30:46
2177,51-HCM Binh Chanh/Binh Hung Hub,in-house,Full-Time,88083,NGUYỄN KHÁNH DUY,218,112,0.5138,90,16,2026-10-02 14:30:46
2177,51-HCM Binh Chanh/Binh Hung Hub,in-house,Full-Time,161592,NGUYỄN HUỲNH CÔNG HẬU,170,97,0.5706,71,2,2026-10-02 14:30:46
2177,51-HCM Binh Chanh/Binh Hung Hub,in-house,Full-Time,44141,CAO VĂN VŨ,210,118,0.5619,88,4,2026-10-02 14:30:46
2177,51-HCM Binh Chanh/Binh Hung Hub,in-house,Full-Time,47609,TĂNG THÀNH VINH,181,104,0.5746,77,0,2026-10-02 14:30:46
2177,51-HCM Binh Chanh/Binh Hung Hub,in-house,Full-Time,133077,LÊ HỮU VINH,162,89,0.5494,72,1,2026-10-02 14:30:46
2177,51-HCM Binh Chanh/Binh Hung Hub,in-house,Full-Time,109178,TRẦN NHẤT PHONG,204,108,0.5294,91,5,2026-10-02 14:30:46
2177,51-HCM Binh Chanh/Binh Hung Hub,in-house,Full-Time,136991,NGUYỄN NHỰT NAM,168,85,0.506,75,8,2026-10-02 14:30:46
2177,51-HCM Binh Chanh/Binh Hung Hub,in-house,Full-Time,139210,VÕ PHƯỚC LỘC,137,75,0.5474,62,0,2026-10-02 14:30:46
2177,51-HCM Binh Chanh/Binh Hung Hub,in-house,Full-Time,88397,LÊ QUÝ HẢO,174,93,0.5345,80,1,2026-10-02 14:30:46
2177,51-HCM Binh Chanh/Binh Hung Hub,in-house,Full-Time,159057,PHẠM NGỌC LỢI,141,71,0.5035,69,1,2026-10-02 14:30:46
2177,51-HCM Binh Chanh/Binh Hung Hub,in-house,Full-Time,24110,HUỲNH TẤN TÀI,259,119,0.4595,127,13,2026-10-02 14:30:46
2177,51-HCM Binh Chanh/Binh Hung Hub,in-house,Full-Time,30804,TRẦN QUỐC ANH,263,122,0.4639,135,6,2026-10-02 14:30:46
2177,51-HCM Binh Chanh/Binh Hung Hub,in-house,Full-Time,88502,LƯU NHẬT DUY,168,69,0.4107,88,11,2026-10-02 14:30:46
2177,51-HCM Binh Chanh/Binh Hung Hub,in-house,Full-Time,43294,TRẦN NGỌC ĐÔNG,176,78,0.4432,96,2,2026-10-02 14:30:46
2177,51-HCM Binh Chanh/Binh Hung Hub,in-house,Full-Time,46525,NGUYỄN LƯU HOÀNG ĐỨC,204,73,0.3578,117,14,2026-10-02 14:30:46
2177,51-HCM Binh Chanh/Binh Hung Hub,in-house,Full-Time,136664,ĐỖ VIỆT THẮNG,204,71,0.348,132,1,2026-10-02 14:30:46
2177,51-HCM Binh Chanh/Binh Hung Hub,in-house,Full-Time,155814,NGUYỄN NHẬT MINH,133,22,0.1654,104,7,2026-10-02 14:30:46
2177,51-HCM Binh Chanh/Binh Hung Hub,in-house,Full-Time,24989,NGUYỄN BẢO TUẤN,89,0,0,89,0,2026-10-02 14:30:46
4719,51-HCM Binh Chanh/Tan Quy Tay Hub,in-house,Full-Time,9133,LÊ VŨ CA,202,202,1,0,0,2026-10-02 14:30:46
4719,51-HCM Binh Chanh/Tan Quy Tay Hub,in-house,Full-Time,22872,HOÀNG HÀO QUANG,107,96,0.8972,0,11,2026-10-02 14:30:46
4719,51-HCM Binh Chanh/Tan Quy Tay Hub,in-house,Full-Time,44827,NGUYỄN TUẤN VŨ,148,138,0.9324,0,10,2026-10-02 14:30:46
4719,51-HCM Binh Chanh/Tan Quy Tay Hub,in-house,Full-Time,119192,BÙI TẤN PHONG,110,101,0.9182,0,9,2026-10-02 14:30:46
4719,51-HCM Binh Chanh/Tan Quy Tay Hub,in-house,Full-Time,154712,TRƯƠNG TẤN ĐỨC,53,46,0.8679,0,7,2026-10-02 14:30:46
4719,51-HCM Binh Chanh/Tan Quy Tay Hub,in-house,Full-Time,156841,ĐẶNG HOÀNG KHẢI,92,91,0.9891,0,1,2026-10-02 14:30:46
4719,51-HCM Binh Chanh/Tan Quy Tay Hub,in-house,Full-Time,22563,LÊ NHỰT MINH,158,148,0.9367,1,9,2026-10-02 14:30:46
4719,51-HCM Binh Chanh/Tan Quy Tay Hub,in-house,Full-Time,22151,DƯƠNG TRUNG KIÊN,119,102,0.8571,1,16,2026-10-02 14:30:46
4719,51-HCM Binh Chanh/Tan Quy Tay Hub,in-house,Full-Time,19950,ĐIỂU HOÀNG PHÚC,160,144,0.9,4,12,2026-10-02 14:30:46
4719,51-HCM Binh Chanh/Tan Quy Tay Hub,in-house,Full-Time,29893,DIỆP BẢO HÒA,183,167,0.9126,8,8,2026-10-02 14:30:46
4719,51-HCM Binh Chanh/Tan Quy Tay Hub,in-house,Full-Time,123081,LÊ HOÀNG PHÚC,120,112,0.9333,7,1,2026-10-02 14:30:46
4719,51-HCM Binh Chanh/Tan Quy Tay Hub,in-house,Full-Time,87490,NGUYỄN NHỰT TRƯỜNG,148,131,0.8851,10,7,2026-10-02 14:30:46
4719,51-HCM Binh Chanh/Tan Quy Tay Hub,in-house,Full-Time,108243,NGUYỄN TRẦN THANH PHÚC,161,146,0.9068,11,4,2026-10-02 14:30:46
4719,51-HCM Binh Chanh/Tan Quy Tay Hub,in-house,Full-Time,51572,LẠI PHƯỚC LỘC,144,126,0.875,10,8,2026-10-02 14:30:46
4719,51-HCM Binh Chanh/Tan Quy Tay Hub,in-house,Full-Time,91634,HUỲNH HỮU ĐỨC,164,144,0.878,13,7,2026-10-02 14:30:46
4719,51-HCM Binh Chanh/Tan Quy Tay Hub,in-house,Full-Time,119194,TRẦN MINH TRUNG,164,146,0.8902,17,1,2026-10-02 14:30:46
4719,51-HCM Binh Chanh/Tan Quy Tay Hub,in-house,Full-Time,162621,ĐẶNG THÀNH MINH CHÂU,71,62,0.8732,8,1,2026-10-02 14:30:46
4719,51-HCM Binh Chanh/Tan Quy Tay Hub,in-house,Full-Time,116400,NGUYỄN VĂN NÚP,179,151,0.8436,25,3,2026-10-02 14:30:46
4719,51-HCM Binh Chanh/Tan Quy Tay Hub,in-house,Full-Time,130529,NGUYỄN ANH HÀO,158,129,0.8165,29,0,2026-10-02 14:30:46
4719,51-HCM Binh Chanh/Tan Quy Tay Hub,in-house,Full-Time,155595,TRẦN THANH VINH,136,106,0.7794,25,5,2026-10-02 14:30:46
4719,51-HCM Binh Chanh/Tan Quy Tay Hub,in-house,Full-Time,102395,TRẦN TRANG ANH TUẤN,185,142,0.7676,41,2,2026-10-02 14:30:46
4719,51-HCM Binh Chanh/Tan Quy Tay Hub,in-house,Full-Time,92935,ĐẶNG HOÀNG TUẤN,164,118,0.7195,37,9,2026-10-02 14:30:46
4719,51-HCM Binh Chanh/Tan Quy Tay Hub,in-house,Full-Time,162513,NGUYỄN THANH SANG,66,47,0.7121,17,2,2026-10-02 14:30:46
4719,51-HCM Binh Chanh/Tan Quy Tay Hub,in-house,Full-Time,49840,BÙI HỒNG LÂM,130,93,0.7154,36,1,2026-10-02 14:30:46
4719,51-HCM Binh Chanh/Tan Quy Tay Hub,in-house,Full-Time,149449,TRẦN NGỌC TIÊN,128,79,0.6172,42,7,2026-10-02 14:30:46
4719,51-HCM Binh Chanh/Tan Quy Tay Hub,in-house,Full-Time,95566,BÙI TRÍ LUÂN,139,91,0.6547,47,1,2026-10-02 14:30:46
4719,51-HCM Binh Chanh/Tan Quy Tay Hub,in-house,Full-Time,16689,VÕ MINH QUÂN,196,126,0.6462,68,1,2026-10-02 14:30:46
4719,51-HCM Binh Chanh/Tan Quy Tay Hub,in-house,Full-Time,146905,NGUYỄN CÔNG DANH,139,81,0.5827,58,0,2026-10-02 14:30:46
4719,51-HCM Binh Chanh/Tan Quy Tay Hub,in-house,Full-Time,137647,TRẦN TẤN KIỆT,125,70,0.56,55,0,2026-10-02 14:30:46
4719,51-HCM Binh Chanh/Tan Quy Tay Hub,in-house,Full-Time,139205,NGUYỄN TRUNG HIẾU,154,82,0.5325,72,0,2026-10-02 14:30:46
4719,51-HCM Binh Chanh/Tan Quy Tay Hub,in-house,Full-Time,145291,LÊ NGỌC HIỀN,249,113,0.4538,136,0,2026-10-02 14:30:46
4719,51-HCM Binh Chanh/Tan Quy Tay Hub,in-house,Full-Time,48370,TRỊNH GIA OAI,188,79,0.4247,106,1,2026-10-02 14:30:46
4628,51-HCM Binh Chanh/Tan Vinh Loc Hub,in-house,Full-Time,37799,NGUYỄN KIM SANG,1,1,1,0,0,2026-10-02 14:30:46
4628,51-HCM Binh Chanh/Tan Vinh Loc Hub,in-house,Full-Time,119510,NGUYỄN NGỌC TRIỆU,134,125,0.9328,4,5,2026-10-02 14:30:46
4628,51-HCM Binh Chanh/Tan Vinh Loc Hub,in-house,Full-Time,131644,NGUYỄN VĂN TIẾN,157,139,0.8854,13,5,2026-10-02 14:30:46
4628,51-HCM Binh Chanh/Tan Vinh Loc Hub,in-house,Full-Time,25420,TRƯƠNG VĂN HẬU,204,164,0.8039,36,4,2026-10-02 14:30:46
4628,51-HCM Binh Chanh/Tan Vinh Loc Hub,in-house,Full-Time,25353,HỒ THỊ BÍCH HỢP,224,178,0.7946,44,2,2026-10-02 14:30:46
4628,51-HCM Binh Chanh/Tan Vinh Loc Hub,in-house,Full-Time,143476,ĐÀM TẤN LỢI,93,72,0.7742,19,2,2026-10-02 14:30:46
4628,51-HCM Binh Chanh/Tan Vinh Loc Hub,in-house,Full-Time,153998,ĐẶNG VÕ THÀNH NHÂN,134,101,0.7537,28,5,2026-10-02 14:30:46
4628,51-HCM Binh Chanh/Tan Vinh Loc Hub,in-house,Full-Time,142532,TRẦN QUỐC CƯỜNG,190,144,0.7579,42,4,2026-10-02 14:30:46
4628,51-HCM Binh Chanh/Tan Vinh Loc Hub,in-house,Full-Time,56453,HUỲNH CƠ,280,210,0.75,62,8,2026-10-02 14:30:46
4628,51-HCM Binh Chanh/Tan Vinh Loc Hub,in-house,Full-Time,98038,NGUYỄN ĐÌNH ANH QUÂN,214,159,0.743,48,7,2026-10-02 14:30:46
4628,51-HCM Binh Chanh/Tan Vinh Loc Hub,in-house,Full-Time,19752,TRẦN QUỐC TỊCH,229,161,0.7031,59,9,2026-10-02 14:30:46
4628,51-HCM Binh Chanh/Tan Vinh Loc Hub,in-house,Full-Time,137681,PHAN BẢO ĐẠT,209,140,0.6699,64,5,2026-10-02 14:30:46
4628,51-HCM Binh Chanh/Tan Vinh Loc Hub,in-house,Full-Time,8855,ĐẶNG BẢO LONG,159,101,0.6352,55,3,2026-10-02 14:30:46
4628,51-HCM Binh Chanh/Tan Vinh Loc Hub,in-house,Full-Time,138629,BÙI VĂN PHÚC,152,89,0.5855,57,6,2026-10-02 14:30:46
4628,51-HCM Binh Chanh/Tan Vinh Loc Hub,in-house,Full-Time,66110,LÂM BÌNH HIẾU,218,132,0.6055,83,3,2026-10-02 14:30:46
4628,51-HCM Binh Chanh/Tan Vinh Loc Hub,in-house,Full-Time,118315,VÕ MINH THƯỞNG,193,113,0.5855,74,6,2026-10-02 14:30:46
4628,51-HCM Binh Chanh/Tan Vinh Loc Hub,in-house,Full-Time,161179,TRẦN QUỐC KHÁNH,113,55,0.4867,53,5,2026-10-02 14:30:46
4628,51-HCM Binh Chanh/Tan Vinh Loc Hub,in-house,Full-Time,33031,NỊNH VĂN LÀM,266,127,0.4774,136,3,2026-10-02 14:30:46
4628,51-HCM Binh Chanh/Tan Vinh Loc Hub,in-house,Full-Time,61653,TRẦN THÀNH THÁI,244,91,0.373,149,4,2026-10-02 14:30:46
4628,51-HCM Binh Chanh/Tan Vinh Loc Hub,in-house,Full-Time,141957,CHUNG TRẦN HỮU LỘC,180,45,0.25,131,4,2026-10-02 14:30:46
4628,51-HCM Binh Chanh/Tan Vinh Loc Hub,in-house,Full-Time,139215,NGUYỄN MINH DŨNG,222,54,0.2432,162,6,2026-10-02 14:30:46
4628,51-HCM Binh Chanh/Tan Vinh Loc Hub,in-house,Full-Time,66108,LƯU THANH VŨ,0,0,0,0,0,2026-10-02 14:30:46
2440,51-HCM Binh Chanh/Tran Van Giau Hub,in-house,Full-Time,82093,DƯƠNG THỊ THANH TUYỀN,171,153,0.8947,11,7,2026-10-02 14:30:46
2440,51-HCM Binh Chanh/Tran Van Giau Hub,in-house,Full-Time,150683,MAI BẢO NGỌC,122,109,0.8934,9,4,2026-10-02 14:30:46
2440,51-HCM Binh Chanh/Tran Van Giau Hub,in-house,Full-Time,7577,LÝ MINH TOÀN,226,198,0.8761,27,1,2026-10-02 14:30:46
2440,51-HCM Binh Chanh/Tran Van Giau Hub,in-house,Full-Time,79757,PHAN TRƯỜNG AN,288,215,0.7465,67,6,2026-10-02 14:30:46
2440,51-HCM Binh Chanh/Tran Van Giau Hub,in-house,Full-Time,152052,TRƯƠNG VĂN TOÀN,164,101,0.6159,60,3,2026-10-02 14:30:46
2440,51-HCM Binh Chanh/Tran Van Giau Hub,in-house,Full-Time,33120,NGUYỄN VĂN TẠM,253,148,0.585,101,4,2026-10-02 14:30:46
2440,51-HCM Binh Chanh/Tran Van Giau Hub,in-house,Full-Time,117097,TRẦN NGUYÊN HUÂN,209,104,0.4976,93,12,2026-10-02 14:30:46
2440,51-HCM Binh Chanh/Tran Van Giau Hub,in-house,Full-Time,152048,TRẦN HOÀNG SƠN,139,65,0.4676,73,1,2026-10-02 14:30:46
2440,51-HCM Binh Chanh/Tran Van Giau Hub,in-house,Full-Time,78708,ĐỖ HOÀNG NHÂN,148,57,0.3851,86,5,2026-10-02 14:30:46
2440,51-HCM Binh Chanh/Tran Van Giau Hub,in-house,Full-Time,143246,TRẦN LONG NHẬT,156,35,0.2244,120,1,2026-10-02 14:30:46
2440,51-HCM Binh Chanh/Tran Van Giau Hub,in-house,Full-Time,90050,NGUYỄN TRUNG TÍN,238,35,0.1471,200,3,2026-10-02 14:30:46
2011,51-HCM Binh Chanh/Vinh Loc A Hub,in-house,Full-Time,155313,VÕ VĂN QUỐC,146,128,0.8767,7,11,2026-10-02 14:30:46
2011,51-HCM Binh Chanh/Vinh Loc A Hub,in-house,Full-Time,63776,PHẠM HOÀNG ANH VŨ,138,125,0.9058,9,4,2026-10-02 14:30:46
2011,51-HCM Binh Chanh/Vinh Loc A Hub,in-house,Full-Time,151356,HUỲNH CÔNG HIẾU,89,81,0.9101,6,2,2026-10-02 14:30:46
2011,51-HCM Binh Chanh/Vinh Loc A Hub,in-house,Full-Time,30294,NGUYỄN TRUNG LUÂN,161,125,0.7764,21,15,2026-10-02 14:30:46
2011,51-HCM Binh Chanh/Vinh Loc A Hub,in-house,Full-Time,12761,LÊ HỒNG NHÂN,131,106,0.8092,20,5,2026-10-02 14:30:46
2011,51-HCM Binh Chanh/Vinh Loc A Hub,in-house,Full-Time,11877,LÂM ĐỨC THẮNG,174,124,0.7126,38,12,2026-10-02 14:30:46
2011,51-HCM Binh Chanh/Vinh Loc A Hub,in-house,Full-Time,150810,VŨ BẢO KHÁNH,171,117,0.6842,43,11,2026-10-02 14:30:46
2011,51-HCM Binh Chanh/Vinh Loc A Hub,in-house,Full-Time,149955,NGUYỄN THỊ HỒNG LOAN,126,87,0.6905,32,7,2026-10-02 14:30:46
2011,51-HCM Binh Chanh/Vinh Loc A Hub,in-house,Full-Time,155161,HÀ KHÁNH PHƯỚC,136,89,0.6544,42,5,2026-10-02 14:30:46
2011,51-HCM Binh Chanh/Vinh Loc A Hub,in-house,Full-Time,140301,NGUYỄN TRUNG KHÉO,198,131,0.6616,65,2,2026-10-02 14:30:46
2011,51-HCM Binh Chanh/Vinh Loc A Hub,in-house,Full-Time,148496,LÊ HỮU TRUNG KIÊN,204,125,0.6127,71,8,2026-10-02 14:30:46
2011,51-HCM Binh Chanh/Vinh Loc A Hub,in-house,Full-Time,98897,LÊ CÔNG LƯỢNG,186,109,0.586,65,12,2026-10-02 14:30:46
2011,51-HCM Binh Chanh/Vinh Loc A Hub,in-house,Full-Time,152860,PHAN TẤN ĐẠT,183,103,0.5628,75,5,2026-10-02 14:30:46
2011,51-HCM Binh Chanh/Vinh Loc A Hub,in-house,Full-Time,142540,NGUYỄN VĂN QUANG,223,118,0.5291,94,11,2026-10-02 14:30:46
2011,51-HCM Binh Chanh/Vinh Loc A Hub,in-house,Full-Time,163288,NGUYỄN MINH HIỀN,92,53,0.5761,39,0,2026-10-02 14:30:46
2011,51-HCM Binh Chanh/Vinh Loc A Hub,in-house,Full-Time,141815,HỒ TRUNG THÀNH,304,168,0.5526,135,1,2026-10-02 14:30:46
2011,51-HCM Binh Chanh/Vinh Loc A Hub,in-house,Full-Time,36501,NGUYỄN VĂN CƯỜNG,435,228,0.5241,201,6,2026-10-02 14:30:46
2011,51-HCM Binh Chanh/Vinh Loc A Hub,in-house,Full-Time,158680,HÀ HẢI LÂM,139,64,0.4604,70,5,2026-10-02 14:30:46
2011,51-HCM Binh Chanh/Vinh Loc A Hub,in-house,Full-Time,152863,LÊ NGỌC PHƯỚC SANG,291,134,0.4605,152,5,2026-10-02 14:30:46
2011,51-HCM Binh Chanh/Vinh Loc A Hub,in-house,Full-Time,125217,PHẠM VÕ QUỐC ANH,239,84,0.3515,150,5,2026-10-02 14:30:46
1877,51-HCM Binh Tan/Binh Hung Hoa B Hub,in-house,Full-Time,90343,LÝ QUỐC TRUNG,220,215,0.9773,2,3,2026-10-02 14:30:46
1877,51-HCM Binh Tan/Binh Hung Hoa B Hub,in-house,Full-Time,82091,TRẦN TRỌNG NGHĨA,173,167,0.9653,3,3,2026-10-02 14:30:46
1877,51-HCM Binh Tan/Binh Hung Hoa B Hub,in-house,Full-Time,102200,TRẦN QUANG VINH,202,194,0.9604,6,2,2026-10-02 14:30:46
1877,51-HCM Binh Tan/Binh Hung Hoa B Hub,in-house,Full-Time,163290,NGUYỄN VĂN GIA KHÁNH,70,64,0.9143,4,2,2026-10-02 14:30:46
1877,51-HCM Binh Tan/Binh Hung Hoa B Hub,in-house,Full-Time,101590,LƯƠNG CHÍ ĐÔNG,242,214,0.8843,23,5,2026-10-02 14:30:46
1877,51-HCM Binh Tan/Binh Hung Hoa B Hub,in-house,Full-Time,111168,HỒ BẢO TÂM,198,167,0.8434,26,5,2026-10-02 14:30:46
1877,51-HCM Binh Tan/Binh Hung Hoa B Hub,in-house,Full-Time,153021,PHẠM LÊ QUỐC MINH,229,184,0.8035,40,5,2026-10-02 14:30:46
1877,51-HCM Binh Tan/Binh Hung Hoa B Hub,in-house,Full-Time,92926,TẠ HOÀNG KIM,311,246,0.791,59,6,2026-10-02 14:30:46
1877,51-HCM Binh Tan/Binh Hung Hoa B Hub,in-house,Full-Time,100931,NGUYỄN HOÀNG SANG,175,133,0.76,35,7,2026-10-02 14:30:46
1877,51-HCM Binh Tan/Binh Hung Hoa B Hub,in-house,Full-Time,8853,MAI THÀNH TÂM,253,179,0.7075,64,10,2026-10-02 14:30:46
1877,51-HCM Binh Tan/Binh Hung Hoa B Hub,in-house,Full-Time,101586,NGUYỄN MINH KHANG,234,163,0.6966,64,7,2026-10-02 14:30:46
1877,51-HCM Binh Tan/Binh Hung Hoa B Hub,in-house,Full-Time,34378,LÊ VĂN BẠO,267,185,0.6929,80,2,2026-10-02 14:30:46
1877,51-HCM Binh Tan/Binh Hung Hoa B Hub,in-house,Full-Time,38405,DANH THẾ QUANG,272,184,0.6765,83,5,2026-10-02 14:30:46
1877,51-HCM Binh Tan/Binh Hung Hoa B Hub,in-house,Full-Time,37173,TRẦN QUỐC HƯNG,310,202,0.6516,95,13,2026-10-02 14:30:46
1877,51-HCM Binh Tan/Binh Hung Hoa B Hub,in-house,Full-Time,10117,TRẦN TUẤN HIẾU,320,213,0.6656,101,6,2026-10-02 14:30:46
1877,51-HCM Binh Tan/Binh Hung Hoa B Hub,in-house,Full-Time,123389,TRẦN GIA HUY,202,131,0.6485,67,4,2026-10-02 14:30:46
1877,51-HCM Binh Tan/Binh Hung Hoa B Hub,in-house,Full-Time,88761,NGUYỄN TRỌNG HIẾU,273,176,0.6447,93,4,2026-10-02 14:30:46
1877,51-HCM Binh Tan/Binh Hung Hoa B Hub,in-house,Full-Time,127629,LÝ HẰNG DINH,212,133,0.6274,75,4,2026-10-02 14:30:46
1877,51-HCM Binh Tan/Binh Hung Hoa B Hub,in-house,Full-Time,72973,NGUYỄN KHOA TRẠNG,227,144,0.6344,82,1,2026-10-02 14:30:46
1877,51-HCM Binh Tan/Binh Hung Hoa B Hub,in-house,Full-Time,126920,PHÙNG THANH ĐỨC,283,168,0.5936,109,6,2026-10-02 14:30:46
1877,51-HCM Binh Tan/Binh Hung Hoa B Hub,in-house,Full-Time,142817,TRẦN ĐÌNH TÙNG,213,118,0.554,87,8,2026-10-02 14:30:46
1877,51-HCM Binh Tan/Binh Hung Hoa B Hub,in-house,Full-Time,26905,VĂN THIỆU VINH,231,131,0.5671,98,2,2026-10-02 14:30:46
1877,51-HCM Binh Tan/Binh Hung Hoa B Hub,in-house,Full-Time,101299,NGUYỄN TRUNG PHƯƠNG,263,132,0.5019,113,18,2026-10-02 14:30:46
1877,51-HCM Binh Tan/Binh Hung Hoa B Hub,in-house,Full-Time,117303,NGÔ ĐẠI DUY,306,162,0.5294,133,11,2026-10-02 14:30:46
1877,51-HCM Binh Tan/Binh Hung Hoa B Hub,in-house,Full-Time,136978,NGUYỄN HOÀNG LONG,123,60,0.4878,56,7,2026-10-02 14:30:46
1877,51-HCM Binh Tan/Binh Hung Hoa B Hub,in-house,Full-Time,127920,GIÁP QUANG LINH,217,105,0.4839,108,4,2026-10-02 14:30:46
1877,51-HCM Binh Tan/Binh Hung Hoa B Hub,in-house,Full-Time,160009,NGÔ HOÀNG KHA,214,95,0.4439,118,1,2026-10-02 14:30:46
1877,51-HCM Binh Tan/Binh Hung Hoa B Hub,in-house,Full-Time,155593,HỒ THANH TUẤN,240,98,0.4083,135,7,2026-10-02 14:30:46
1877,51-HCM Binh Tan/Binh Hung Hoa B Hub,in-house,Full-Time,162284,LÊ TUẤN KIỆT,185,58,0.3135,118,9,2026-10-02 14:30:46
1877,51-HCM Binh Tan/Binh Hung Hoa B Hub,in-house,Full-Time,10736,LÊ HOÀNG TÚ,245,82,0.3347,159,4,2026-10-02 14:30:46
1877,51-HCM Binh Tan/Binh Hung Hoa B Hub,in-house,Full-Time,159050,DƯƠNG THÀNH NAM,190,51,0.2684,130,9,2026-10-02 14:30:46
1877,51-HCM Binh Tan/Binh Hung Hoa B Hub,in-house,Full-Time,87036,NGUYỄN HOÀNG PHI ÂN,0,0,0,0,0,2026-10-02 14:30:46
2053,51-HCM Binh Tan/Binh Tri Dong A Hub,in-house,Full-Time,110273,NGUYỄN TRUNG HIẾU,119,118,0.9916,0,1,2026-10-02 14:30:46
2053,51-HCM Binh Tan/Binh Tri Dong A Hub,in-house,Full-Time,80679,LƯƠNG QUANG TIẾN,189,174,0.9206,1,14,2026-10-02 14:30:46
2053,51-HCM Binh Tan/Binh Tri Dong A Hub,in-house,Full-Time,122899,LIÊN HOÀNG PHÚ,221,186,0.8416,19,16,2026-10-02 14:30:46
2053,51-HCM Binh Tan/Binh Tri Dong A Hub,in-house,Full-Time,9980,ĐOÀN CÔNG TƯỜNG,270,229,0.8481,30,11,2026-10-02 14:30:46
2053,51-HCM Binh Tan/Binh Tri Dong A Hub,in-house,Full-Time,120393,NGUYỄN TRUNG VĨNH,171,148,0.8655,19,4,2026-10-02 14:30:46
2053,51-HCM Binh Tan/Binh Tri Dong A Hub,in-house,Full-Time,44736,NGUYỄN HOÀNG MINH,291,248,0.8522,34,9,2026-10-02 14:30:46
2053,51-HCM Binh Tan/Binh Tri Dong A Hub,in-house,Full-Time,11230,NGUYỄN ANH KHOA,349,303,0.8682,44,2,2026-10-02 14:30:46
2053,51-HCM Binh Tan/Binh Tri Dong A Hub,in-house,Full-Time,155444,HÀ MY NÊ,158,124,0.7848,25,9,2026-10-02 14:30:46
2053,51-HCM Binh Tan/Binh Tri Dong A Hub,in-house,Full-Time,83918,NGUYỄN CHÍ TÂM,232,177,0.7629,47,8,2026-10-02 14:30:46
2053,51-HCM Binh Tan/Binh Tri Dong A Hub,in-house,Full-Time,139208,LÊ TẤN TÀI,105,74,0.7048,25,6,2026-10-02 14:30:46
2053,51-HCM Binh Tan/Binh Tri Dong A Hub,in-house,Full-Time,97118,PHAN CÔNG TIẾN,202,146,0.7228,54,2,2026-10-02 14:30:46
2053,51-HCM Binh Tan/Binh Tri Dong A Hub,in-house,Full-Time,139024,THẠCH QUỐC BẢO,202,143,0.7079,57,2,2026-10-02 14:30:46
2053,51-HCM Binh Tan/Binh Tri Dong A Hub,in-house,Full-Time,19916,TRẦN VĂN HOÀNG,281,201,0.7153,80,0,2026-10-02 14:30:46
2053,51-HCM Binh Tan/Binh Tri Dong A Hub,in-house,Full-Time,68975,TRANG TÍCH ĐỨC,206,129,0.6262,60,17,2026-10-02 14:30:46
2053,51-HCM Binh Tan/Binh Tri Dong A Hub,in-house,Full-Time,9978,NGUYỄN VĂN DŨNG,263,183,0.6958,80,0,2026-10-02 14:30:46
2053,51-HCM Binh Tan/Binh Tri Dong A Hub,in-house,Full-Time,13488,NÌM CHÁNH TÚ,254,171,0.6732,81,2,2026-10-02 14:30:46
2053,51-HCM Binh Tan/Binh Tri Dong A Hub,in-house,Full-Time,106902,ĐOÀN XUÂN KHÁNH,216,140,0.6481,74,2,2026-10-02 14:30:46
2053,51-HCM Binh Tan/Binh Tri Dong A Hub,in-house,Full-Time,46103,PHAN VĂN TUẤN,247,153,0.6194,85,9,2026-10-02 14:30:46
2053,51-HCM Binh Tan/Binh Tri Dong A Hub,in-house,Full-Time,89236,PHẠM NGUYỄN NGỌC HÙNG,146,94,0.6438,51,1,2026-10-02 14:30:46
2053,51-HCM Binh Tan/Binh Tri Dong A Hub,in-house,Full-Time,32028,NÌM CHÁNH QUYỀN,232,145,0.625,82,5,2026-10-02 14:30:46
2053,51-HCM Binh Tan/Binh Tri Dong A Hub,in-house,Full-Time,50149,PHAN TUẤN KIỆT,240,146,0.6083,86,8,2026-10-02 14:30:46
2053,51-HCM Binh Tan/Binh Tri Dong A Hub,in-house,Full-Time,79869,PHAN VINH HOÀ,276,167,0.6051,103,6,2026-10-02 14:30:46
2053,51-HCM Binh Tan/Binh Tri Dong A Hub,in-house,Full-Time,120885,CHÂU VÂN HẢI,222,125,0.5631,92,5,2026-10-02 14:30:46
2053,51-HCM Binh Tan/Binh Tri Dong A Hub,in-house,Full-Time,162926,LÊ ĐỖ TÀI,153,76,0.4967,65,12,2026-10-02 14:30:46
2053,51-HCM Binh Tan/Binh Tri Dong A Hub,in-house,Full-Time,81869,NGUYỄN MINH HOÀNG,201,112,0.5572,88,1,2026-10-02 14:30:46
2053,51-HCM Binh Tan/Binh Tri Dong A Hub,in-house,Full-Time,161324,ÔN GIA HUY,213,106,0.4977,97,10,2026-10-02 14:30:46
2053,51-HCM Binh Tan/Binh Tri Dong A Hub,in-house,Full-Time,76966,LÂM CHÁNH HUY,312,165,0.5288,143,4,2026-10-02 14:30:46
2053,51-HCM Binh Tan/Binh Tri Dong A Hub,in-house,Full-Time,73518,NGUYỄN HOÀNG TUẤN,288,138,0.4792,141,9,2026-10-02 14:30:46
2053,51-HCM Binh Tan/Binh Tri Dong A Hub,in-house,Full-Time,120243,TRẦN MINH TUẤN,250,123,0.492,126,1,2026-10-02 14:30:46
2053,51-HCM Binh Tan/Binh Tri Dong A Hub,in-house,Full-Time,157000,HỒ VĂN MẾN,224,109,0.4866,113,2,2026-10-02 14:30:46
5036,51-HCM Binh Tan/Binh Tri Dong B Hub,in-house,Full-Time,5106,KHA THUẬN LỢI,205,201,0.9805,0,4,2026-10-02 14:30:46
5036,51-HCM Binh Tan/Binh Tri Dong B Hub,in-house,Full-Time,13062,PHẠM MINH TUẤN,173,161,0.9306,0,12,2026-10-02 14:30:46
5036,51-HCM Binh Tan/Binh Tri Dong B Hub,in-house,Full-Time,55863,TRƯƠNG TUYẾT MY,176,172,0.9773,0,4,2026-10-02 14:30:46
5036,51-HCM Binh Tan/Binh Tri Dong B Hub,in-house,Full-Time,113887,HUỲNH CHÍ BẢO,252,244,0.9683,0,8,2026-10-02 14:30:46
5036,51-HCM Binh Tan/Binh Tri Dong B Hub,in-house,Full-Time,149958,PHẠM TRUNG NGHĨA,150,144,0.96,0,6,2026-10-02 14:30:46
5036,51-HCM Binh Tan/Binh Tri Dong B Hub,in-house,Full-Time,104856,DƯƠNG VĂN LỘC,239,231,0.9665,1,7,2026-10-02 14:30:46
5036,51-HCM Binh Tan/Binh Tri Dong B Hub,in-house,Full-Time,98123,ĐOÀN TIẾN THÀNH,127,125,0.9843,1,1,2026-10-02 14:30:46
5036,51-HCM Binh Tan/Binh Tri Dong B Hub,in-house,Full-Time,152046,CHÂU HOÀI ĐỨC,118,114,0.9661,1,3,2026-10-02 14:30:46
5036,51-HCM Binh Tan/Binh Tri Dong B Hub,in-house,Full-Time,43328,TẠ HOÀNG NAM,212,198,0.934,2,12,2026-10-02 14:30:46
5036,51-HCM Binh Tan/Binh Tri Dong B Hub,in-house,Full-Time,48305,HÀ THANH THÙY,196,185,0.9439,2,9,2026-10-02 14:30:46
5036,51-HCM Binh Tan/Binh Tri Dong B Hub,in-house,Full-Time,108474,LÊ TẤN PHONG,152,139,0.9145,3,10,2026-10-02 14:30:46
5036,51-HCM Binh Tan/Binh Tri Dong B Hub,in-house,Full-Time,46528,TRƯƠNG TRUNG TRỰC,211,193,0.9147,6,12,2026-10-02 14:30:46
5036,51-HCM Binh Tan/Binh Tri Dong B Hub,in-house,Full-Time,25414,NGUYỄN THÀNH TỶ,236,222,0.9407,8,6,2026-10-02 14:30:46
5036,51-HCM Binh Tan/Binh Tri Dong B Hub,in-house,Full-Time,65958,CAO HOÀI NAM,173,161,0.9306,7,5,2026-10-02 14:30:46
5036,51-HCM Binh Tan/Binh Tri Dong B Hub,in-house,Full-Time,94299,LÝ TIẾN TÀI,252,235,0.9325,11,6,2026-10-02 14:30:46
5036,51-HCM Binh Tan/Binh Tri Dong B Hub,in-house,Full-Time,10000,NGUYỄN THANH PHƯƠNG,156,142,0.9103,7,7,2026-10-02 14:30:46
5036,51-HCM Binh Tan/Binh Tri Dong B Hub,in-house,Full-Time,154308,NGUYỄN TRÍ TOÀN,172,155,0.9012,9,8,2026-10-02 14:30:46
5036,51-HCM Binh Tan/Binh Tri Dong B Hub,in-house,Full-Time,101579,ĐỖ HOÀNG PHÚ,269,246,0.9145,15,8,2026-10-02 14:30:46
5036,51-HCM Binh Tan/Binh Tri Dong B Hub,in-house,Full-Time,13231,THÁI TRỌNG CƯỜNG,150,140,0.9333,10,0,2026-10-02 14:30:46
5036,51-HCM Binh Tan/Binh Tri Dong B Hub,in-house,Full-Time,95018,NGUYỄN LÊ NGỌC LƯƠNG,171,155,0.9064,13,3,2026-10-02 14:30:46
5036,51-HCM Binh Tan/Binh Tri Dong B Hub,in-house,Full-Time,89744,LÊ THỊ CẨM TIÊN,193,173,0.8964,16,4,2026-10-02 14:30:46
5036,51-HCM Binh Tan/Binh Tri Dong B Hub,in-house,Full-Time,53556,LÝ HẢI ĐƯỜNG,194,164,0.8454,18,12,2026-10-02 14:30:46
5036,51-HCM Binh Tan/Binh Tri Dong B Hub,in-house,Full-Time,64548,PHẠM XUÂN QUỲNH,206,177,0.8592,22,7,2026-10-02 14:30:46
5036,51-HCM Binh Tan/Binh Tri Dong B Hub,in-house,Full-Time,82398,PHẠM XUÂN TRƯỜNG,204,177,0.8676,22,5,2026-10-02 14:30:46
5036,51-HCM Binh Tan/Binh Tri Dong B Hub,in-house,Full-Time,56584,PHẠM HÙNG VƯƠNG,221,188,0.8507,27,6,2026-10-02 14:30:46
5036,51-HCM Binh Tan/Binh Tri Dong B Hub,in-house,Full-Time,37644,NGUYỄN HỒNG TRUNG TRỰC,170,146,0.8588,23,1,2026-10-02 14:30:46
5036,51-HCM Binh Tan/Binh Tri Dong B Hub,in-house,Full-Time,118500,SU THẾ CƯỜNG,221,188,0.8507,30,3,2026-10-02 14:30:46
5036,51-HCM Binh Tan/Binh Tri Dong B Hub,in-house,Full-Time,63816,NGUYỄN THÀNH NAM,221,181,0.819,35,5,2026-10-02 14:30:46
5036,51-HCM Binh Tan/Binh Tri Dong B Hub,in-house,Full-Time,42957,VƯƠNG TRƯỜNG PHONG,223,184,0.8251,38,1,2026-10-02 14:30:46
5036,51-HCM Binh Tan/Binh Tri Dong B Hub,in-house,Full-Time,146517,LÊ THIÊN PHÚ,129,106,0.8217,22,1,2026-10-02 14:30:46
5036,51-HCM Binh Tan/Binh Tri Dong B Hub,in-house,Full-Time,139207,NGUYỄN MINH TIẾN,227,181,0.7974,40,6,2026-10-02 14:30:46
5036,51-HCM Binh Tan/Binh Tri Dong B Hub,in-house,Full-Time,47673,TRẦN VĂN TRỌNG,216,176,0.8148,39,1,2026-10-02 14:30:46
5036,51-HCM Binh Tan/Binh Tri Dong B Hub,in-house,Full-Time,86639,LÊ HỮU TRÍ,210,167,0.7952,39,4,2026-10-02 14:30:46
5036,51-HCM Binh Tan/Binh Tri Dong B Hub,in-house,Full-Time,125087,NGUYỄN NGỌC GIA BẢO,197,152,0.7716,37,8,2026-10-02 14:30:46
5036,51-HCM Binh Tan/Binh Tri Dong B Hub,in-house,Full-Time,118834,NGUYỄN QUỐC THIỆN,193,142,0.7358,39,12,2026-10-02 14:30:46
5036,51-HCM Binh Tan/Binh Tri Dong B Hub,in-house,Full-Time,10658,UNG PHÁT CƯỜNG,228,169,0.7412,51,8,2026-10-02 14:30:46
5036,51-HCM Binh Tan/Binh Tri Dong B Hub,in-house,Full-Time,120244,MAI VĂN VIỆT,223,168,0.7534,50,5,2026-10-02 14:30:46
5036,51-HCM Binh Tan/Binh Tri Dong B Hub,in-house,Full-Time,133074,NGUYỄN MINH TÂM,182,131,0.7198,41,10,2026-10-02 14:30:46
5036,51-HCM Binh Tan/Binh Tri Dong B Hub,in-house,Full-Time,157795,PHẠM DUY TRƯỜNG,164,121,0.7378,37,6,2026-10-02 14:30:46
5036,51-HCM Binh Tan/Binh Tri Dong B Hub,in-house,Full-Time,110846,PHẠM NGỌC SƠN,220,165,0.75,51,4,2026-10-02 14:30:46
5036,51-HCM Binh Tan/Binh Tri Dong B Hub,in-house,Full-Time,64121,PHAN TẤN TÂY,221,162,0.733,53,6,2026-10-02 14:30:46
5036,51-HCM Binh Tan/Binh Tri Dong B Hub,in-house,Full-Time,158037,NGUYỄN TRƯỜNG SANH,213,141,0.662,52,20,2026-10-02 14:30:46
5036,51-HCM Binh Tan/Binh Tri Dong B Hub,in-house,Full-Time,33895,VŨ QUỐC HUY,204,148,0.7255,53,3,2026-10-02 14:30:46
5036,51-HCM Binh Tan/Binh Tri Dong B Hub,in-house,Full-Time,12195,VÕ ĐẶNG CAO ANH,172,123,0.7151,45,4,2026-10-02 14:30:46
5036,51-HCM Binh Tan/Binh Tri Dong B Hub,in-house,Full-Time,126781,LƯƠNG THÁI BẢO,255,180,0.7059,67,8,2026-10-02 14:30:46
5036,51-HCM Binh Tan/Binh Tri Dong B Hub,in-house,Full-Time,44961,ĐƯỜNG KIÊN KIỆT,213,150,0.7042,56,7,2026-10-02 14:30:46
5036,51-HCM Binh Tan/Binh Tri Dong B Hub,in-house,Full-Time,4385,NGUYỄN TẤN KHẢI,264,187,0.7083,74,3,2026-10-02 14:30:46
5036,51-HCM Binh Tan/Binh Tri Dong B Hub,in-house,Full-Time,119902,TENG THIỆU QUÝ,258,178,0.6899,73,7,2026-10-02 14:30:46
5036,51-HCM Binh Tan/Binh Tri Dong B Hub,in-house,Full-Time,163294,NGUYỄN NHỰT HOÀNG,94,65,0.6915,28,1,2026-10-02 14:30:46
5036,51-HCM Binh Tan/Binh Tri Dong B Hub,in-house,Full-Time,155021,NGUYỄN VĂN HOÀ,304,196,0.6447,93,15,2026-10-02 14:30:46
5036,51-HCM Binh Tan/Binh Tri Dong B Hub,in-house,Full-Time,129192,NGUYỄN VÕ THANH SƠN,200,120,0.6,69,11,2026-10-02 14:30:46
5036,51-HCM Binh Tan/Binh Tri Dong B Hub,in-house,Full-Time,1206,PHAN MINH ĐỨC,314,197,0.6274,115,2,2026-10-02 14:30:46
5036,51-HCM Binh Tan/Binh Tri Dong B Hub,in-house,Full-Time,130125,TÔ HOÀNG VINH,257,158,0.6148,96,3,2026-10-02 14:30:46
5036,51-HCM Binh Tan/Binh Tri Dong B Hub,in-house,Full-Time,51650,NGUYỄN TRUNG THU,235,141,0.6,91,3,2026-10-02 14:30:46
5036,51-HCM Binh Tan/Binh Tri Dong B Hub,in-house,Full-Time,120670,LÊ KỲ ÂN,186,106,0.5699,78,2,2026-10-02 14:30:46
5036,51-HCM Binh Tan/Binh Tri Dong B Hub,in-house,Full-Time,146519,CHÂU VINH ĐẠT,188,98,0.5213,79,11,2026-10-02 14:30:46
5036,51-HCM Binh Tan/Binh Tri Dong B Hub,in-house,Full-Time,48869,VÕ HỮU PHƯỚC,234,123,0.5256,105,6,2026-10-02 14:30:46
5036,51-HCM Binh Tan/Binh Tri Dong B Hub,in-house,Full-Time,887,TRẦN HỮU NGHĨA,358,186,0.5196,165,7,2026-10-02 14:30:46
5036,51-HCM Binh Tan/Binh Tri Dong B Hub,in-house,Full-Time,140760,NGUYỄN PHÚC ĐỨC,236,107,0.4534,110,19,2026-10-02 14:30:46
5036,51-HCM Binh Tan/Binh Tri Dong B Hub,in-house,Full-Time,138633,HỒ KHẮC HÒA,265,120,0.4528,126,19,2026-10-02 14:30:46
5036,51-HCM Binh Tan/Binh Tri Dong B Hub,in-house,Full-Time,41703,QUAN NGUYỄN CƯỜNG,400,195,0.4875,195,10,2026-10-02 14:30:46
5036,51-HCM Binh Tan/Binh Tri Dong B Hub,in-house,Full-Time,117299,TRƯƠNG CÔNG DUY,321,152,0.4735,165,4,2026-10-02 14:30:46
5036,51-HCM Binh Tan/Binh Tri Dong B Hub,in-house,Full-Time,43144,TRẦN VĂN TÀI,168,77,0.4583,88,3,2026-10-02 14:30:46
5036,51-HCM Binh Tan/Binh Tri Dong B Hub,in-house,Full-Time,122088,LÊ TẤN TÀI,312,136,0.4359,171,5,2026-10-02 14:30:46
5036,51-HCM Binh Tan/Binh Tri Dong B Hub,in-house,Full-Time,12736,HUỲNH TRẠCH ÂN,372,156,0.4194,208,8,2026-10-02 14:30:46
5036,51-HCM Binh Tan/Binh Tri Dong B Hub,in-house,Full-Time,121430,TRANG SĨ MINH HUY,171,59,0.345,105,7,2026-10-02 14:30:46
5036,51-HCM Binh Tan/Binh Tri Dong B Hub,in-house,Full-Time,140081,NGUYỄN CHÍ CƯỜNG,303,5,0.0165,277,21,2026-10-02 14:30:46
5036,51-HCM Binh Tan/Binh Tri Dong B Hub,in-house,Full-Time,45203,NGUYỄN LÊ HOÀNG LONG,0,0,0,0,0,2026-10-02 14:30:46
5036,51-HCM Binh Tan/Binh Tri Dong B Hub,in-house,Full-Time,71565,NGUYỄN ĐĂNG KHOA,0,0,0,0,0,2026-10-02 14:30:46
5419,51-HCM Binh Tan/Nguyen Thi Tu Hub,in-house,Full-Time,91968,LÊ HOÀNG MINH TÂM,160,154,0.9625,0,6,2026-10-02 14:30:46
5419,51-HCM Binh Tan/Nguyen Thi Tu Hub,in-house,Full-Time,25030,TRỊNH KIM NGỌC,213,207,0.9718,1,5,2026-10-02 14:30:46
5419,51-HCM Binh Tan/Nguyen Thi Tu Hub,in-house,Full-Time,147394,HỒ VĂN CÔNG TUẤN,150,141,0.94,1,8,2026-10-02 14:30:46
5419,51-HCM Binh Tan/Nguyen Thi Tu Hub,in-house,Full-Time,45764,NGUYỄN HOÀI NAM,202,189,0.9356,5,8,2026-10-02 14:30:46
5419,51-HCM Binh Tan/Nguyen Thi Tu Hub,in-house,Full-Time,136662,LÊ VĂN HIẾU,211,195,0.9242,8,8,2026-10-02 14:30:46
5419,51-HCM Binh Tan/Nguyen Thi Tu Hub,in-house,Full-Time,147541,ĐẶNG DUY TRƯỜNG QUÂN,101,95,0.9406,4,2,2026-10-02 14:30:46
5419,51-HCM Binh Tan/Nguyen Thi Tu Hub,in-house,Full-Time,9572,BÙI QUANG HUY,194,180,0.9278,12,2,2026-10-02 14:30:46
5419,51-HCM Binh Tan/Nguyen Thi Tu Hub,in-house,Full-Time,133589,VÕ DUY KHANG,150,133,0.8867,13,4,2026-10-02 14:30:46
5419,51-HCM Binh Tan/Nguyen Thi Tu Hub,in-house,Full-Time,137060,NGUYỄN QUANG TOÀN,205,179,0.8732,22,4,2026-10-02 14:30:46
5419,51-HCM Binh Tan/Nguyen Thi Tu Hub,in-house,Full-Time,136669,NGUYỄN XUÂN PHƯỚC,187,157,0.8396,26,4,2026-10-02 14:30:46
5419,51-HCM Binh Tan/Nguyen Thi Tu Hub,in-house,Full-Time,82402,NGUYỄN ANH TUẤN,276,233,0.8442,40,3,2026-10-02 14:30:46
5419,51-HCM Binh Tan/Nguyen Thi Tu Hub,in-house,Full-Time,55879,NGUYỄN HỒNG LÂM,180,148,0.8222,27,5,2026-10-02 14:30:46
5419,51-HCM Binh Tan/Nguyen Thi Tu Hub,in-house,Full-Time,117630,TRẦN HẢI LONG,264,214,0.8106,44,6,2026-10-02 14:30:46
5419,51-HCM Binh Tan/Nguyen Thi Tu Hub,in-house,Full-Time,66675,ĐINH LÊ HIẾU,220,165,0.75,46,9,2026-10-02 14:30:46
5419,51-HCM Binh Tan/Nguyen Thi Tu Hub,in-house,Full-Time,118112,NGUYỄN TRÍ BẢO,254,179,0.7047,58,17,2026-10-02 14:30:46
5419,51-HCM Binh Tan/Nguyen Thi Tu Hub,in-house,Full-Time,52101,NGUYỄN THÀNH ĐẠT,216,164,0.7593,50,2,2026-10-02 14:30:46
5419,51-HCM Binh Tan/Nguyen Thi Tu Hub,in-house,Full-Time,21373,TRẦN TUẤN HÒA,239,178,0.7448,61,0,2026-10-02 14:30:46
5419,51-HCM Binh Tan/Nguyen Thi Tu Hub,in-house,Full-Time,95888,TRẦN VĂN BÍCH,259,188,0.7259,70,1,2026-10-02 14:30:46
5419,51-HCM Binh Tan/Nguyen Thi Tu Hub,in-house,Full-Time,137670,HOÀNG CẢNH TINH,240,171,0.7125,65,4,2026-10-02 14:30:46
5419,51-HCM Binh Tan/Nguyen Thi Tu Hub,in-house,Full-Time,54557,VŨ LÊ TUẤN KIỆT,227,153,0.674,63,11,2026-10-02 14:30:46
5419,51-HCM Binh Tan/Nguyen Thi Tu Hub,in-house,Full-Time,1904,MAI THẾ NGỌC,263,181,0.6882,76,6,2026-10-02 14:30:46
5419,51-HCM Binh Tan/Nguyen Thi Tu Hub,in-house,Full-Time,118319,THÁI PHƯỚC ĐỨC,322,214,0.6646,94,14,2026-10-02 14:30:46
5419,51-HCM Binh Tan/Nguyen Thi Tu Hub,in-house,Full-Time,129946,TRẦN MINH HẢI,278,194,0.6978,83,1,2026-10-02 14:30:46
5419,51-HCM Binh Tan/Nguyen Thi Tu Hub,in-house,Full-Time,66578,TRẦN QUỐC ANH,197,129,0.6548,64,4,2026-10-02 14:30:46
5419,51-HCM Binh Tan/Nguyen Thi Tu Hub,in-house,Full-Time,14120,NGUYỄN VĂN HÙNG,245,156,0.6367,81,8,2026-10-02 14:30:46
5419,51-HCM Binh Tan/Nguyen Thi Tu Hub,in-house,Full-Time,43259,NGÔ LÊ MẠNH LÂM,303,186,0.6139,107,10,2026-10-02 14:30:46
5419,51-HCM Binh Tan/Nguyen Thi Tu Hub,in-house,Full-Time,7266,HOÀNG DUY BÌNH,218,137,0.6284,77,4,2026-10-02 14:30:46
5419,51-HCM Binh Tan/Nguyen Thi Tu Hub,in-house,Full-Time,118312,KIỀU THÀNH NAM,351,198,0.5641,148,5,2026-10-02 14:30:46
5419,51-HCM Binh Tan/Nguyen Thi Tu Hub,in-house,Full-Time,86162,PHẠM TRUNG HIẾU,216,117,0.5417,92,7,2026-10-02 14:30:46
5419,51-HCM Binh Tan/Nguyen Thi Tu Hub,in-house,Full-Time,117099,LƯ BẢO LỢI,250,136,0.544,110,4,2026-10-02 14:30:46
5419,51-HCM Binh Tan/Nguyen Thi Tu Hub,in-house,Full-Time,113312,NGUYỄN MINH HOÀNG,198,108,0.5455,88,2,2026-10-02 14:30:46
5419,51-HCM Binh Tan/Nguyen Thi Tu Hub,in-house,Full-Time,72272,PHẠM QUỐC TRƯỜNG,255,126,0.4941,120,9,2026-10-02 14:30:46
5419,51-HCM Binh Tan/Nguyen Thi Tu Hub,in-house,Full-Time,77942,PHẠM LÊ TRUNG HẬU,355,184,0.5183,169,2,2026-10-02 14:30:46
5419,51-HCM Binh Tan/Nguyen Thi Tu Hub,in-house,Full-Time,4069,LÊ VÕ TIỀN,230,111,0.4826,118,1,2026-10-02 14:30:46
5876,51-HCM Binh Thanh/Binh Loi Trung Hub,in-house,Full-Time,92492,NGUYỄN THÀNH PHƯƠNG,237,205,0.865,29,3,2026-10-02 14:30:46
5876,51-HCM Binh Thanh/Binh Loi Trung Hub,in-house,Full-Time,154833,TRẦN NGỌC TIẾN,181,135,0.7459,43,3,2026-10-02 14:30:46
5876,51-HCM Binh Thanh/Binh Loi Trung Hub,in-house,Full-Time,69641,NGUYỄN MINH SANG,267,178,0.6667,87,2,2026-10-02 14:30:46
5876,51-HCM Binh Thanh/Binh Loi Trung Hub,in-house,Full-Time,42386,LÊ NGUYỄN QUỐC THẢO,217,138,0.6359,74,5,2026-10-02 14:30:46
5876,51-HCM Binh Thanh/Binh Loi Trung Hub,in-house,Full-Time,91771,TRẦN NGỌC VÀNG,264,167,0.6326,92,5,2026-10-02 14:30:46
5876,51-HCM Binh Thanh/Binh Loi Trung Hub,in-house,Full-Time,150390,NGUYỄN HOÀNG DŨNG,260,160,0.6154,97,3,2026-10-02 14:30:46
5876,51-HCM Binh Thanh/Binh Loi Trung Hub,in-house,Full-Time,33078,NGUYỄN VĂN CHỨC,283,167,0.5901,109,7,2026-10-02 14:30:46
5876,51-HCM Binh Thanh/Binh Loi Trung Hub,in-house,Full-Time,83092,LÊ VĂN ĐỊNH,219,126,0.5753,86,7,2026-10-02 14:30:46
5876,51-HCM Binh Thanh/Binh Loi Trung Hub,in-house,Full-Time,96655,PHAN BÍCH KHA,300,174,0.58,124,2,2026-10-02 14:30:46
5876,51-HCM Binh Thanh/Binh Loi Trung Hub,in-house,Full-Time,42742,LÊ THÁI SƠN,208,100,0.4808,97,11,2026-10-02 14:30:46
5876,51-HCM Binh Thanh/Binh Loi Trung Hub,in-house,Full-Time,130840,VÕ THÀNH DANH,282,145,0.5142,133,4,2026-10-02 14:30:46
5876,51-HCM Binh Thanh/Binh Loi Trung Hub,in-house,Full-Time,148736,ĐẶNG THÀNH LONG,233,109,0.4678,111,13,2026-10-02 14:30:46
5876,51-HCM Binh Thanh/Binh Loi Trung Hub,in-house,Full-Time,32002,NGUYỄN VĂN THẠNH,322,144,0.4472,163,15,2026-10-02 14:30:46
5876,51-HCM Binh Thanh/Binh Loi Trung Hub,in-house,Full-Time,38700,HUỲNH VĂN ĐỊNH,270,126,0.4667,143,1,2026-10-02 14:30:46
5876,51-HCM Binh Thanh/Binh Loi Trung Hub,in-house,Full-Time,27549,PHẠM HÙNG NHÂN,313,139,0.4441,172,2,2026-10-02 14:30:46
5876,51-HCM Binh Thanh/Binh Loi Trung Hub,in-house,Full-Time,16620,TRẦN DƯƠNG,279,119,0.4265,158,2,2026-10-02 14:30:46
5876,51-HCM Binh Thanh/Binh Loi Trung Hub,in-house,Full-Time,37445,HUỲNH QUANG HUY,372,159,0.4274,213,0,2026-10-02 14:30:46
5876,51-HCM Binh Thanh/Binh Loi Trung Hub,in-house,Full-Time,100607,TRỊNH THANH TÀI,387,145,0.3747,242,0,2026-10-02 14:30:46
5661,51-HCM Binh Thanh/Binh Quoi Hub,in-house,Full-Time,19726,NGUYỄN HƯNG,250,232,0.928,0,18,2026-10-02 14:30:46
5661,51-HCM Binh Thanh/Binh Quoi Hub,in-house,Full-Time,57451,TRẦN NGUYỄN TRUNG HUY,181,162,0.895,11,8,2026-10-02 14:30:46
5661,51-HCM Binh Thanh/Binh Quoi Hub,in-house,Full-Time,83084,HUỲNH VĂN HƯNG,272,208,0.7647,55,9,2026-10-02 14:30:46
5661,51-HCM Binh Thanh/Binh Quoi Hub,in-house,Full-Time,145892,NGUYỄN HOÀNG QUÂN,205,149,0.7268,51,5,2026-10-02 14:30:46
5661,51-HCM Binh Thanh/Binh Quoi Hub,in-house,Full-Time,4370,TRẦN QUANG ĐẠO,255,175,0.6863,70,10,2026-10-02 14:30:46
5661,51-HCM Binh Thanh/Binh Quoi Hub,in-house,Full-Time,41696,LÂM HOÀNG PHÚC,176,122,0.6932,50,4,2026-10-02 14:30:46
5661,51-HCM Binh Thanh/Binh Quoi Hub,in-house,Full-Time,77245,ĐỖ VI CƯƠNG,221,144,0.6516,68,9,2026-10-02 14:30:46
5661,51-HCM Binh Thanh/Binh Quoi Hub,in-house,Full-Time,4289,HUỲNH TRƯƠNG NHẬT TÂN,157,95,0.6051,49,13,2026-10-02 14:30:46
5661,51-HCM Binh Thanh/Binh Quoi Hub,in-house,Full-Time,43452,NGUYỄN PHI LONG,308,199,0.6461,99,10,2026-10-02 14:30:46
5661,51-HCM Binh Thanh/Binh Quoi Hub,in-house,Full-Time,161590,CAO MINH MẪN,138,86,0.6232,45,7,2026-10-02 14:30:46
5661,51-HCM Binh Thanh/Binh Quoi Hub,in-house,Full-Time,107559,ĐINH NGUYỄN HOÀNG QUÂN,244,157,0.6434,85,2,2026-10-02 14:30:46
5661,51-HCM Binh Thanh/Binh Quoi Hub,in-house,Full-Time,102927,LÊ NGỌC CHÍ THUẬN,359,219,0.61,131,9,2026-10-02 14:30:46
5661,51-HCM Binh Thanh/Binh Quoi Hub,in-house,Full-Time,527,NGUYỄN ĐỨC HIỀN,195,122,0.6256,73,0,2026-10-02 14:30:46
5661,51-HCM Binh Thanh/Binh Quoi Hub,in-house,Full-Time,65220,LƯU VĂN QUYỀN,260,158,0.6077,100,2,2026-10-02 14:30:46
5661,51-HCM Binh Thanh/Binh Quoi Hub,in-house,Full-Time,34482,NGUYỄN XUÂN HỒNG,312,178,0.5705,121,13,2026-10-02 14:30:46
5661,51-HCM Binh Thanh/Binh Quoi Hub,in-house,Full-Time,138157,ĐẶNG GIA PHÚ,214,127,0.5935,84,3,2026-10-02 14:30:46
5661,51-HCM Binh Thanh/Binh Quoi Hub,in-house,Full-Time,41704,NGUYỄN QUỐC ANH,207,123,0.5942,82,2,2026-10-02 14:30:46
5661,51-HCM Binh Thanh/Binh Quoi Hub,in-house,Full-Time,54156,NGUYỄN VĂN DŨNG,259,142,0.5483,111,6,2026-10-02 14:30:46
5661,51-HCM Binh Thanh/Binh Quoi Hub,in-house,Full-Time,162114,VŨ ĐẠI DƯƠNG,171,92,0.538,75,4,2026-10-02 14:30:46
5661,51-HCM Binh Thanh/Binh Quoi Hub,in-house,Full-Time,53503,NGUYỄN VÕ PHƯƠNG ÂN,225,119,0.5289,99,7,2026-10-02 14:30:46
5661,51-HCM Binh Thanh/Binh Quoi Hub,in-house,Full-Time,142663,PHAN NHẬT MINH,302,158,0.5232,137,7,2026-10-02 14:30:46
5661,51-HCM Binh Thanh/Binh Quoi Hub,in-house,Full-Time,38945,NHAN QUỐC ANH,307,153,0.4984,143,11,2026-10-02 14:30:46
5661,51-HCM Binh Thanh/Binh Quoi Hub,in-house,Full-Time,135828,NGUYỄN MINH HOÀNG,220,100,0.4545,104,16,2026-10-02 14:30:46
5661,51-HCM Binh Thanh/Binh Quoi Hub,in-house,Full-Time,134374,TRẦN THANH TÚ,277,141,0.509,132,4,2026-10-02 14:30:46
5661,51-HCM Binh Thanh/Binh Quoi Hub,in-house,Full-Time,155514,NGUYỄN MINH PHÚC,214,109,0.5093,102,3,2026-10-02 14:30:46
5661,51-HCM Binh Thanh/Binh Quoi Hub,in-house,Full-Time,46502,NGUYỄN VIẾT RI,292,140,0.4795,142,10,2026-10-02 14:30:46
5661,51-HCM Binh Thanh/Binh Quoi Hub,in-house,Full-Time,120235,ĐINH NHỰT THIÊN,197,95,0.4822,97,5,2026-10-02 14:30:46
5661,51-HCM Binh Thanh/Binh Quoi Hub,in-house,Full-Time,129354,HỒ ĐĂNG KHÔI,237,117,0.4937,117,3,2026-10-02 14:30:46
5661,51-HCM Binh Thanh/Binh Quoi Hub,in-house,Full-Time,51532,NGUYỄN SANH TÀI,229,110,0.4803,114,5,2026-10-02 14:30:46
5661,51-HCM Binh Thanh/Binh Quoi Hub,in-house,Full-Time,161839,TRẦN HOÀNG PHÚC,264,95,0.3598,152,17,2026-10-02 14:30:46
5661,51-HCM Binh Thanh/Binh Quoi Hub,in-house,Full-Time,2539,NGUYỄN THANH ĐÔ,269,109,0.4052,159,1,2026-10-02 14:30:46
5661,51-HCM Binh Thanh/Binh Quoi Hub,in-house,Full-Time,21525,NGUYỄN VĂN PHA,263,88,0.3346,165,10,2026-10-02 14:30:46
5661,51-HCM Binh Thanh/Binh Quoi Hub,in-house,Full-Time,155445,NGUYỄN TRẦN MINH,228,60,0.2632,168,0,2026-10-02 14:30:46
5661,51-HCM Binh Thanh/Binh Quoi Hub,in-house,Full-Time,138153,VŨ HOÀNG NHẬT,0,0,0,0,0,2026-10-02 14:30:46
6143,51-HCM Binh Thanh/Phan Van Tri Hub,in-house,Full-Time,31339,HỒ VĂN PHI,155,154,0.9935,0,1,2026-10-02 14:30:46
6143,51-HCM Binh Thanh/Phan Van Tri Hub,in-house,Full-Time,95711,NGUYỄN QUỐC TUẤN,208,202,0.9712,0,6,2026-10-02 14:30:46
6143,51-HCM Binh Thanh/Phan Van Tri Hub,in-house,Full-Time,119729,DANH KIM THANH HOÀI,138,128,0.9275,0,10,2026-10-02 14:30:46
6143,51-HCM Binh Thanh/Phan Van Tri Hub,in-house,Full-Time,142273,NGUYỄN NGỌC ANH MINH,133,131,0.985,0,2,2026-10-02 14:30:46
6143,51-HCM Binh Thanh/Phan Van Tri Hub,in-house,Full-Time,117,NGUYỄN HUỲNH LÂM,199,190,0.9548,1,8,2026-10-02 14:30:46
6143,51-HCM Binh Thanh/Phan Van Tri Hub,in-house,Full-Time,65965,LƯU VĂN THIỆN,202,200,0.9901,1,1,2026-10-02 14:30:46
6143,51-HCM Binh Thanh/Phan Van Tri Hub,in-house,Full-Time,129736,LÊ ANH TUẤN,192,188,0.9792,1,3,2026-10-02 14:30:46
6143,51-HCM Binh Thanh/Phan Van Tri Hub,in-house,Full-Time,21573,HÀ VŨ HOÀNG PHONG,280,266,0.95,5,9,2026-10-02 14:30:46
6143,51-HCM Binh Thanh/Phan Van Tri Hub,in-house,Full-Time,127771,LÊ TRỌNG TÂM,199,179,0.8995,7,13,2026-10-02 14:30:46
6143,51-HCM Binh Thanh/Phan Van Tri Hub,in-house,Full-Time,105980,NGUYỄN VĂN HÀO,243,220,0.9053,13,10,2026-10-02 14:30:46
6143,51-HCM Binh Thanh/Phan Van Tri Hub,in-house,Full-Time,140753,LÊ HUỲNH TÂN,177,161,0.9096,13,3,2026-10-02 14:30:46
6143,51-HCM Binh Thanh/Phan Van Tri Hub,in-house,Full-Time,103675,HUỲNH VĂN QUY,224,200,0.8929,17,7,2026-10-02 14:30:46
6143,51-HCM Binh Thanh/Phan Van Tri Hub,in-house,Full-Time,131750,VÕ TẤN THANH,208,173,0.8317,24,11,2026-10-02 14:30:46
6143,51-HCM Binh Thanh/Phan Van Tri Hub,in-house,Full-Time,84573,TRẦN ĐÌNH NGUYÊN,171,143,0.8363,21,7,2026-10-02 14:30:46
6143,51-HCM Binh Thanh/Phan Van Tri Hub,in-house,Full-Time,15594,NGUYỄN THANH SƠN,259,222,0.8571,33,4,2026-10-02 14:30:46
6143,51-HCM Binh Thanh/Phan Van Tri Hub,in-house,Full-Time,33203,PHẠM BÁ LUÂN,193,162,0.8394,27,4,2026-10-02 14:30:46
6143,51-HCM Binh Thanh/Phan Van Tri Hub,in-house,Full-Time,6258,ĐẶNG THANH AN,252,204,0.8095,43,5,2026-10-02 14:30:46
6143,51-HCM Binh Thanh/Phan Van Tri Hub,in-house,Full-Time,129933,TRẦN QUỐC VIỆT,226,180,0.7965,41,5,2026-10-02 14:30:46
6143,51-HCM Binh Thanh/Phan Van Tri Hub,in-house,Full-Time,126339,NGUYỄN TRỌNG KHOA,213,153,0.7183,50,10,2026-10-02 14:30:46
6143,51-HCM Binh Thanh/Phan Van Tri Hub,in-house,Full-Time,3798,NGUYỄN MINH TÂM,187,120,0.6417,62,5,2026-10-02 14:30:46
6143,51-HCM Binh Thanh/Phan Van Tri Hub,in-house,Full-Time,2060,TĂNG DUY QUYỀN,210,133,0.6333,73,4,2026-10-02 14:30:46
6143,51-HCM Binh Thanh/Phan Van Tri Hub,in-house,Full-Time,161836,NGUYỄN HOÀNG DŨNG,225,124,0.5511,86,15,2026-10-02 14:30:46
6143,51-HCM Binh Thanh/Phan Van Tri Hub,in-house,Full-Time,130282,CHUNG QUỐC PHONG,152,75,0.4934,74,3,2026-10-02 14:30:46
6143,51-HCM Binh Thanh/Phan Van Tri Hub,in-house,Full-Time,53170,TRẦN HOÀNG VIỆT CHƯƠNG,238,91,0.3824,147,0,2026-10-02 14:30:46
2095,51-HCM Binh Thanh/Phuong 12 Hub,in-house,Full-Time,75429,VÕ NGỌC ĐỨC,1,1,1,0,0,2026-10-02 14:30:46
2095,51-HCM Binh Thanh/Phuong 12 Hub,in-house,Full-Time,19993,NGÔ THANH THÁI BÌNH,165,143,0.8667,2,20,2026-10-02 14:30:46
2095,51-HCM Binh Thanh/Phuong 12 Hub,in-house,Full-Time,15304,TRẦN DUY VĂN BÌNH,155,132,0.8516,11,12,2026-10-02 14:30:46
2095,51-HCM Binh Thanh/Phuong 12 Hub,in-house,Full-Time,53963,TỐNG QUỐC ĐẠT,168,85,0.506,13,70,2026-10-02 14:30:46
2095,51-HCM Binh Thanh/Phuong 12 Hub,in-house,Full-Time,133070,PHẠM VĂN MINH,215,173,0.8047,19,23,2026-10-02 14:30:46
2095,51-HCM Binh Thanh/Phuong 12 Hub,in-house,Full-Time,89913,TRẦN THẾ HOÀI,164,140,0.8537,18,6,2026-10-02 14:30:46
2095,51-HCM Binh Thanh/Phuong 12 Hub,in-house,Full-Time,63780,NGÔ HÙNG MẠNH,222,196,0.8829,25,1,2026-10-02 14:30:46
2095,51-HCM Binh Thanh/Phuong 12 Hub,in-house,Full-Time,13489,NGUYỄN THÁI PHƯƠNG,181,145,0.8011,27,9,2026-10-02 14:30:46
2095,51-HCM Binh Thanh/Phuong 12 Hub,in-house,Full-Time,31344,TRƯƠNG TẤN PHƯƠNG,197,165,0.8376,30,2,2026-10-02 14:30:46
2095,51-HCM Binh Thanh/Phuong 12 Hub,in-house,Full-Time,35286,NGUYỄN BÁ QUANG,209,170,0.8134,32,7,2026-10-02 14:30:46
2095,51-HCM Binh Thanh/Phuong 12 Hub,in-house,Full-Time,37405,DƯƠNG TRẦN ANH VŨ,238,191,0.8025,43,4,2026-10-02 14:30:46
2095,51-HCM Binh Thanh/Phuong 12 Hub,in-house,Full-Time,134392,NGUYỄN TUẤN THANH,214,170,0.7944,40,4,2026-10-02 14:30:46
2095,51-HCM Binh Thanh/Phuong 12 Hub,in-house,Full-Time,162623,NGUYỄN ĐỨC DUY,117,84,0.7179,26,7,2026-10-02 14:30:46
2095,51-HCM Binh Thanh/Phuong 12 Hub,in-house,Full-Time,88239,HỒ THANH TRANG,141,100,0.7092,33,8,2026-10-02 14:30:46
2095,51-HCM Binh Thanh/Phuong 12 Hub,in-house,Full-Time,81366,THÁI BẢO DUY,154,114,0.7403,38,2,2026-10-02 14:30:46
2095,51-HCM Binh Thanh/Phuong 12 Hub,in-house,Full-Time,1906,LÝ BẢO MINH,229,162,0.7074,59,8,2026-10-02 14:30:46
2095,51-HCM Binh Thanh/Phuong 12 Hub,in-house,Full-Time,106408,HUỲNH KIM LÂN,277,195,0.704,75,7,2026-10-02 14:30:46
2095,51-HCM Binh Thanh/Phuong 12 Hub,in-house,Full-Time,148738,PHẠM TRUNG TÀI,247,173,0.7004,68,6,2026-10-02 14:30:46
2095,51-HCM Binh Thanh/Phuong 12 Hub,in-house,Full-Time,162839,NGUYỄN HÙNG TUẤN ANH,130,91,0.7,36,3,2026-10-02 14:30:46
2095,51-HCM Binh Thanh/Phuong 12 Hub,in-house,Full-Time,151753,NGUYỄN NHẬT KHÁNH,353,251,0.711,98,4,2026-10-02 14:30:46
2095,51-HCM Binh Thanh/Phuong 12 Hub,in-house,Full-Time,58943,MAI NGUYỄN NHẬT VINH,198,143,0.7222,55,0,2026-10-02 14:30:46
2095,51-HCM Binh Thanh/Phuong 12 Hub,in-house,Full-Time,3472,NGUYỄN PHẠM NGỌC HẢI,255,171,0.6706,71,13,2026-10-02 14:30:46
2095,51-HCM Binh Thanh/Phuong 12 Hub,in-house,Full-Time,16593,HỒ PHÚ KIỆT,211,149,0.7062,59,3,2026-10-02 14:30:46
2095,51-HCM Binh Thanh/Phuong 12 Hub,in-house,Full-Time,146309,NGÔ HỮU LỘC,189,119,0.6296,54,16,2026-10-02 14:30:46
2095,51-HCM Binh Thanh/Phuong 12 Hub,in-house,Full-Time,160446,NGUYỄN TẤN DŨNG,233,154,0.6609,67,12,2026-10-02 14:30:46
2095,51-HCM Binh Thanh/Phuong 12 Hub,in-house,Full-Time,161466,LÊ HUỲNH NGỌC PHƯƠNG TOÀN,205,141,0.6878,59,5,2026-10-02 14:30:46
2095,51-HCM Binh Thanh/Phuong 12 Hub,in-house,Full-Time,87042,PHẠM THÀNH NHÂN,231,158,0.684,67,6,2026-10-02 14:30:46
2095,51-HCM Binh Thanh/Phuong 12 Hub,in-house,Full-Time,1907,PHAN LONG PHÚC,231,152,0.658,68,11,2026-10-02 14:30:46
2095,51-HCM Binh Thanh/Phuong 12 Hub,in-house,Full-Time,98131,NGUYỄN VŨ KHOA,195,135,0.6923,58,2,2026-10-02 14:30:46
2095,51-HCM Binh Thanh/Phuong 12 Hub,in-house,Full-Time,21913,NGUYỄN VĂN PHẢI,197,129,0.6548,59,9,2026-10-02 14:30:46
2095,51-HCM Binh Thanh/Phuong 12 Hub,in-house,Full-Time,154201,NGUYỄN MINH TÂN,163,110,0.6748,49,4,2026-10-02 14:30:46
2095,51-HCM Binh Thanh/Phuong 12 Hub,in-house,Full-Time,69259,LÊ TRẦN THANH PHONG,181,125,0.6906,55,1,2026-10-02 14:30:46
2095,51-HCM Binh Thanh/Phuong 12 Hub,in-house,Full-Time,14126,HÀ TRIỀU QUỐC THỊNH,272,183,0.6728,83,6,2026-10-02 14:30:46
2095,51-HCM Binh Thanh/Phuong 12 Hub,in-house,Full-Time,96650,ĐẶNG QUỐC VINH,180,118,0.6556,55,7,2026-10-02 14:30:46
2095,51-HCM Binh Thanh/Phuong 12 Hub,in-house,Full-Time,12496,NGUYỄN QUỐC THẮNG,265,182,0.6868,82,1,2026-10-02 14:30:46
2095,51-HCM Binh Thanh/Phuong 12 Hub,in-house,Full-Time,155169,LÊ QUÝ DUY,113,75,0.6637,35,3,2026-10-02 14:30:46
2095,51-HCM Binh Thanh/Phuong 12 Hub,in-house,Full-Time,33355,LÊ NHỰT THÀNH,297,185,0.6229,92,20,2026-10-02 14:30:46
2095,51-HCM Binh Thanh/Phuong 12 Hub,in-house,Full-Time,149447,TRƯƠNG KIẾN KHANG,284,189,0.6655,89,6,2026-10-02 14:30:46
2095,51-HCM Binh Thanh/Phuong 12 Hub,in-house,Full-Time,67945,CAO CHÍ HIẾU,225,153,0.68,71,1,2026-10-02 14:30:46
2095,51-HCM Binh Thanh/Phuong 12 Hub,in-house,Full-Time,36720,NGUYỄN HÀ TUẤN VŨ,313,204,0.6518,100,9,2026-10-02 14:30:46
2095,51-HCM Binh Thanh/Phuong 12 Hub,in-house,Full-Time,32419,ĐỖ KIM QUÝ,208,137,0.6587,67,4,2026-10-02 14:30:46
2095,51-HCM Binh Thanh/Phuong 12 Hub,in-house,Full-Time,53610,PHẠM THANH LIÊM,220,145,0.6591,71,4,2026-10-02 14:30:46
2095,51-HCM Binh Thanh/Phuong 12 Hub,in-house,Full-Time,18873,NGUYỄN HOÀNG TUẤN VIỆT,297,198,0.6667,97,2,2026-10-02 14:30:46
2095,51-HCM Binh Thanh/Phuong 12 Hub,in-house,Full-Time,88864,TRẦN MINH HOÀNG,198,129,0.6515,67,2,2026-10-02 14:30:46
2095,51-HCM Binh Thanh/Phuong 12 Hub,Hoàng Minh,Full-Time,16107,LÊ QUỲNH ANH THOẠI,288,187,0.6493,98,3,2026-10-02 14:30:46
2095,51-HCM Binh Thanh/Phuong 12 Hub,in-house,Full-Time,91772,NGUYỄN TRUNG TIẾN,196,125,0.6378,67,4,2026-10-02 14:30:46
2095,51-HCM Binh Thanh/Phuong 12 Hub,in-house,Full-Time,81070,LÝ KIẾN THỨC,250,154,0.616,88,8,2026-10-02 14:30:46
2095,51-HCM Binh Thanh/Phuong 12 Hub,in-house,Full-Time,161177,NGUYỄN THANH ĐẠT,219,136,0.621,81,2,2026-10-02 14:30:46
2095,51-HCM Binh Thanh/Phuong 12 Hub,in-house,Full-Time,138149,TRẦN QUỐC VIỆT,245,149,0.6082,92,4,2026-10-02 14:30:46
2095,51-HCM Binh Thanh/Phuong 12 Hub,in-house,Full-Time,5407,TRẦN THÁI THUẬN HOÀNG,288,178,0.6181,109,1,2026-10-02 14:30:46
2095,51-HCM Binh Thanh/Phuong 12 Hub,in-house,Full-Time,92479,MOHAMACH FARUT,309,180,0.5825,117,12,2026-10-02 14:30:46
2095,51-HCM Binh Thanh/Phuong 12 Hub,in-house,Full-Time,7146,TRẦN VĂN LÂM,258,147,0.5698,99,12,2026-10-02 14:30:46
2095,51-HCM Binh Thanh/Phuong 12 Hub,in-house,Full-Time,145707,TRƯƠNG KHÁNH ĐĂNG,249,144,0.5783,96,9,2026-10-02 14:30:46
2095,51-HCM Binh Thanh/Phuong 12 Hub,in-house,Full-Time,59420,ĐỖ KHANG,238,140,0.5882,92,6,2026-10-02 14:30:46
2095,51-HCM Binh Thanh/Phuong 12 Hub,in-house,Full-Time,68503,TRẦN HOÀNG PHÚC,160,88,0.55,62,10,2026-10-02 14:30:46
2095,51-HCM Binh Thanh/Phuong 12 Hub,in-house,Full-Time,162924,TƯƠNG TẤN PHONG,116,67,0.5776,46,3,2026-10-02 14:30:46
2095,51-HCM Binh Thanh/Phuong 12 Hub,in-house,Full-Time,56730,NGUYỄN SỸ PHÚ,199,116,0.5829,79,4,2026-10-02 14:30:46
2095,51-HCM Binh Thanh/Phuong 12 Hub,in-house,Full-Time,162922,PHẠM HUY VŨ,166,87,0.5241,67,12,2026-10-02 14:30:46
2095,51-HCM Binh Thanh/Phuong 12 Hub,in-house,Full-Time,32190,PHAN KIM THÁI,154,82,0.5325,64,8,2026-10-02 14:30:46
2095,51-HCM Binh Thanh/Phuong 12 Hub,in-house,Full-Time,25406,TRẦN NGUYỄN GIA MINH,282,137,0.4858,118,27,2026-10-02 14:30:46
2095,51-HCM Binh Thanh/Phuong 12 Hub,in-house,Full-Time,145567,QUÝ NHÀN,274,147,0.5365,115,12,2026-10-02 14:30:46
2095,51-HCM Binh Thanh/Phuong 12 Hub,in-house,Full-Time,75198,HỒ THÁI TIẾN ĐẠT,371,207,0.558,159,5,2026-10-02 14:30:46
2095,51-HCM Binh Thanh/Phuong 12 Hub,in-house,Full-Time,137674,NGUYỄN VĂN NANG,244,123,0.5041,105,16,2026-10-02 14:30:46
2095,51-HCM Binh Thanh/Phuong 12 Hub,in-house,Full-Time,938,NGUYỄN QUỐC TOÀN,201,109,0.5423,87,5,2026-10-02 14:30:46
2095,51-HCM Binh Thanh/Phuong 12 Hub,in-house,Full-Time,7461,NGUYỄN BÁ TÀI,284,156,0.5493,123,5,2026-10-02 14:30:46
2095,51-HCM Binh Thanh/Phuong 12 Hub,in-house,Full-Time,134827,NGUYỄN MINH HIẾU,326,170,0.5215,143,13,2026-10-02 14:30:46
2095,51-HCM Binh Thanh/Phuong 12 Hub,in-house,Full-Time,103302,NGUYỄN MINH HIẾU,268,148,0.5522,118,2,2026-10-02 14:30:46
2095,51-HCM Binh Thanh/Phuong 12 Hub,in-house,Full-Time,150811,NGUYỄN NGỌC QUÝ,250,131,0.524,114,5,2026-10-02 14:30:46
2095,51-HCM Binh Thanh/Phuong 12 Hub,in-house,Full-Time,149127,HÀ NGỌC GIANG,261,139,0.5326,120,2,2026-10-02 14:30:46
2095,51-HCM Binh Thanh/Phuong 12 Hub,in-house,Full-Time,42743,ĐỖ THÀNH TIẾN,378,162,0.4286,179,37,2026-10-02 14:30:46
2095,51-HCM Binh Thanh/Phuong 12 Hub,in-house,Full-Time,74188,HUỲNH THANH SƠN,190,86,0.4526,93,11,2026-10-02 14:30:46
2095,51-HCM Binh Thanh/Phuong 12 Hub,in-house,Full-Time,98044,TRẦN QUỐC TRÍ,151,69,0.457,77,5,2026-10-02 14:30:46
2095,51-HCM Binh Thanh/Phuong 12 Hub,in-house,Full-Time,149960,TRẦN THANH SANG,240,97,0.4042,125,18,2026-10-02 14:30:46
2095,51-HCM Binh Thanh/Phuong 12 Hub,in-house,Full-Time,36973,DƯƠNG PHẠM HOÀNG DŨNG,281,126,0.4484,147,8,2026-10-02 14:30:46
2095,51-HCM Binh Thanh/Phuong 12 Hub,in-house,Full-Time,129739,LÊ TRẦN HIỀN,167,72,0.4311,88,7,2026-10-02 14:30:46
2095,51-HCM Binh Thanh/Phuong 12 Hub,in-house,Full-Time,109802,HUỲNH TRIỀU VỸ,345,158,0.458,183,4,2026-10-02 14:30:46
2095,51-HCM Binh Thanh/Phuong 12 Hub,in-house,Full-Time,54550,VÒNG TỰ LONG,164,77,0.4695,87,0,2026-10-02 14:30:46
2095,51-HCM Binh Thanh/Phuong 12 Hub,in-house,Full-Time,23746,NGUYỄN ĐĂNG KHOA,251,110,0.4382,136,5,2026-10-02 14:30:46
2095,51-HCM Binh Thanh/Phuong 12 Hub,in-house,Full-Time,88572,LÊ QUỐC BẢO,244,104,0.4262,134,6,2026-10-02 14:30:46
2095,51-HCM Binh Thanh/Phuong 12 Hub,in-house,Full-Time,160019,ĐỖ TRỌNG PHÁT,149,64,0.4295,82,3,2026-10-02 14:30:46
2095,51-HCM Binh Thanh/Phuong 12 Hub,in-house,Full-Time,120107,LÊ QUANG VŨ,376,153,0.4069,211,12,2026-10-02 14:30:46
2095,51-HCM Binh Thanh/Phuong 12 Hub,in-house,Full-Time,130939,PHÙNG TÂM ANH,288,122,0.4236,164,2,2026-10-02 14:30:46
2095,51-HCM Binh Thanh/Phuong 12 Hub,in-house,Full-Time,89581,DƯƠNG HỒ THIÊN LONG,491,171,0.3483,280,40,2026-10-02 14:30:46
2095,51-HCM Binh Thanh/Phuong 12 Hub,in-house,Full-Time,139025,KIỀU MINH NHỰT,264,88,0.3333,152,24,2026-10-02 14:30:46
2095,51-HCM Binh Thanh/Phuong 12 Hub,in-house,Full-Time,57058,PHẠM THẾ BẢO,348,137,0.3937,209,2,2026-10-02 14:30:46
2095,51-HCM Binh Thanh/Phuong 12 Hub,in-house,Full-Time,95096,VÕ TRỊNH THANH TRIỀU,172,63,0.3663,108,1,2026-10-02 14:30:46
2095,51-HCM Binh Thanh/Phuong 12 Hub,in-house,Full-Time,14290,TRẦN ĐỨC HUY,261,89,0.341,168,4,2026-10-02 14:30:46
5731,51-HCM Can Gio/Binh Khanh Hub,in-house,Full-Time,46971,LÊ DUY KHÁNH,28,27,0.9643,0,1,2026-10-02 14:30:46
5731,51-HCM Can Gio/Binh Khanh Hub,in-house,Full-Time,89228,VÕ ANH NAM,57,44,0.7719,5,8,2026-10-02 14:30:46
5731,51-HCM Can Gio/Binh Khanh Hub,in-house,Full-Time,143863,TRẦN GIA AN,79,67,0.8481,9,3,2026-10-02 14:30:46
5731,51-HCM Can Gio/Binh Khanh Hub,in-house,Full-Time,160011,NGUYỄN CHÍ BẢO,112,69,0.6161,29,14,2026-10-02 14:30:46
5731,51-HCM Can Gio/Binh Khanh Hub,in-house,Full-Time,73930,TRẦN TUẤN XINH,154,113,0.7338,40,1,2026-10-02 14:30:46
5731,51-HCM Can Gio/Binh Khanh Hub,in-house,Full-Time,135184,NGUYỄN VĂN NGÀN,69,49,0.7101,19,1,2026-10-02 14:30:46
5731,51-HCM Can Gio/Binh Khanh Hub,in-house,Full-Time,161594,TRƯƠNG HOÀI SƠN,128,76,0.5938,40,12,2026-10-02 14:30:46
5731,51-HCM Can Gio/Binh Khanh Hub,in-house,Full-Time,161327,NGUYỄN ANH QUÂN,62,36,0.5806,24,2,2026-10-02 14:30:46
2442,51-HCM Cu Chi/Binh My Hub,in-house,Full-Time,56054,LÊ VŨ LINH,149,147,0.9866,0,2,2026-10-02 14:30:46
2442,51-HCM Cu Chi/Binh My Hub,in-house,Full-Time,118330,NGUYỄN VĂN MINH,9,9,1,0,0,2026-10-02 14:30:46
2442,51-HCM Cu Chi/Binh My Hub,in-house,Full-Time,89036,HUỲNH MINH TRÍ,145,136,0.9379,3,6,2026-10-02 14:30:46
2442,51-HCM Cu Chi/Binh My Hub,in-house,Full-Time,161045,LÊ MINH HIẾU,136,131,0.9632,4,1,2026-10-02 14:30:46
2442,51-HCM Cu Chi/Binh My Hub,in-house,Full-Time,114908,ĐẶNG MINH HÂN,151,146,0.9669,5,0,2026-10-02 14:30:46
2442,51-HCM Cu Chi/Binh My Hub,in-house,Full-Time,106563,NGÔ NHUẬN PHÁT,202,182,0.901,16,4,2026-10-02 14:30:46
2442,51-HCM Cu Chi/Binh My Hub,in-house,Full-Time,134675,NGUYỄN CHÁNH PHÁT,107,93,0.8692,13,1,2026-10-02 14:30:46
2442,51-HCM Cu Chi/Binh My Hub,in-house,Full-Time,14224,TRẦN QUỐC HÙNG,187,161,0.861,24,2,2026-10-02 14:30:46
2442,51-HCM Cu Chi/Binh My Hub,in-house,Full-Time,117901,NGUYỄN HOÀNG LONG,117,101,0.8632,16,0,2026-10-02 14:30:46
2442,51-HCM Cu Chi/Binh My Hub,in-house,Full-Time,124705,PHAN VĂN CÔNG,127,90,0.7087,30,7,2026-10-02 14:30:46
2442,51-HCM Cu Chi/Binh My Hub,in-house,Full-Time,134711,CAO TẤN PHÁT,149,110,0.7383,36,3,2026-10-02 14:30:46
2442,51-HCM Cu Chi/Binh My Hub,in-house,Full-Time,66700,NGUYỄN MINH NHỰT,150,97,0.6467,47,6,2026-10-02 14:30:46
2442,51-HCM Cu Chi/Binh My Hub,in-house,Full-Time,66692,TRẦN ĐÔNG HUY,199,122,0.6131,73,4,2026-10-02 14:30:46
2442,51-HCM Cu Chi/Binh My Hub,in-house,Full-Time,67735,LÊ HUỲNH KHÁNH ĐẠI,156,84,0.5385,69,3,2026-10-02 14:30:46
2442,51-HCM Cu Chi/Binh My Hub,in-house,Full-Time,116010,HUỲNH QUỐC BẢO,158,85,0.538,72,1,2026-10-02 14:30:46
2442,51-HCM Cu Chi/Binh My Hub,in-house,Full-Time,156306,LÊ PHƯỚC SANG,168,83,0.494,78,7,2026-10-02 14:30:46
2442,51-HCM Cu Chi/Binh My Hub,in-house,Full-Time,149170,NGUYỄN QUANG VINH,156,68,0.4359,83,5,2026-10-02 14:30:46
2442,51-HCM Cu Chi/Binh My Hub,in-house,Full-Time,114903,TRẦN THANH BÌNH,193,87,0.4508,103,3,2026-10-02 14:30:46
2442,51-HCM Cu Chi/Binh My Hub,in-house,Full-Time,117902,CAO ĐẶNG ÚT MINH,135,0,0,135,0,2026-10-02 14:30:46
2199,51-HCM Cu Chi/Phuoc Hiep Hub,in-house,Full-Time,110438,NGUYỄN VĂN THẠCH,93,92,0.9892,0,1,2026-10-02 14:30:47
2199,51-HCM Cu Chi/Phuoc Hiep Hub,in-house,Full-Time,161469,HUỲNH MINH TÂN,65,65,1,0,0,2026-10-02 14:30:47
2199,51-HCM Cu Chi/Phuoc Hiep Hub,in-house,Full-Time,139788,DƯƠNG PHẠM PHÁT ĐẠT,91,84,0.9231,5,2,2026-10-02 14:30:47
2199,51-HCM Cu Chi/Phuoc Hiep Hub,in-house,Full-Time,158677,HUỲNH VĂN THIỆT,90,80,0.8889,8,2,2026-10-02 14:30:47
2199,51-HCM Cu Chi/Phuoc Hiep Hub,in-house,Full-Time,97113,NGUYỄN TRẦN HOÀI NAM,115,90,0.7826,18,7,2026-10-02 14:30:47
2199,51-HCM Cu Chi/Phuoc Hiep Hub,in-house,Full-Time,46038,NGUYỄN THÁI DƯƠNG,130,105,0.8077,25,0,2026-10-02 14:30:47
2199,51-HCM Cu Chi/Phuoc Hiep Hub,in-house,Full-Time,75027,PHẠM CÔNG LỰC,136,100,0.7353,32,4,2026-10-02 14:30:47
2199,51-HCM Cu Chi/Phuoc Hiep Hub,in-house,Full-Time,7458,LÊ THANH NAM,159,113,0.7107,43,3,2026-10-02 14:30:47
2199,51-HCM Cu Chi/Phuoc Hiep Hub,in-house,Full-Time,109804,LÊ DUY KHA,144,97,0.6736,39,8,2026-10-02 14:30:47
2199,51-HCM Cu Chi/Phuoc Hiep Hub,in-house,Full-Time,91778,NGUYỄN MINH KHÔI,74,51,0.6892,21,2,2026-10-02 14:30:47
2199,51-HCM Cu Chi/Phuoc Hiep Hub,in-house,Full-Time,151250,NGUYỄN LÊ PHƯƠNG,126,73,0.5794,44,9,2026-10-02 14:30:47
2199,51-HCM Cu Chi/Phuoc Hiep Hub,in-house,Full-Time,134924,HUỲNH VĂN SƠN,181,111,0.6133,69,1,2026-10-02 14:30:47
2199,51-HCM Cu Chi/Phuoc Hiep Hub,in-house,Full-Time,142539,NGUYỄN ANH TÌNH,204,108,0.5294,96,0,2026-10-02 14:30:47
2199,51-HCM Cu Chi/Phuoc Hiep Hub,in-house,Full-Time,74706,ĐỖ HOÀI LUÂN,98,50,0.5102,47,1,2026-10-02 14:30:47
2199,51-HCM Cu Chi/Phuoc Hiep Hub,in-house,Full-Time,89167,NGUYỄN VĂN ĐỊNH,220,105,0.4773,112,3,2026-10-02 14:30:47
2199,51-HCM Cu Chi/Phuoc Hiep Hub,in-house,Full-Time,7227,TRẦN VĂN SÁNG,30,4,0.1333,26,0,2026-10-02 14:30:47
6164,51-HCM Cu Chi/Tan An Hoi Hub,in-house,Full-Time,32005,PHẠM QUỐC KIỆT,91,90,0.989,0,1,2026-10-02 14:30:47
6164,51-HCM Cu Chi/Tan An Hoi Hub,in-house,Full-Time,89244,VÕ VĂN PHÚC,109,108,0.9908,0,1,2026-10-02 14:30:47
6164,51-HCM Cu Chi/Tan An Hoi Hub,in-house,Full-Time,93676,TRẦN THIÊN PHÚC,150,148,0.9867,0,2,2026-10-02 14:30:47
6164,51-HCM Cu Chi/Tan An Hoi Hub,in-house,Full-Time,97840,HÀ THÀNH LINH,132,126,0.9545,0,6,2026-10-02 14:30:47
6164,51-HCM Cu Chi/Tan An Hoi Hub,in-house,Full-Time,121738,LÊ PHẠM KHƯƠNG DUY,132,126,0.9545,2,4,2026-10-02 14:30:47
6164,51-HCM Cu Chi/Tan An Hoi Hub,in-house,Full-Time,7457,PHẠM HỒNG TẤN,94,92,0.9787,2,0,2026-10-02 14:30:47
6164,51-HCM Cu Chi/Tan An Hoi Hub,in-house,Full-Time,19128,HỒ THANH DUY,152,132,0.8684,7,13,2026-10-02 14:30:47
6164,51-HCM Cu Chi/Tan An Hoi Hub,in-house,Full-Time,22274,NGUYỄN HỮU PHƯỚC,178,163,0.9157,9,6,2026-10-02 14:30:47
6164,51-HCM Cu Chi/Tan An Hoi Hub,in-house,Full-Time,22623,MAI VĂN PHÚ,192,174,0.9063,12,6,2026-10-02 14:30:47
6164,51-HCM Cu Chi/Tan An Hoi Hub,in-house,Full-Time,43305,LÊ VĂN TIỀN,131,121,0.9237,9,1,2026-10-02 14:30:47
6164,51-HCM Cu Chi/Tan An Hoi Hub,in-house,Full-Time,150193,NGUYỄN DOÃN HỒNG SƠN,156,137,0.8782,19,0,2026-10-02 14:30:47
6164,51-HCM Cu Chi/Tan An Hoi Hub,in-house,Full-Time,14846,DƯƠNG TRUNG HIẾU,154,127,0.8247,26,1,2026-10-02 14:30:47
6164,51-HCM Cu Chi/Tan An Hoi Hub,in-house,Full-Time,118318,LÂM HOÀI NAM,103,80,0.7767,22,1,2026-10-02 14:30:47
6164,51-HCM Cu Chi/Tan An Hoi Hub,in-house,Full-Time,125569,TRƯƠNG TRUNG KIÊN,134,102,0.7612,32,0,2026-10-02 14:30:47
6164,51-HCM Cu Chi/Tan An Hoi Hub,in-house,Full-Time,10233,LÊ TẤN TÀI,169,124,0.7337,44,1,2026-10-02 14:30:47
6164,51-HCM Cu Chi/Tan An Hoi Hub,in-house,Full-Time,45186,TÔ TUẤN CƯỜNG,228,152,0.6667,72,4,2026-10-02 14:30:47
6164,51-HCM Cu Chi/Tan An Hoi Hub,in-house,Full-Time,120883,NGUYỄN LÊ ĐẠI DANH,147,99,0.6735,47,1,2026-10-02 14:30:47
6164,51-HCM Cu Chi/Tan An Hoi Hub,in-house,Full-Time,96409,NGUYỄN TRUNG TÍNH,168,96,0.5714,71,1,2026-10-02 14:30:47
6164,51-HCM Cu Chi/Tan An Hoi Hub,in-house,Full-Time,112028,LÊ HẠ SANG,210,115,0.5476,92,3,2026-10-02 14:30:47
2149,51-HCM Cu Chi/Tan Phu Trung Hub,in-house,Full-Time,75350,NGUYỄN XUÂN GIANG,180,174,0.9667,3,3,2026-10-02 14:30:47
2149,51-HCM Cu Chi/Tan Phu Trung Hub,in-house,Full-Time,130682,PHẠM TẤN PHÁT,113,111,0.9823,2,0,2026-10-02 14:30:47
2149,51-HCM Cu Chi/Tan Phu Trung Hub,in-house,Full-Time,106413,NGUYỄN MINH QUANG,173,164,0.948,5,4,2026-10-02 14:30:47
2149,51-HCM Cu Chi/Tan Phu Trung Hub,in-house,Full-Time,74701,NGUYỄN VĨNH PHÁT,202,192,0.9505,6,4,2026-10-02 14:30:47
2149,51-HCM Cu Chi/Tan Phu Trung Hub,in-house,Full-Time,118323,LƯỢNG THANH SANG,81,77,0.9506,3,1,2026-10-02 14:30:47
2149,51-HCM Cu Chi/Tan Phu Trung Hub,in-house,Full-Time,111162,TRẦN TRỌNG XANH,211,194,0.9194,13,4,2026-10-02 14:30:47
2149,51-HCM Cu Chi/Tan Phu Trung Hub,in-house,Full-Time,67630,LÊ THÁI HUY,147,131,0.8912,14,2,2026-10-02 14:30:47
2149,51-HCM Cu Chi/Tan Phu Trung Hub,in-house,Full-Time,110748,ĐÀO LÊ DUY,116,99,0.8534,12,5,2026-10-02 14:30:47
2149,51-HCM Cu Chi/Tan Phu Trung Hub,in-house,Full-Time,77070,VŨ MINH DƯƠNG,166,135,0.8133,29,2,2026-10-02 14:30:47
2149,51-HCM Cu Chi/Tan Phu Trung Hub,in-house,Full-Time,148247,VĂN PHI CÔNG,91,72,0.7912,16,3,2026-10-02 14:30:47
2149,51-HCM Cu Chi/Tan Phu Trung Hub,in-house,Full-Time,123393,NGUYỄN HỮU TRÍ,136,108,0.7941,27,1,2026-10-02 14:30:47
2149,51-HCM Cu Chi/Tan Phu Trung Hub,in-house,Full-Time,45363,PHẠM TẤN CƯỜNG,120,77,0.6417,36,7,2026-10-02 14:30:47
2149,51-HCM Cu Chi/Tan Phu Trung Hub,in-house,Full-Time,7174,MAI CHÍ THANH,142,84,0.5915,48,10,2026-10-02 14:30:47
2149,51-HCM Cu Chi/Tan Phu Trung Hub,in-house,Full-Time,99603,ĐẶNG HOÀNG QUÂN,164,99,0.6037,60,5,2026-10-02 14:30:47
2149,51-HCM Cu Chi/Tan Phu Trung Hub,in-house,Full-Time,111318,NGUYỄN THỊ PHƯƠNG,126,71,0.5635,48,7,2026-10-02 14:30:47
2149,51-HCM Cu Chi/Tan Phu Trung Hub,in-house,Full-Time,150686,BÙI VĂN CẢM,89,52,0.5843,36,1,2026-10-02 14:30:47
2149,51-HCM Cu Chi/Tan Phu Trung Hub,in-house,Full-Time,66209,TRẦN VĂN ĐỦ EM,147,84,0.5714,62,1,2026-10-02 14:30:47
2149,51-HCM Cu Chi/Tan Phu Trung Hub,in-house,Full-Time,150456,TRẦN THANH BÌNH,159,85,0.5346,70,4,2026-10-02 14:30:47
2149,51-HCM Cu Chi/Tan Phu Trung Hub,in-house,Full-Time,122896,ĐẶNG THANH PHONG,149,69,0.4631,77,3,2026-10-02 14:30:47
1387,51-HCM Cu Chi/Tan Thanh Dong Hub,H-Trucking,Full-Time,163137,TRẦN HÀ DUY,3,3,1,0,0,2026-10-02 14:30:47
1387,51-HCM Cu Chi/Tan Thanh Dong Hub,in-house,Full-Time,124530,PHẠM TUẤN ANH,87,78,0.8966,4,5,2026-10-02 14:30:47
1387,51-HCM Cu Chi/Tan Thanh Dong Hub,in-house,Full-Time,84125,PHAN ANH,179,169,0.9441,10,0,2026-10-02 14:30:47
1387,51-HCM Cu Chi/Tan Thanh Dong Hub,in-house,Full-Time,27638,HUỲNH NGỌC THANH NHÃ,152,142,0.9342,10,0,2026-10-02 14:30:47
1387,51-HCM Cu Chi/Tan Thanh Dong Hub,in-house,Full-Time,92473,NGUYỄN HOÀNG THANH TÚ,176,157,0.892,12,7,2026-10-02 14:30:47
1387,51-HCM Cu Chi/Tan Thanh Dong Hub,in-house,Full-Time,115507,NGUYỄN TẤN DƯ,166,151,0.9096,12,3,2026-10-02 14:30:47
1387,51-HCM Cu Chi/Tan Thanh Dong Hub,in-house,Full-Time,90235,NGUYỄN TIẾN DŨNG,170,156,0.9176,13,1,2026-10-02 14:30:47
1387,51-HCM Cu Chi/Tan Thanh Dong Hub,in-house,Full-Time,143001,LÊ HỮU TÍNH,116,105,0.9052,10,1,2026-10-02 14:30:47
1387,51-HCM Cu Chi/Tan Thanh Dong Hub,in-house,Full-Time,116646,PHAN VĂN THUẬN,100,84,0.84,9,7,2026-10-02 14:30:47
1387,51-HCM Cu Chi/Tan Thanh Dong Hub,in-house,Full-Time,91995,LÊ TẤN LONG THÀNH,203,169,0.8325,21,13,2026-10-02 14:30:47
1387,51-HCM Cu Chi/Tan Thanh Dong Hub,in-house,Full-Time,64099,HUỲNH THÂN TRỌNG HUY,179,155,0.8659,19,5,2026-10-02 14:30:47
1387,51-HCM Cu Chi/Tan Thanh Dong Hub,in-house,Full-Time,80296,NGUYỄN THÁI BẢO,136,119,0.875,15,2,2026-10-02 14:30:47
1387,51-HCM Cu Chi/Tan Thanh Dong Hub,in-house,Full-Time,77940,LÊ QUỐC TRUNG,188,158,0.8404,27,3,2026-10-02 14:30:47
1387,51-HCM Cu Chi/Tan Thanh Dong Hub,in-house,Full-Time,102828,NGUYỄN HUỲNH THANH TRÀ,118,87,0.7373,26,5,2026-10-02 14:30:47
1387,51-HCM Cu Chi/Tan Thanh Dong Hub,in-house,Full-Time,109167,HỒ TUẤN ANH,187,139,0.7433,44,4,2026-10-02 14:30:47
1387,51-HCM Cu Chi/Tan Thanh Dong Hub,in-house,Full-Time,96726,LÊ VĂN ĐẠI,182,135,0.7418,45,2,2026-10-02 14:30:47
1387,51-HCM Cu Chi/Tan Thanh Dong Hub,in-house,Full-Time,159673,BÙI THANH PHONG,93,69,0.7419,24,0,2026-10-02 14:30:47
1387,51-HCM Cu Chi/Tan Thanh Dong Hub,in-house,Full-Time,73928,NGUYỄN THANH HIẾU,200,129,0.645,70,1,2026-10-02 14:30:47
1387,51-HCM Cu Chi/Tan Thanh Dong Hub,in-house,Full-Time,8294,TRẦN TRỌNG NGHĨA,135,77,0.5704,48,10,2026-10-02 14:30:47
1387,51-HCM Cu Chi/Tan Thanh Dong Hub,in-house,Full-Time,45157,LÊ THANH TUẤN,164,103,0.628,61,0,2026-10-02 14:30:47
1387,51-HCM Cu Chi/Tan Thanh Dong Hub,in-house,Full-Time,147961,NGUYỄN ANH HÀO,158,89,0.5633,65,4,2026-10-02 14:30:47
1387,51-HCM Cu Chi/Tan Thanh Dong Hub,in-house,Full-Time,161680,HUỲNH GIA PHÚC,94,52,0.5532,41,1,2026-10-02 14:30:47
1387,51-HCM Cu Chi/Tan Thanh Dong Hub,in-house,Full-Time,27956,NGUYỄN TRUNG TÍN,107,58,0.5421,49,0,2026-10-02 14:30:47
1387,51-HCM Cu Chi/Tan Thanh Dong Hub,in-house,Full-Time,67577,VÕ TRẦN TAM,162,83,0.5123,77,2,2026-10-02 14:30:47
1387,51-HCM Cu Chi/Tan Thanh Dong Hub,in-house,Full-Time,72972,CHÂU NGỌC TẤN TÀI,163,59,0.362,101,3,2026-10-02 14:30:47
1390,51-HCM Cu Chi/Trung Lap Thuong Hub,in-house,Full-Time,96851,NGUYỄN THANH THIỆN,114,103,0.9035,0,11,2026-10-02 14:30:47
1390,51-HCM Cu Chi/Trung Lap Thuong Hub,in-house,Full-Time,8081,NGUYỄN MINH DƯƠNG,161,152,0.9441,5,4,2026-10-02 14:30:47
1390,51-HCM Cu Chi/Trung Lap Thuong Hub,in-house,Full-Time,83908,QUẢN UYÊN UÔNG MINH,101,93,0.9208,7,1,2026-10-02 14:30:47
1390,51-HCM Cu Chi/Trung Lap Thuong Hub,in-house,Full-Time,7455,LÊ HOÀNG SƠN,223,197,0.8834,23,3,2026-10-02 14:30:47
1390,51-HCM Cu Chi/Trung Lap Thuong Hub,in-house,Full-Time,57770,NGUYỄN VĂN HUY,131,111,0.8473,17,3,2026-10-02 14:30:47
1390,51-HCM Cu Chi/Trung Lap Thuong Hub,in-house,Full-Time,7226,CAO MINH TRÍ,98,72,0.7347,26,0,2026-10-02 14:30:47
1390,51-HCM Cu Chi/Trung Lap Thuong Hub,in-house,Full-Time,147121,LÊ NGUYỄN HOÀNG HUY,123,85,0.6911,37,1,2026-10-02 14:30:47
1390,51-HCM Cu Chi/Trung Lap Thuong Hub,in-house,Full-Time,82566,NGUYỄN TRUNG HIẾU,171,116,0.6784,54,1,2026-10-02 14:30:47
1390,51-HCM Cu Chi/Trung Lap Thuong Hub,in-house,Full-Time,99704,NGUYỄN HUỲNH DUY KHANG,155,100,0.6452,51,4,2026-10-02 14:30:47
1390,51-HCM Cu Chi/Trung Lap Thuong Hub,in-house,Full-Time,77398,HUỲNH CHÍ CÔNG,160,97,0.6063,59,4,2026-10-02 14:30:47
1390,51-HCM Cu Chi/Trung Lap Thuong Hub,in-house,Full-Time,111152,NGUYỄN ĐỨC TOÀN,140,85,0.6071,52,3,2026-10-02 14:30:47
1390,51-HCM Cu Chi/Trung Lap Thuong Hub,in-house,Full-Time,121029,NGUYỄN HỮU TRUNG,228,133,0.5833,93,2,2026-10-02 14:30:47
1390,51-HCM Cu Chi/Trung Lap Thuong Hub,in-house,Full-Time,45472,HUỲNH MINH TUYỂN,206,110,0.534,90,6,2026-10-02 14:30:47
1390,51-HCM Cu Chi/Trung Lap Thuong Hub,in-house,Full-Time,109792,NGUYỄN NGỌC NAM,202,96,0.4752,92,14,2026-10-02 14:30:47
1390,51-HCM Cu Chi/Trung Lap Thuong Hub,in-house,Full-Time,144062,TRẦN TẤN TRÍ,233,111,0.4764,115,7,2026-10-02 14:30:47
4228,51-HCM D10/Dien Hong Hub,in-house,Full-Time,55865,LÊ PHẠM MINH NHẬT,183,173,0.9454,5,5,2026-10-02 14:30:47
4228,51-HCM D10/Dien Hong Hub,in-house,Full-Time,12198,ĐẶNG NGỌC TRÚC,214,196,0.9159,11,7,2026-10-02 14:30:47
4228,51-HCM D10/Dien Hong Hub,in-house,Full-Time,26027,THÁI ANH THẮNG,241,197,0.8174,41,3,2026-10-02 14:30:47
4228,51-HCM D10/Dien Hong Hub,in-house,Full-Time,159054,NGUYỄN CAO QUỐC,174,142,0.8161,31,1,2026-10-02 14:30:47
4228,51-HCM D10/Dien Hong Hub,in-house,Full-Time,92486,PHÙNG THANH BẢO,258,210,0.814,46,2,2026-10-02 14:30:47
4228,51-HCM D10/Dien Hong Hub,in-house,Full-Time,126777,VƯƠNG BỈNH HUY,268,213,0.7948,52,3,2026-10-02 14:30:47
4228,51-HCM D10/Dien Hong Hub,in-house,Full-Time,51822,ĐẶNG MINH LUÂN,215,171,0.7953,42,2,2026-10-02 14:30:47
4228,51-HCM D10/Dien Hong Hub,in-house,Full-Time,117295,LÝ PHÁT,268,207,0.7724,60,1,2026-10-02 14:30:47
4228,51-HCM D10/Dien Hong Hub,in-house,Full-Time,52400,LA VU TRIỂN HUY,232,172,0.7414,53,7,2026-10-02 14:30:47
4228,51-HCM D10/Dien Hong Hub,in-house,Full-Time,97333,NGUYỄN TIẾN THÔNG,167,114,0.6826,39,14,2026-10-02 14:30:47
4228,51-HCM D10/Dien Hong Hub,in-house,Full-Time,9591,PHẠM THANH LÂM,299,227,0.7592,70,2,2026-10-02 14:30:47
4228,51-HCM D10/Dien Hong Hub,in-house,Full-Time,52148,NGUYỄN THÀNH LUÂN,249,184,0.739,59,6,2026-10-02 14:30:47
4228,51-HCM D10/Dien Hong Hub,in-house,Full-Time,29115,PHẠM ĐÌNH TUẤN ANH,277,200,0.722,71,6,2026-10-02 14:30:47
4228,51-HCM D10/Dien Hong Hub,in-house,Full-Time,25683,TRẦN QUỐC ĐĂNG KHOA,332,241,0.7259,87,4,2026-10-02 14:30:47
4228,51-HCM D10/Dien Hong Hub,in-house,Full-Time,25980,HÀ TRƯỞNG TUẤN,206,149,0.7233,54,3,2026-10-02 14:30:47
4228,51-HCM D10/Dien Hong Hub,in-house,Full-Time,119530,NGUYỄN HOÀNG PHÚC,243,177,0.7284,64,2,2026-10-02 14:30:47
4228,51-HCM D10/Dien Hong Hub,in-house,Full-Time,68803,NGUYỄN VĂN NGUYÊN,165,118,0.7152,44,3,2026-10-02 14:30:47
4228,51-HCM D10/Dien Hong Hub,in-house,Full-Time,16666,VƯƠNG BỒI LÂM,314,221,0.7038,85,8,2026-10-02 14:30:47
4228,51-HCM D10/Dien Hong Hub,in-house,Full-Time,6250,HUỲNH LỘC PHÚ,210,151,0.719,57,2,2026-10-02 14:30:47
4228,51-HCM D10/Dien Hong Hub,in-house,Full-Time,124604,PHẠM ANH NGHĨA,187,136,0.7273,51,0,2026-10-02 14:30:47
4228,51-HCM D10/Dien Hong Hub,in-house,Full-Time,23839,TRƯƠNG NGỌC QUÝ,214,150,0.7009,59,5,2026-10-02 14:30:47
4228,51-HCM D10/Dien Hong Hub,in-house,Full-Time,1400,NGUYỄN VĂN HẬU,249,174,0.6988,70,5,2026-10-02 14:30:47
4228,51-HCM D10/Dien Hong Hub,in-house,Full-Time,12158,LẠI PHƯƠNG DUY,284,197,0.6937,80,7,2026-10-02 14:30:47
4228,51-HCM D10/Dien Hong Hub,in-house,Full-Time,42853,NGUYỄN KIẾN TRUNG,265,184,0.6943,75,6,2026-10-02 14:30:47
4228,51-HCM D10/Dien Hong Hub,in-house,Full-Time,3402,VŨ TRỌNG HUY,272,188,0.6912,78,6,2026-10-02 14:30:47
4228,51-HCM D10/Dien Hong Hub,in-house,Full-Time,114249,LƯ Ý THUẬN,275,190,0.6909,79,6,2026-10-02 14:30:47
4228,51-HCM D10/Dien Hong Hub,in-house,Full-Time,91631,LÊ HOÀNG LONG,264,185,0.7008,76,3,2026-10-02 14:30:47
4228,51-HCM D10/Dien Hong Hub,in-house,Full-Time,21517,DƯƠNG CHÍ QUANG,223,147,0.6592,66,10,2026-10-02 14:30:47
4228,51-HCM D10/Dien Hong Hub,in-house,Full-Time,124870,LÊ VĂN NGÔ,198,137,0.6919,60,1,2026-10-02 14:30:47
4228,51-HCM D10/Dien Hong Hub,in-house,Full-Time,67443,TRẦN CẨM HỒNG,254,174,0.685,77,3,2026-10-02 14:30:47
4228,51-HCM D10/Dien Hong Hub,in-house,Full-Time,92488,VÕ QUỐC LẬP,238,163,0.6849,73,2,2026-10-02 14:30:47
4228,51-HCM D10/Dien Hong Hub,in-house,Full-Time,49815,VÕ MINH CHIẾN,207,134,0.6473,64,9,2026-10-02 14:30:47
4228,51-HCM D10/Dien Hong Hub,in-house,Full-Time,126582,TRẦN VĨNH THẠNH,273,174,0.6374,90,9,2026-10-02 14:30:47
4228,51-HCM D10/Dien Hong Hub,in-house,Full-Time,119520,NGÔ QUỐC BẢO,141,93,0.6596,48,0,2026-10-02 14:30:47
4228,51-HCM D10/Dien Hong Hub,in-house,Full-Time,58765,TRẦN MÃN TẤN,205,131,0.639,70,4,2026-10-02 14:30:47
4228,51-HCM D10/Dien Hong Hub,in-house,Full-Time,97014,CAO NGỌC HUỲNH,304,199,0.6546,105,0,2026-10-02 14:30:47
4228,51-HCM D10/Dien Hong Hub,in-house,Full-Time,16804,TRẦN DUY TÙNG,185,115,0.6216,64,6,2026-10-02 14:30:47
4228,51-HCM D10/Dien Hong Hub,in-house,Full-Time,98125,TRẦN MINH THẮNG,233,145,0.6223,83,5,2026-10-02 14:30:47
4228,51-HCM D10/Dien Hong Hub,in-house,Full-Time,5723,TRẦN DỈNH TÀI,252,153,0.6071,91,8,2026-10-02 14:30:47
4228,51-HCM D10/Dien Hong Hub,in-house,Full-Time,12361,TRẦN TRUNG TÍN,229,141,0.6157,85,3,2026-10-02 14:30:47
4228,51-HCM D10/Dien Hong Hub,in-house,Full-Time,22867,VÕ QUỐC NAM,215,122,0.5674,86,7,2026-10-02 14:30:47
4228,51-HCM D10/Dien Hong Hub,in-house,Full-Time,71575,VƯƠNG CẢNH HUY,281,145,0.516,120,16,2026-10-02 14:30:47
4228,51-HCM D10/Dien Hong Hub,in-house,Full-Time,45280,NGUYỄN TRỌNG NGUYỄN,289,155,0.5363,132,2,2026-10-02 14:30:47
4228,51-HCM D10/Dien Hong Hub,in-house,Full-Time,46016,NGUYỄN TUẤN TRUNG,338,180,0.5325,155,3,2026-10-02 14:30:47
4228,51-HCM D10/Dien Hong Hub,in-house,Full-Time,51965,TRẦN VĂN PHÚ,199,106,0.5327,92,1,2026-10-02 14:30:47
4228,51-HCM D10/Dien Hong Hub,in-house,Full-Time,16358,DƯƠNG HOÀI DŨNG,223,114,0.5112,106,3,2026-10-02 14:30:47
4228,51-HCM D10/Dien Hong Hub,in-house,Full-Time,112023,LƯƠNG QUỐC HUY,235,112,0.4766,119,4,2026-10-02 14:30:47
4228,51-HCM D10/Dien Hong Hub,in-house,Full-Time,33775,HỒ HOÀNG KHANG,185,82,0.4432,101,2,2026-10-02 14:30:47
4625,51-HCM D10/Hoa Hung Hub,in-house,Full-Time,49940,QUÁCH ĐẠT THÔNG,188,177,0.9415,8,3,2026-10-02 14:30:47
4625,51-HCM D10/Hoa Hung Hub,in-house,Full-Time,82225,PHẠM MINH THUẬN,148,123,0.8311,8,17,2026-10-02 14:30:47
4625,51-HCM D10/Hoa Hung Hub,in-house,Full-Time,25113,LAI HỮU TÀI,195,176,0.9026,12,7,2026-10-02 14:30:47
4625,51-HCM D10/Hoa Hung Hub,in-house,Full-Time,33896,NGUYỄN MINH HOÀNG,247,223,0.9028,22,2,2026-10-02 14:30:47
4625,51-HCM D10/Hoa Hung Hub,in-house,Full-Time,97011,LÊ HUỲNH PHI LONG,303,258,0.8515,28,17,2026-10-02 14:30:47
4625,51-HCM D10/Hoa Hung Hub,in-house,Full-Time,24581,VÕ MINH HOÀNG,276,243,0.8804,30,3,2026-10-02 14:30:47
4625,51-HCM D10/Hoa Hung Hub,in-house,Full-Time,14775,LẠC CHÍ TÂM,227,188,0.8282,27,12,2026-10-02 14:30:47
4625,51-HCM D10/Hoa Hung Hub,in-house,Full-Time,15316,TRẦN NGỌC VINH,233,198,0.8498,33,2,2026-10-02 14:30:47
4625,51-HCM D10/Hoa Hung Hub,in-house,Full-Time,61504,NGUYỄN NGỌC LONG,205,167,0.8146,30,8,2026-10-02 14:30:47
4625,51-HCM D10/Hoa Hung Hub,in-house,Full-Time,84038,TRẦN LÂM MINH ĐẠI,180,152,0.8444,27,1,2026-10-02 14:30:47
4625,51-HCM D10/Hoa Hung Hub,in-house,Full-Time,68674,ĐOÀN VÕ HOÀNG TUẤN,247,201,0.8138,41,5,2026-10-02 14:30:47
4625,51-HCM D10/Hoa Hung Hub,in-house,Full-Time,30159,PHAN QUỐC BẢO,233,191,0.8197,40,2,2026-10-02 14:30:47
4625,51-HCM D10/Hoa Hung Hub,in-house,Full-Time,6658,VÒNG VĨNH CƯỜNG,332,264,0.7952,63,5,2026-10-02 14:30:47
4625,51-HCM D10/Hoa Hung Hub,in-house,Full-Time,84841,CAO DƯƠNG HẢI,201,133,0.6617,39,29,2026-10-02 14:30:47
4625,51-HCM D10/Hoa Hung Hub,in-house,Full-Time,62596,HUỲNH NHẬT HẢI,309,223,0.7217,73,13,2026-10-02 14:30:47
4625,51-HCM D10/Hoa Hung Hub,in-house,Full-Time,33760,PHAN TRỌNG LINH,279,201,0.7204,66,12,2026-10-02 14:30:47
4625,51-HCM D10/Hoa Hung Hub,in-house,Full-Time,123590,LÊ MINH,187,126,0.6738,47,14,2026-10-02 14:30:47
4625,51-HCM D10/Hoa Hung Hub,in-house,Full-Time,33500,LÝ HUỲNH CHÍ LƯƠNG,285,207,0.7263,77,1,2026-10-02 14:30:47
4625,51-HCM D10/Hoa Hung Hub,in-house,Full-Time,55936,NGUYỄN CÔNG TUỆ,227,157,0.6916,63,7,2026-10-02 14:30:47
4625,51-HCM D10/Hoa Hung Hub,in-house,Full-Time,71111,PHẠM TIẾN LÂM,281,197,0.7011,80,4,2026-10-02 14:30:47
4625,51-HCM D10/Hoa Hung Hub,in-house,Full-Time,34575,NGUYỄN DŨNG TÂM,349,234,0.6705,108,7,2026-10-02 14:30:47
4625,51-HCM D10/Hoa Hung Hub,in-house,Full-Time,135035,THÁI ANH MINH,345,234,0.6783,108,3,2026-10-02 14:30:47
4625,51-HCM D10/Hoa Hung Hub,in-house,Full-Time,91977,TRƯƠNG LẬP HÀO,327,215,0.6575,109,3,2026-10-02 14:30:47
4625,51-HCM D10/Hoa Hung Hub,in-house,Full-Time,33209,LÊ NHỰT MINH,284,183,0.6444,97,4,2026-10-02 14:30:47
4625,51-HCM D10/Hoa Hung Hub,in-house,Full-Time,95293,ĐỖ THÁI TÂM,369,223,0.6043,129,17,2026-10-02 14:30:47
4625,51-HCM D10/Hoa Hung Hub,in-house,Full-Time,14622,ĐÀM CHÍ BẢO,138,87,0.6304,49,2,2026-10-02 14:30:47
4625,51-HCM D10/Hoa Hung Hub,in-house,Full-Time,101303,NGUYỄN HOÀNG NGHĨA,143,91,0.6364,51,1,2026-10-02 14:30:47
4625,51-HCM D10/Hoa Hung Hub,in-house,Full-Time,80582,NGUYỄN TUẤN THÔNG,151,96,0.6358,54,1,2026-10-02 14:30:47
4625,51-HCM D10/Hoa Hung Hub,in-house,Full-Time,835,NGÔ TẤN THÀNH,282,161,0.5709,101,20,2026-10-02 14:30:47
4625,51-HCM D10/Hoa Hung Hub,in-house,Full-Time,28625,LA TRƯỜNG SƠN,321,201,0.6262,118,2,2026-10-02 14:30:47
4625,51-HCM D10/Hoa Hung Hub,in-house,Full-Time,81699,NGUYỄN MINH ĐỨC,233,143,0.6137,88,2,2026-10-02 14:30:47
4625,51-HCM D10/Hoa Hung Hub,in-house,Full-Time,1558,TRẦN TRỌNG NHÂN,262,155,0.5916,101,6,2026-10-02 14:30:47
4625,51-HCM D10/Hoa Hung Hub,in-house,Full-Time,162118,TRẦN NGỌC HÙNG,273,161,0.5897,107,5,2026-10-02 14:30:47
4625,51-HCM D10/Hoa Hung Hub,in-house,Full-Time,99705,LÊ XUÂN HÙNG,366,213,0.582,150,3,2026-10-02 14:30:47
4625,51-HCM D10/Hoa Hung Hub,in-house,Full-Time,44783,NGUYỄN HOÀNG HÙNG,252,146,0.5794,104,2,2026-10-02 14:30:47
4625,51-HCM D10/Hoa Hung Hub,in-house,Full-Time,68663,TRẦN THÀNH PHÚC,339,196,0.5782,142,1,2026-10-02 14:30:47
4625,51-HCM D10/Hoa Hung Hub,in-house,Full-Time,53164,BÙI VĨNH PHÁT,283,160,0.5654,119,4,2026-10-02 14:30:47
4625,51-HCM D10/Hoa Hung Hub,in-house,Full-Time,16260,HÀ NGUYỄN PHƯƠNG NAM,241,134,0.556,103,4,2026-10-02 14:30:47
4625,51-HCM D10/Hoa Hung Hub,in-house,Full-Time,104863,MẠC TÔ MẪN,145,82,0.5655,62,1,2026-10-02 14:30:47
4625,51-HCM D10/Hoa Hung Hub,in-house,Full-Time,1596,MAI THANH DUY,308,163,0.5292,137,8,2026-10-02 14:30:47
4625,51-HCM D10/Hoa Hung Hub,in-house,Full-Time,146515,THÁI DÂN DIỆU,317,166,0.5237,142,9,2026-10-02 14:30:47
4625,51-HCM D10/Hoa Hung Hub,in-house,Full-Time,870,VÕ MINH TRỌNG,364,189,0.5192,169,6,2026-10-02 14:30:47
4625,51-HCM D10/Hoa Hung Hub,in-house,Full-Time,13083,QUÁCH ĐẠT KIỆN,188,96,0.5106,89,3,2026-10-02 14:30:47
4625,51-HCM D10/Hoa Hung Hub,in-house,Full-Time,6001,NGUYỄN BỮU ĐĂNG,330,156,0.4727,165,9,2026-10-02 14:30:47
4625,51-HCM D10/Hoa Hung Hub,in-house,Full-Time,73619,ĐỒNG HỮU TIẾN,205,86,0.4195,118,1,2026-10-02 14:30:47
4625,51-HCM D10/Hoa Hung Hub,in-house,Full-Time,115765,ĐẶNG TRUNG KIÊN,247,90,0.3644,152,5,2026-10-02 14:30:47
4625,51-HCM D10/Hoa Hung Hub,in-house,Full-Time,543,TRỊNH CÔNG,255,91,0.3569,158,6,2026-10-02 14:30:47
5039,51-HCM D10/Truong Son Hub,in-house,Full-Time,3662,PHAN TRỌNG KHOA,116,114,0.9828,0,2,2026-10-02 14:30:47
5039,51-HCM D10/Truong Son Hub,in-house,Full-Time,18784,ÔN CHÍ LƯƠNG,155,152,0.9806,0,3,2026-10-02 14:30:47
5039,51-HCM D10/Truong Son Hub,in-house,Full-Time,86499,MAI PHƯỚC TÀI,145,142,0.9793,0,3,2026-10-02 14:30:47
5039,51-HCM D10/Truong Son Hub,in-house,Full-Time,98127,LÊ LƯU HOÀNG ANH TUẤN,116,109,0.9397,0,7,2026-10-02 14:30:47
5039,51-HCM D10/Truong Son Hub,in-house,Full-Time,44404,NGUYỄN ĐỨC QUYẾT,118,117,0.9915,1,0,2026-10-02 14:30:47
5039,51-HCM D10/Truong Son Hub,in-house,Full-Time,139758,NGUYỄN LƯ THANH THÁI,137,120,0.8759,5,12,2026-10-02 14:30:47
5039,51-HCM D10/Truong Son Hub,in-house,Full-Time,35622,ĐOÀN LONG QUÝ,181,173,0.9558,7,1,2026-10-02 14:30:47
5039,51-HCM D10/Truong Son Hub,in-house,Full-Time,48559,LÝ THÀNH ĐẠT,166,156,0.9398,10,0,2026-10-02 14:30:47
5039,51-HCM D10/Truong Son Hub,in-house,Full-Time,36670,TRƯƠNG QUÍ THUẬN,232,206,0.8879,22,4,2026-10-02 14:30:47
5039,51-HCM D10/Truong Son Hub,in-house,Full-Time,47604,NGUYỄN HOÀNG TÂY,183,152,0.8306,21,10,2026-10-02 14:30:47
5039,51-HCM D10/Truong Son Hub,in-house,Full-Time,6698,DƯƠNG VỸ HÙNG,292,257,0.8801,34,1,2026-10-02 14:30:47
5039,51-HCM D10/Truong Son Hub,in-house,Full-Time,35959,CAO BÁ PHÁT,196,167,0.852,24,5,2026-10-02 14:30:47
5039,51-HCM D10/Truong Son Hub,in-house,Full-Time,153023,TRẦN VIỆT HOÀNG,161,139,0.8634,20,2,2026-10-02 14:30:47
5039,51-HCM D10/Truong Son Hub,in-house,Full-Time,16783,NGUYỄN MINH HÙNG,185,156,0.8432,25,4,2026-10-02 14:30:47
5039,51-HCM D10/Truong Son Hub,in-house,Full-Time,97117,NGUYỄN ĐÌNH PHÁT,125,104,0.832,17,4,2026-10-02 14:30:47
5039,51-HCM D10/Truong Son Hub,in-house,Full-Time,93662,PHÙNG NGUYỄN XUÂN THẮNG,200,165,0.825,33,2,2026-10-02 14:30:47
5039,51-HCM D10/Truong Son Hub,in-house,Full-Time,22106,NGUYỄN PHẠM VĂN GIỎI,147,118,0.8027,25,4,2026-10-02 14:30:47
5039,51-HCM D10/Truong Son Hub,in-house,Full-Time,103439,LÊ VŨ THANH BÌNH,128,103,0.8047,23,2,2026-10-02 14:30:47
5039,51-HCM D10/Truong Son Hub,in-house,Full-Time,32856,ĐINH ĐỨC THÀNH,184,144,0.7826,34,6,2026-10-02 14:30:47
5039,51-HCM D10/Truong Son Hub,in-house,Full-Time,31800,HOÀNG ĐỨC TOÀN,186,147,0.7903,35,4,2026-10-02 14:30:47
5039,51-HCM D10/Truong Son Hub,in-house,Full-Time,33558,TRƯƠNG THÀNH DANH,217,175,0.8065,42,0,2026-10-02 14:30:47
5039,51-HCM D10/Truong Son Hub,in-house,Full-Time,18984,KIỀU MINH ĐỨC,204,158,0.7745,41,5,2026-10-02 14:30:47
5039,51-HCM D10/Truong Son Hub,in-house,Full-Time,143861,LƯƠNG THẾ VINH,178,135,0.7584,36,7,2026-10-02 14:30:47
5039,51-HCM D10/Truong Son Hub,in-house,Full-Time,45630,ĐỒNG THANH TÚ,230,176,0.7652,49,5,2026-10-02 14:30:47
5039,51-HCM D10/Truong Son Hub,in-house,Full-Time,35277,NGUYỄN TRƯƠNG THÀNH VÂN,187,144,0.7701,43,0,2026-10-02 14:30:47
5039,51-HCM D10/Truong Son Hub,in-house,Full-Time,22977,TẠ XUÂN TÀI,241,178,0.7386,58,5,2026-10-02 14:30:47
5039,51-HCM D10/Truong Son Hub,in-house,Full-Time,18795,NGUYỄN QUANG THÀNH LỘC,181,135,0.7459,44,2,2026-10-02 14:30:47
5039,51-HCM D10/Truong Son Hub,in-house,Full-Time,2229,HOÀNG ANH TUẤN,157,114,0.7261,40,3,2026-10-02 14:30:47
5039,51-HCM D10/Truong Son Hub,in-house,Full-Time,3356,ĐÀO NGỌC TRÍ,247,169,0.6842,64,14,2026-10-02 14:30:47
5039,51-HCM D10/Truong Son Hub,in-house,Full-Time,135827,NGUYỄN VĂN TRÍ,123,77,0.626,32,14,2026-10-02 14:30:47
5039,51-HCM D10/Truong Son Hub,in-house,Full-Time,48014,TRẦN VŨ HÀO,231,168,0.7273,62,1,2026-10-02 14:30:47
5039,51-HCM D10/Truong Son Hub,in-house,Full-Time,94773,LÊ MINH CƯỜNG,208,147,0.7067,56,5,2026-10-02 14:30:47
5039,51-HCM D10/Truong Son Hub,in-house,Full-Time,161987,HÀ VĨNH DINH,110,72,0.6545,31,7,2026-10-02 14:30:47
5039,51-HCM D10/Truong Son Hub,in-house,Full-Time,26047,LÊ PHAN NHẤT DUY,191,132,0.6911,55,4,2026-10-02 14:30:47
5039,51-HCM D10/Truong Son Hub,in-house,Full-Time,75515,VŨ THÀNH TRUNG HIẾU,191,133,0.6963,55,3,2026-10-02 14:30:47
5039,51-HCM D10/Truong Son Hub,in-house,Full-Time,130533,NGUYỄN MINH QUÂN,166,109,0.6566,49,8,2026-10-02 14:30:47
5039,51-HCM D10/Truong Son Hub,in-house,Full-Time,75520,TRẦN THIỆN THANH,191,131,0.6859,57,3,2026-10-02 14:30:47
5039,51-HCM D10/Truong Son Hub,in-house,Full-Time,1121,NGUYỄN TRƯỜNG DUY,231,154,0.6667,69,8,2026-10-02 14:30:47
5039,51-HCM D10/Truong Son Hub,in-house,Full-Time,57049,CHÂU THANH PHONG,188,122,0.6489,61,5,2026-10-02 14:30:47
5039,51-HCM D10/Truong Son Hub,in-house,Full-Time,61583,VĂN QUANG DĨ,165,105,0.6364,54,6,2026-10-02 14:30:47
5039,51-HCM D10/Truong Son Hub,in-house,Full-Time,143529,NGUYỄN PHI LONG,182,113,0.6209,63,6,2026-10-02 14:30:47
5039,51-HCM D10/Truong Son Hub,in-house,Full-Time,147084,HUỲNH THUẬN PHÁT,139,88,0.6331,49,2,2026-10-02 14:30:47
5039,51-HCM D10/Truong Son Hub,in-house,Full-Time,110271,TRẦN VŨ BẢO,221,139,0.629,79,3,2026-10-02 14:30:47
5039,51-HCM D10/Truong Son Hub,in-house,Full-Time,52760,HỒNG MINH SANG,210,130,0.619,76,4,2026-10-02 14:30:47
5039,51-HCM D10/Truong Son Hub,in-house,Full-Time,43812,MAI HOÀNG ĐỨC,261,154,0.59,100,7,2026-10-02 14:30:47
5039,51-HCM D10/Truong Son Hub,in-house,Full-Time,75518,NGUYỄN THỊ PHƯƠNG NGA,185,108,0.5838,74,3,2026-10-02 14:30:47
5039,51-HCM D10/Truong Son Hub,in-house,Full-Time,22555,NGUYỄN TRUNG HIẾU,194,112,0.5773,78,4,2026-10-02 14:30:47
5039,51-HCM D10/Truong Son Hub,in-house,Full-Time,97116,TRẦN MINH TIẾN,163,91,0.5583,66,6,2026-10-02 14:30:47
5039,51-HCM D10/Truong Son Hub,in-house,Full-Time,14897,LÊ TUẤN TÚ,191,108,0.5654,78,5,2026-10-02 14:30:47
5039,51-HCM D10/Truong Son Hub,in-house,Full-Time,95702,NGUYỄN TẤN ĐẠT,331,174,0.5257,141,16,2026-10-02 14:30:47
5039,51-HCM D10/Truong Son Hub,in-house,Full-Time,96212,NGUYỄN KHẮC SƠN,238,125,0.5252,106,7,2026-10-02 14:30:47
5039,51-HCM D10/Truong Son Hub,in-house,Full-Time,16268,TRẦN HẢI ĐĂNG,211,111,0.5261,97,3,2026-10-02 14:30:47
5039,51-HCM D10/Truong Son Hub,in-house,Full-Time,152332,ĐOÀN CHIẾN TRƯỜNG,225,118,0.5244,104,3,2026-10-02 14:30:47
5039,51-HCM D10/Truong Son Hub,in-house,Full-Time,100110,TRẦN KHÁNH DUY,147,70,0.4762,68,9,2026-10-02 14:30:47
5039,51-HCM D10/Truong Son Hub,in-house,Full-Time,26639,TRẦN ĐỨC PHƯƠNG,252,122,0.4841,126,4,2026-10-02 14:30:47
5039,51-HCM D10/Truong Son Hub,in-house,Full-Time,41763,TRƯƠNG VĂN THÀNH,307,145,0.4723,157,5,2026-10-02 14:30:47
5039,51-HCM D10/Truong Son Hub,in-house,Full-Time,147737,NGUYỄN LÊ MINH ĐỨC,167,76,0.4551,89,2,2026-10-02 14:30:47
5039,51-HCM D10/Truong Son Hub,in-house,Full-Time,106,DƯƠNG QUỐC PHONG,290,126,0.4345,158,6,2026-10-02 14:30:47
5039,51-HCM D10/Truong Son Hub,in-house,Full-Time,44374,NGUYỄN MINH NHỰT,212,91,0.4292,117,4,2026-10-02 14:30:47
5039,51-HCM D10/Truong Son Hub,in-house,Full-Time,33367,PHAN ANH TÂY,273,108,0.3956,163,2,2026-10-02 14:30:47
5039,51-HCM D10/Truong Son Hub,in-house,Full-Time,1901,HUỲNH QUANG ANH THIÊN,171,26,0.152,145,0,2026-10-02 14:30:47
4293,51-HCM D11/Binh Thoi Hub,in-house,Full-Time,1902,HUỲNH THANH PHÚ,1,1,1,0,0,2026-10-02 14:30:47
4293,51-HCM D11/Binh Thoi Hub,in-house,Full-Time,12292,NGUYỄN NGỌC SANG,189,168,0.8889,0,21,2026-10-02 14:30:47
4293,51-HCM D11/Binh Thoi Hub,in-house,Full-Time,50006,PHÚN CHĂN VÁY,159,157,0.9874,0,2,2026-10-02 14:30:47
4293,51-HCM D11/Binh Thoi Hub,in-house,Full-Time,89233,TRẦN NGỌC TRÂN,170,166,0.9765,2,2,2026-10-02 14:30:47
4293,51-HCM D11/Binh Thoi Hub,in-house,Full-Time,86853,PHẠM VĂN HẬU,205,164,0.8,40,1,2026-10-02 14:30:47
4293,51-HCM D11/Binh Thoi Hub,in-house,Full-Time,90420,HỒ QUỐC HOÀ,254,190,0.748,58,6,2026-10-02 14:30:47
4293,51-HCM D11/Binh Thoi Hub,in-house,Full-Time,122087,TRỊNH ĐỨC LỢI,331,243,0.7341,79,9,2026-10-02 14:30:47
4293,51-HCM D11/Binh Thoi Hub,in-house,Full-Time,47392,LÊ XUÂN TÍN,258,188,0.7287,63,7,2026-10-02 14:30:47
4293,51-HCM D11/Binh Thoi Hub,in-house,Full-Time,132184,LÊ MINH HẠP,256,187,0.7305,63,6,2026-10-02 14:30:47
4293,51-HCM D11/Binh Thoi Hub,in-house,Full-Time,7137,TRẦN TRIỂN VŨ,209,151,0.7225,53,5,2026-10-02 14:30:47
4293,51-HCM D11/Binh Thoi Hub,in-house,Full-Time,12220,NGUYỄN HỮU BẢO,193,142,0.7358,50,1,2026-10-02 14:30:47
4293,51-HCM D11/Binh Thoi Hub,in-house,Full-Time,56455,LÊ THÀNH NGHỊ,205,146,0.7122,57,2,2026-10-02 14:30:47
4293,51-HCM D11/Binh Thoi Hub,in-house,Full-Time,120239,TRẦN PHƯỚC LÂM,141,92,0.6525,45,4,2026-10-02 14:30:47
4293,51-HCM D11/Binh Thoi Hub,in-house,Full-Time,64107,NGUYỄN DANH HOÀNG HIẾU,297,191,0.6431,102,4,2026-10-02 14:30:47
4293,51-HCM D11/Binh Thoi Hub,in-house,Full-Time,128759,LÝ CHÍ VINH,253,162,0.6403,88,3,2026-10-02 14:30:47
4293,51-HCM D11/Binh Thoi Hub,in-house,Full-Time,14754,NGUYỄN THỊ PHƯƠNG QUYÊN,1,0,0,1,0,2026-10-02 14:30:47
2318,51-HCM D11/Phuong 15 Hub,in-house,Full-Time,8299,MÃ HÁN TÀI,165,151,0.9152,14,0,2026-10-02 14:30:47
2318,51-HCM D11/Phuong 15 Hub,in-house,Full-Time,147537,HÀ TUẤN PHÁT,20,18,0.9,2,0,2026-10-02 14:30:47
2318,51-HCM D11/Phuong 15 Hub,in-house,Full-Time,95,TRẦN ANH KIỆT,187,151,0.8075,29,7,2026-10-02 14:30:47
2318,51-HCM D11/Phuong 15 Hub,in-house,Full-Time,57995,HUỲNH HỒNG HƯNG,198,157,0.7929,36,5,2026-10-02 14:30:47
2318,51-HCM D11/Phuong 15 Hub,in-house,Full-Time,106904,HUỲNH CHÍNH THÀNH,225,182,0.8089,41,2,2026-10-02 14:30:47
2318,51-HCM D11/Phuong 15 Hub,in-house,Full-Time,3520,PHÙNG BỈNH TÍN,199,147,0.7387,46,6,2026-10-02 14:30:47
2318,51-HCM D11/Phuong 15 Hub,in-house,Full-Time,31654,NGUYỄN QUANG HẢI,209,141,0.6746,60,8,2026-10-02 14:30:47
2318,51-HCM D11/Phuong 15 Hub,in-house,Full-Time,16284,MAI THIÊN PHƯỚC,202,139,0.6881,61,2,2026-10-02 14:30:47
2318,51-HCM D11/Phuong 15 Hub,in-house,Full-Time,52339,NGUYỄN MINH TUẤN,142,93,0.6549,48,1,2026-10-02 14:30:47
2318,51-HCM D11/Phuong 15 Hub,in-house,Full-Time,14612,NGUYỄN HOÀNG THANH TÙNG,239,126,0.5272,107,6,2026-10-02 14:30:47
2318,51-HCM D11/Phuong 15 Hub,in-house,Full-Time,1512,TRƯƠNG VÕ HOÀI BẢO,285,151,0.5298,132,2,2026-10-02 14:30:47
2318,51-HCM D11/Phuong 15 Hub,in-house,Full-Time,71453,TĂNG GIA BẢO,233,0,0,233,0,2026-10-02 14:30:47
2421,51-HCM D12/Dong Hung Thuan Hub,in-house,Full-Time,4127,NGUYỄN VŨ PHONG,195,193,0.9897,0,2,2026-10-02 14:30:47
2421,51-HCM D12/Dong Hung Thuan Hub,in-house,Full-Time,31030,NGUYỄN MINH TÂN,160,158,0.9875,0,2,2026-10-02 14:30:47
2421,51-HCM D12/Dong Hung Thuan Hub,in-house,Full-Time,68891,HÀ MẠNH NGUYÊN,163,161,0.9877,0,2,2026-10-02 14:30:47
2421,51-HCM D12/Dong Hung Thuan Hub,in-house,Full-Time,95026,NGUYỄN VĂN TÌNH,163,137,0.8405,0,26,2026-10-02 14:30:47
2421,51-HCM D12/Dong Hung Thuan Hub,in-house,Full-Time,96206,TRẦN ĐỨC ANH,159,158,0.9937,0,1,2026-10-02 14:30:47
2421,51-HCM D12/Dong Hung Thuan Hub,in-house,Full-Time,117629,NGUYỄN ĐẠT PHƯƠNG,195,193,0.9897,1,1,2026-10-02 14:30:47
2421,51-HCM D12/Dong Hung Thuan Hub,in-house,Full-Time,37803,NGUYỄN HUỲNH NGỌC ÂN,238,210,0.8824,8,20,2026-10-02 14:30:47
2421,51-HCM D12/Dong Hung Thuan Hub,in-house,Full-Time,59610,NGUYỄN MAI LINH,261,235,0.9004,24,2,2026-10-02 14:30:47
2421,51-HCM D12/Dong Hung Thuan Hub,in-house,Full-Time,77588,NGUYỄN CHÍ HẢI,202,170,0.8416,20,12,2026-10-02 14:30:47
2421,51-HCM D12/Dong Hung Thuan Hub,in-house,Full-Time,97119,LÊ VĂN NGHIÊM,208,181,0.8702,22,5,2026-10-02 14:30:47
2421,51-HCM D12/Dong Hung Thuan Hub,in-house,Full-Time,111171,KIỀU GIA HƯNG,174,142,0.8161,28,4,2026-10-02 14:30:47
2421,51-HCM D12/Dong Hung Thuan Hub,in-house,Full-Time,60132,NGUYỄN VĂN THÌN,217,160,0.7373,47,10,2026-10-02 14:30:47
2421,51-HCM D12/Dong Hung Thuan Hub,in-house,Full-Time,46501,NGUYỄN ĐỨC SONG,168,125,0.744,38,5,2026-10-02 14:30:47
2396,51-HCM D12/Le Thi Rieng Hub,in-house,Full-Time,40898,VŨ NGỌC HÀ,1,1,1,0,0,2026-10-02 14:30:47
2396,51-HCM D12/Le Thi Rieng Hub,in-house,Full-Time,119516,NGUYỄN VĂN NGÂN,145,134,0.9241,0,11,2026-10-02 14:30:47
2396,51-HCM D12/Le Thi Rieng Hub,in-house,Full-Time,34472,NGUYỄN LÊ THẾ ANH,206,167,0.8107,34,5,2026-10-02 14:30:47
2396,51-HCM D12/Le Thi Rieng Hub,in-house,Full-Time,39340,TRỊNH HOÀNG QUÂN,249,192,0.7711,46,11,2026-10-02 14:30:47
2396,51-HCM D12/Le Thi Rieng Hub,in-house,Full-Time,9348,ĐÀM QUỐC VƯƠNG,218,166,0.7615,46,6,2026-10-02 14:30:47
2396,51-HCM D12/Le Thi Rieng Hub,in-house,Full-Time,149786,NGUYỄN TRƯỜNG AN,227,170,0.7489,50,7,2026-10-02 14:30:47
2396,51-HCM D12/Le Thi Rieng Hub,in-house,Full-Time,157349,NGUYỄN TOÀN THẮNG,238,164,0.6891,67,7,2026-10-02 14:30:47
2396,51-HCM D12/Le Thi Rieng Hub,in-house,Full-Time,37955,TRẦN TRỌNG TÍN,239,159,0.6653,68,12,2026-10-02 14:30:47
2396,51-HCM D12/Le Thi Rieng Hub,in-house,Full-Time,66418,NGUYỄN QUANG TRƯỜNG,232,153,0.6595,66,13,2026-10-02 14:30:47
2396,51-HCM D12/Le Thi Rieng Hub,in-house,Full-Time,64766,NGUYỄN MINH TRÍ,202,131,0.6485,59,12,2026-10-02 14:30:47
2396,51-HCM D12/Le Thi Rieng Hub,in-house,Full-Time,16658,LÊ TÙNG QUANG,252,166,0.6587,78,8,2026-10-02 14:30:47
2396,51-HCM D12/Le Thi Rieng Hub,in-house,Full-Time,71330,VÕ VĂN NGHĨA,203,122,0.601,69,12,2026-10-02 14:30:47
2396,51-HCM D12/Le Thi Rieng Hub,in-house,Full-Time,134051,NGUYỄN CẢNH MINH,208,132,0.6346,71,5,2026-10-02 14:30:47
2396,51-HCM D12/Le Thi Rieng Hub,in-house,Full-Time,58660,NGUYỄN THÁI DƯƠNG,185,118,0.6378,64,3,2026-10-02 14:30:47
2396,51-HCM D12/Le Thi Rieng Hub,in-house,Full-Time,94298,TRẦN HỮU CHIẾN,259,161,0.6216,90,8,2026-10-02 14:30:47
2396,51-HCM D12/Le Thi Rieng Hub,in-house,Full-Time,2102,ĐÀM QUỐC VINH,260,168,0.6462,92,0,2026-10-02 14:30:47
2396,51-HCM D12/Le Thi Rieng Hub,in-house,Full-Time,137691,ĐINH VĂN MẢO,184,108,0.587,73,3,2026-10-02 14:30:47
2316,51-HCM D12/Le Van Khuong Hub,in-house,Full-Time,109182,NGUYỄN VĂN MINH,82,82,1,0,0,2026-10-02 14:30:47
2316,51-HCM D12/Le Van Khuong Hub,in-house,Full-Time,147085,NGUYỄN QUANG HIẾU,100,96,0.96,4,0,2026-10-02 14:30:47
2316,51-HCM D12/Le Van Khuong Hub,in-house,Full-Time,2671,LÊ VẸN,170,130,0.7647,36,4,2026-10-02 14:30:47
2316,51-HCM D12/Le Van Khuong Hub,in-house,Full-Time,9001,LÊ BÌNH,311,236,0.7588,69,6,2026-10-02 14:30:47
2316,51-HCM D12/Le Van Khuong Hub,in-house,Full-Time,15189,NGUYỄN VĂN LIÊM,212,152,0.717,55,5,2026-10-02 14:30:47
2316,51-HCM D12/Le Van Khuong Hub,in-house,Full-Time,136127,ĐÀO ĐỨC THỊNH,141,100,0.7092,37,4,2026-10-02 14:30:47
2316,51-HCM D12/Le Van Khuong Hub,in-house,Full-Time,119526,TÔ THANH VĨNH,224,153,0.683,66,5,2026-10-02 14:30:47
2316,51-HCM D12/Le Van Khuong Hub,in-house,Full-Time,1609,TRƯƠNG CÔNG SƠN,265,184,0.6943,79,2,2026-10-02 14:30:47
2316,51-HCM D12/Le Van Khuong Hub,in-house,Full-Time,75352,NGUYỄN THANH LONG,246,164,0.6667,76,6,2026-10-02 14:30:47
2316,51-HCM D12/Le Van Khuong Hub,in-house,Full-Time,125902,TRẦN THANH HÀ,177,108,0.6102,63,6,2026-10-02 14:30:47
2316,51-HCM D12/Le Van Khuong Hub,in-house,Full-Time,19071,HUỲNH NGUYỄN THÁI VƯƠNG,295,184,0.6237,108,3,2026-10-02 14:30:47
2316,51-HCM D12/Le Van Khuong Hub,in-house,Full-Time,44739,NGUYỄN MINH HẢI,168,101,0.6012,62,5,2026-10-02 14:30:47
2316,51-HCM D12/Le Van Khuong Hub,in-house,Full-Time,37446,TRẦN KHÁNH THIỆN,222,110,0.4955,110,2,2026-10-02 14:30:47
2316,51-HCM D12/Le Van Khuong Hub,in-house,Full-Time,77246,NGUYỄN VĂN ĐẠT,265,126,0.4755,134,5,2026-10-02 14:30:47
2316,51-HCM D12/Le Van Khuong Hub,in-house,Full-Time,15081,NGUYỄN VĂN THANH LONG,355,121,0.3408,228,6,2026-10-02 14:30:47
2316,51-HCM D12/Le Van Khuong Hub,in-house,Full-Time,132602,TRẦN QUỐC KHÔI,155,54,0.3484,101,0,2026-10-02 14:30:47
2316,51-HCM D12/Le Van Khuong Hub,in-house,Full-Time,153810,ĐINH MINH TUẤN,87,20,0.2299,67,0,2026-10-02 14:30:47
4785,51-HCM D12/Nguyen Van Qua Hub,in-house,Full-Time,86161,NGUYỄN HỮU TÌNH,93,88,0.9462,0,5,2026-10-02 14:30:47
4785,51-HCM D12/Nguyen Van Qua Hub,in-house,Full-Time,101302,NGUYỄN CHÍ HÀO,215,161,0.7488,51,3,2026-10-02 14:30:47
4785,51-HCM D12/Nguyen Van Qua Hub,in-house,Full-Time,48278,NGUYỄN NGỌC MINH CHÂU,168,126,0.75,40,2,2026-10-02 14:30:47
4785,51-HCM D12/Nguyen Van Qua Hub,in-house,Full-Time,117306,PHAN TẤN TÀI,243,151,0.6214,62,30,2026-10-02 14:30:47
4785,51-HCM D12/Nguyen Van Qua Hub,in-house,Full-Time,77582,PHẠM THANH PHONG,131,91,0.6947,37,3,2026-10-02 14:30:47
4785,51-HCM D12/Nguyen Van Qua Hub,in-house,Full-Time,123594,TRẦN THANH HUY,227,158,0.696,66,3,2026-10-02 14:30:47
4785,51-HCM D12/Nguyen Van Qua Hub,in-house,Full-Time,95706,PHẠM QUỐC HÀO,219,148,0.6758,65,6,2026-10-02 14:30:47
4785,51-HCM D12/Nguyen Van Qua Hub,in-house,Full-Time,70683,NGUYỄN MINH KHANG,208,137,0.6587,63,8,2026-10-02 14:30:47
4785,51-HCM D12/Nguyen Van Qua Hub,in-house,Full-Time,8286,TRẦN VĂN NHƠN,226,151,0.6681,71,4,2026-10-02 14:30:47
4785,51-HCM D12/Nguyen Van Qua Hub,in-house,Full-Time,76793,ĐỖ THANH SANG,197,130,0.6599,65,2,2026-10-02 14:30:47
4785,51-HCM D12/Nguyen Van Qua Hub,in-house,Full-Time,38218,VŨ CÔNG HIẾU,234,143,0.6111,81,10,2026-10-02 14:30:47
4785,51-HCM D12/Nguyen Van Qua Hub,in-house,Full-Time,76700,NGUYỄN CAO NGHĨA,256,157,0.6133,90,9,2026-10-02 14:30:47
4785,51-HCM D12/Nguyen Van Qua Hub,in-house,Full-Time,117622,TRẦN THANH ĐẢM,260,158,0.6077,93,9,2026-10-02 14:30:47
4785,51-HCM D12/Nguyen Van Qua Hub,in-house,Full-Time,119517,NGUYỄN QUỐC HÒA,252,144,0.5714,97,11,2026-10-02 14:30:47
4785,51-HCM D12/Nguyen Van Qua Hub,in-house,Full-Time,149295,PHẠM QUỐC MINH,208,118,0.5673,89,1,2026-10-02 14:30:47
1872,51-HCM D12/Thanh Loc Hub,in-house,Full-Time,4666,TRẦN MINH CHÂU,164,153,0.9329,0,11,2026-10-02 14:30:47
1872,51-HCM D12/Thanh Loc Hub,in-house,Full-Time,128162,PHẠM KHẢ TRỌNG,124,111,0.8952,0,13,2026-10-02 14:30:47
1872,51-HCM D12/Thanh Loc Hub,in-house,Full-Time,116417,NGUYỄN ĐĂNG HẠNH PHÚC,236,227,0.9619,1,8,2026-10-02 14:30:47
1872,51-HCM D12/Thanh Loc Hub,in-house,Full-Time,162117,NGUYỄN KHẮC MINH DŨNG,174,155,0.8908,6,13,2026-10-02 14:30:47
1872,51-HCM D12/Thanh Loc Hub,in-house,Full-Time,42110,TRẦN NGỌC BÌNH,144,127,0.8819,13,4,2026-10-02 14:30:47
1872,51-HCM D12/Thanh Loc Hub,in-house,Full-Time,95879,LÊ MINH TÙNG,197,167,0.8477,19,11,2026-10-02 14:30:47
1872,51-HCM D12/Thanh Loc Hub,in-house,Full-Time,3757,NGUYỄN VĂN PHÚC,179,154,0.8603,19,6,2026-10-02 14:30:47
1872,51-HCM D12/Thanh Loc Hub,in-house,Full-Time,140299,HUỲNH VĂN HẬU,133,106,0.797,18,9,2026-10-02 14:30:47
1872,51-HCM D12/Thanh Loc Hub,in-house,Full-Time,71329,DƯƠNG MINH TIỀN,173,131,0.7572,24,18,2026-10-02 14:30:47
1872,51-HCM D12/Thanh Loc Hub,in-house,Full-Time,17189,NGUYỄN ĐỨC ANH TÀI,213,155,0.7277,40,18,2026-10-02 14:30:47
1872,51-HCM D12/Thanh Loc Hub,in-house,Full-Time,64350,NGUYỄN QUỐC BẢO,207,159,0.7681,40,8,2026-10-02 14:30:47
1872,51-HCM D12/Thanh Loc Hub,in-house,Full-Time,138649,NGUYỄN VĂN PHƯỚC,174,124,0.7126,46,4,2026-10-02 14:30:47
1872,51-HCM D12/Thanh Loc Hub,in-house,Full-Time,134181,NGHỊ HỒNG TÂM,257,169,0.6576,78,10,2026-10-02 14:30:47
1872,51-HCM D12/Thanh Loc Hub,in-house,Full-Time,157978,ĐÀO VĂN LAM SƠN,184,105,0.5707,62,17,2026-10-02 14:30:47
1872,51-HCM D12/Thanh Loc Hub,in-house,Full-Time,125090,ĐỖ CHÍ THÀNH,169,100,0.5917,64,5,2026-10-02 14:30:47
1872,51-HCM D12/Thanh Loc Hub,in-house,Full-Time,64754,NGUYỄN VĂN TIẾN,152,88,0.5789,59,5,2026-10-02 14:30:47
1872,51-HCM D12/Thanh Loc Hub,in-house,Full-Time,43147,NGUYỄN MINH TÂM,287,174,0.6063,113,0,2026-10-02 14:30:47
1872,51-HCM D12/Thanh Loc Hub,in-house,Full-Time,22373,TRƯƠNG HOÀNG VŨ,167,94,0.5629,68,5,2026-10-02 14:30:47
1872,51-HCM D12/Thanh Loc Hub,in-house,Full-Time,142277,NGUYỄN VĂN NAM,272,152,0.5588,115,5,2026-10-02 14:30:47
1872,51-HCM D12/Thanh Loc Hub,in-house,Full-Time,92467,LÊ NGỌC BẢO CHÂU,183,96,0.5246,78,9,2026-10-02 14:30:47
1872,51-HCM D12/Thanh Loc Hub,in-house,Full-Time,139035,PHẠM VĂN NHÂN,151,80,0.5298,69,2,2026-10-02 14:30:47
1872,51-HCM D12/Thanh Loc Hub,in-house,Full-Time,54564,ĐINH NGUYỄN TẤN TÀI,188,101,0.5372,87,0,2026-10-02 14:30:47
1872,51-HCM D12/Thanh Loc Hub,in-house,Full-Time,126335,LÊ HOÀNG TÂN,222,106,0.4775,111,5,2026-10-02 14:30:47
1872,51-HCM D12/Thanh Loc Hub,in-house,Full-Time,39907,NGUYỄN QUỐC DUY,364,175,0.4808,186,3,2026-10-02 14:30:47
1872,51-HCM D12/Thanh Loc Hub,in-house,Full-Time,33040,TRẦN QUANG THÁI,242,96,0.3967,140,6,2026-10-02 14:30:47
1872,51-HCM D12/Thanh Loc Hub,in-house,Full-Time,141821,NGUYỄN ĐẠT TIẾN,196,81,0.4133,115,0,2026-10-02 14:30:47
1872,51-HCM D12/Thanh Loc Hub,in-house,Full-Time,121038,ĐỖ CHẤN PHONG,154,54,0.3506,96,4,2026-10-02 14:30:47
1872,51-HCM D12/Thanh Loc Hub,in-house,Full-Time,130685,NGUYỄN TRUNG HIẾU,234,67,0.2863,160,7,2026-10-02 14:30:47
2260,51-HCM D12/Thanh Xuan Hub,in-house,Full-Time,134921,TRẦN TUẤN ĐẠT,1,1,1,0,0,2026-10-02 14:30:47
2260,51-HCM D12/Thanh Xuan Hub,in-house,Full-Time,144539,TRẦN QUANG TRƯỜNG,172,155,0.9012,2,15,2026-10-02 14:30:47
2260,51-HCM D12/Thanh Xuan Hub,in-house,Full-Time,145301,LÊ QUANG VIỄN,141,132,0.9362,8,1,2026-10-02 14:30:47
2260,51-HCM D12/Thanh Xuan Hub,in-house,Full-Time,67593,NGUYỄN TUẤN ANH,234,192,0.8205,20,22,2026-10-02 14:30:47
2260,51-HCM D12/Thanh Xuan Hub,in-house,Full-Time,51862,TRẦN THỊ NHƯ QUỲNH,182,149,0.8187,23,10,2026-10-02 14:30:47
2260,51-HCM D12/Thanh Xuan Hub,in-house,Full-Time,37302,NGUYỄN TẤN LỘC,158,128,0.8101,23,7,2026-10-02 14:30:47
2260,51-HCM D12/Thanh Xuan Hub,in-house,Full-Time,114692,TRẦN THỊ HUỲNH NHƯ,247,197,0.7976,50,0,2026-10-02 14:30:47
2260,51-HCM D12/Thanh Xuan Hub,in-house,Full-Time,157672,PHẠM VÕ MINH TÂN,197,156,0.7919,40,1,2026-10-02 14:30:47
2260,51-HCM D12/Thanh Xuan Hub,in-house,Full-Time,136980,TRẦN NGỌC TỶ,215,163,0.7581,46,6,2026-10-02 14:30:47
2260,51-HCM D12/Thanh Xuan Hub,in-house,Full-Time,145898,BÙI ĐỨC TÍN,152,115,0.7566,33,4,2026-10-02 14:30:47
2260,51-HCM D12/Thanh Xuan Hub,in-house,Full-Time,127980,NGUYỄN THANH TÒNG,181,129,0.7127,42,10,2026-10-02 14:30:47
2260,51-HCM D12/Thanh Xuan Hub,in-house,Full-Time,59241,LÊ MINH AN,218,156,0.7156,55,7,2026-10-02 14:30:47
2260,51-HCM D12/Thanh Xuan Hub,in-house,Full-Time,85263,NHIÊU ĐỨC THẮNG,303,220,0.7261,79,4,2026-10-02 14:30:47
2260,51-HCM D12/Thanh Xuan Hub,in-house,Full-Time,156229,NGUYỄN TRẦN HOÀN ANH,218,159,0.7294,59,0,2026-10-02 14:30:47
2260,51-HCM D12/Thanh Xuan Hub,in-house,Full-Time,45790,NGUYỄN PHƯỚC THỌ,213,154,0.723,58,1,2026-10-02 14:30:47
2260,51-HCM D12/Thanh Xuan Hub,in-house,Full-Time,48986,HUỲNH PHÁT QUI,220,154,0.7,63,3,2026-10-02 14:30:47
2260,51-HCM D12/Thanh Xuan Hub,in-house,Full-Time,156842,NGUYỄN HOÀNG DŨNG,151,102,0.6755,44,5,2026-10-02 14:30:47
2260,51-HCM D12/Thanh Xuan Hub,in-house,Full-Time,100744,NGUYỄN VĂN VŨ LUÂN,192,126,0.6563,59,7,2026-10-02 14:30:47
2260,51-HCM D12/Thanh Xuan Hub,in-house,Full-Time,158804,LÊ VĂN PHẢI,152,100,0.6579,48,4,2026-10-02 14:30:47
2260,51-HCM D12/Thanh Xuan Hub,in-house,Full-Time,149172,NGUYỄN TRỌNG TUẤN,126,76,0.6032,41,9,2026-10-02 14:30:47
2260,51-HCM D12/Thanh Xuan Hub,in-house,Full-Time,135470,HÀ TẤN TÀI,185,123,0.6649,61,1,2026-10-02 14:30:47
2260,51-HCM D12/Thanh Xuan Hub,in-house,Full-Time,98873,LÂM TRẦN TẤN NHỰT,205,131,0.639,73,1,2026-10-02 14:30:47
2260,51-HCM D12/Thanh Xuan Hub,in-house,Full-Time,136993,HOÀNG PHÙNG HƯNG,139,79,0.5683,53,7,2026-10-02 14:30:47
2260,51-HCM D12/Thanh Xuan Hub,in-house,Full-Time,151357,TRẦN QUỐC DŨNG,147,83,0.5646,57,7,2026-10-02 14:30:47
2260,51-HCM D12/Thanh Xuan Hub,in-house,Full-Time,115243,VÕ ĐÌNH LONG,194,108,0.5567,79,7,2026-10-02 14:30:47
2260,51-HCM D12/Thanh Xuan Hub,in-house,Full-Time,20303,NGUYỄN THỊ TƯƠI,180,99,0.55,78,3,2026-10-02 14:30:47
2260,51-HCM D12/Thanh Xuan Hub,in-house,Full-Time,33372,TRẦN PHONG,207,101,0.4879,99,7,2026-10-02 14:30:47
2260,51-HCM D12/Thanh Xuan Hub,in-house,Full-Time,157596,PHAN HỮU PHÚC,135,68,0.5037,65,2,2026-10-02 14:30:47
2260,51-HCM D12/Thanh Xuan Hub,in-house,Full-Time,125890,TRƯƠNG VĂN TÍNH,222,107,0.482,115,0,2026-10-02 14:30:47
2260,51-HCM D12/Thanh Xuan Hub,in-house,Full-Time,159055,NGUYỄN HOÀNG SANG,133,58,0.4361,72,3,2026-10-02 14:30:47
2260,51-HCM D12/Thanh Xuan Hub,in-house,Full-Time,161042,NGUYỄN QUỐC TRẦM,0,0,0,0,0,2026-10-02 14:30:47
1808,51-HCM D12/Thoi An Hub,in-house,Full-Time,71576,TRẦN VĂN HÙNG,216,190,0.8796,6,20,2026-10-02 14:30:47
1808,51-HCM D12/Thoi An Hub,in-house,Full-Time,52700,VÕ NAM SƠN,176,162,0.9205,6,8,2026-10-02 14:30:47
1808,51-HCM D12/Thoi An Hub,in-house,Full-Time,67590,MẠC VŨ TUẤN HIẾU,168,161,0.9583,6,1,2026-10-02 14:30:47
1808,51-HCM D12/Thoi An Hub,in-house,Full-Time,15371,ĐẶNG NHÂN QUYỀN,234,217,0.9274,10,7,2026-10-02 14:30:47
1808,51-HCM D12/Thoi An Hub,in-house,Full-Time,34473,ĐẶNG PHƯƠNG NAM,251,230,0.9163,18,3,2026-10-02 14:30:47
1808,51-HCM D12/Thoi An Hub,in-house,Full-Time,142283,PHẠM MAI PHI LONG,246,205,0.8333,38,3,2026-10-02 14:30:47
1808,51-HCM D12/Thoi An Hub,in-house,Full-Time,22732,HUỲNH THANH TÙNG,215,169,0.786,38,8,2026-10-02 14:30:47
1808,51-HCM D12/Thoi An Hub,in-house,Full-Time,20383,LÊ NGUYỄN HOÀI BẢO,147,105,0.7143,27,15,2026-10-02 14:30:47
1808,51-HCM D12/Thoi An Hub,in-house,Full-Time,95883,PHẠM NGỌC HÙNG,205,161,0.7854,39,5,2026-10-02 14:30:47
1808,51-HCM D12/Thoi An Hub,in-house,Full-Time,15279,NGUYỄN MINH PHI,189,142,0.7513,36,11,2026-10-02 14:30:47
1808,51-HCM D12/Thoi An Hub,in-house,Full-Time,114899,LÊ ĐỨC THÀNH,149,115,0.7718,31,3,2026-10-02 14:30:47
1808,51-HCM D12/Thoi An Hub,in-house,Full-Time,75247,TRƯƠNG THÀNH TÂM,176,135,0.767,39,2,2026-10-02 14:30:47
1808,51-HCM D12/Thoi An Hub,in-house,Full-Time,33038,NGUYỄN VĂN CƯỜNG,146,111,0.7603,34,1,2026-10-02 14:30:47
1808,51-HCM D12/Thoi An Hub,in-house,Full-Time,133821,NGUYỄN THÀNH TRUNG,205,156,0.761,48,1,2026-10-02 14:30:47
1808,51-HCM D12/Thoi An Hub,in-house,Full-Time,1211,LÊ PHÚC LAI,204,151,0.7402,51,2,2026-10-02 14:30:47
1808,51-HCM D12/Thoi An Hub,in-house,Full-Time,1947,LÊ TOÀN,233,170,0.7296,59,4,2026-10-02 14:30:47
1808,51-HCM D12/Thoi An Hub,in-house,Full-Time,91373,NGUYỄN HUỲNH PHI,170,113,0.6647,44,13,2026-10-02 14:30:47
1808,51-HCM D12/Thoi An Hub,in-house,Full-Time,119080,BÙI XUÂN PHƯỚC,247,176,0.7126,68,3,2026-10-02 14:30:47
1808,51-HCM D12/Thoi An Hub,in-house,Full-Time,13398,BÙI VĂN THẾ,218,153,0.7018,61,4,2026-10-02 14:30:47
1808,51-HCM D12/Thoi An Hub,in-house,Full-Time,38446,NGUYỄN THẾ VIỄN,244,172,0.7049,70,2,2026-10-02 14:30:47
1808,51-HCM D12/Thoi An Hub,in-house,Full-Time,3760,LÊ HOÀNG VŨ,247,171,0.6923,73,3,2026-10-02 14:30:47
1808,51-HCM D12/Thoi An Hub,in-house,Full-Time,23565,NGUYỄN TẤN LỢI,213,132,0.6197,77,4,2026-10-02 14:30:47
1808,51-HCM D12/Thoi An Hub,in-house,Full-Time,16010,ĐỒNG TẤN CẢNH,233,145,0.6223,85,3,2026-10-02 14:30:47
1808,51-HCM D12/Thoi An Hub,in-house,Full-Time,69845,NGUYỄN THANH HÙNG,227,137,0.6035,87,3,2026-10-02 14:30:47
1808,51-HCM D12/Thoi An Hub,in-house,Full-Time,101157,VÕ THÀNH DANH,182,111,0.6099,71,0,2026-10-02 14:30:47
1808,51-HCM D12/Thoi An Hub,in-house,Full-Time,126585,NGUYỄN HOÀNG VŨ,206,120,0.5825,82,4,2026-10-02 14:30:47
1808,51-HCM D12/Thoi An Hub,in-house,Full-Time,108906,ĐINH VĂN TÚ,219,120,0.5479,95,4,2026-10-02 14:30:47
1808,51-HCM D12/Thoi An Hub,in-house,Full-Time,71761,ĐINH MINH HOÀI,193,101,0.5233,84,8,2026-10-02 14:30:47
5662,51-HCM D12/Vuon Lai Hub,in-house,Full-Time,93416,NGUYỄN HUỲNH THANH TÚ,180,177,0.9833,0,3,2026-10-02 14:30:47
5662,51-HCM D12/Vuon Lai Hub,in-house,Full-Time,151462,DANH QUỐC TẤN,1,0,0,0,1,2026-10-02 14:30:47
5662,51-HCM D12/Vuon Lai Hub,in-house,Full-Time,152339,ĐẶNG GIA BẢO,147,142,0.966,0,5,2026-10-02 14:30:47
5662,51-HCM D12/Vuon Lai Hub,in-house,Full-Time,118494,TRẦN VĂN KHÁNH,181,174,0.9613,2,5,2026-10-02 14:30:47
5662,51-HCM D12/Vuon Lai Hub,in-house,Full-Time,136656,TRẦN THANH HIỆP,144,126,0.875,12,6,2026-10-02 14:30:47
5662,51-HCM D12/Vuon Lai Hub,in-house,Full-Time,6940,TRẦN VĂN THANH,199,173,0.8693,18,8,2026-10-02 14:30:47
5662,51-HCM D12/Vuon Lai Hub,in-house,Full-Time,146255,NGUYỄN TẤN PHÚC,140,120,0.8571,18,2,2026-10-02 14:30:47
5662,51-HCM D12/Vuon Lai Hub,in-house,Full-Time,150815,THẠCH TRẦN TUẤN HẢI,174,142,0.8161,25,7,2026-10-02 14:30:47
5662,51-HCM D12/Vuon Lai Hub,in-house,Full-Time,128167,TRẦN HUỲNH CÔNG KHANH,150,124,0.8267,23,3,2026-10-02 14:30:47
5662,51-HCM D12/Vuon Lai Hub,in-house,Full-Time,132483,TRẦN TRUNG TÍN,222,164,0.7387,46,12,2026-10-02 14:30:47
5662,51-HCM D12/Vuon Lai Hub,in-house,Full-Time,157981,NGUYỄN THANH TRA,134,97,0.7239,31,6,2026-10-02 14:30:47
5662,51-HCM D12/Vuon Lai Hub,in-house,Full-Time,13405,TẤT NGUYỄN TRỌNG TẦN,233,179,0.7682,54,0,2026-10-02 14:30:47
5662,51-HCM D12/Vuon Lai Hub,in-house,Full-Time,105296,NGUYỄN HOÀNG LỊCH,302,211,0.6987,76,15,2026-10-02 14:30:47
5662,51-HCM D12/Vuon Lai Hub,in-house,Full-Time,137053,LÊ TUẤN EM,129,93,0.7209,34,2,2026-10-02 14:30:47
5662,51-HCM D12/Vuon Lai Hub,in-house,Full-Time,95274,NGUYỄN HOÀNG NHÃ,288,208,0.7222,76,4,2026-10-02 14:30:47
5662,51-HCM D12/Vuon Lai Hub,in-house,Full-Time,87692,HUỲNH TUẤN THANH,214,147,0.6869,63,4,2026-10-02 14:30:47
5662,51-HCM D12/Vuon Lai Hub,in-house,Full-Time,154457,TRẦN ANH TÚ,171,116,0.6784,51,4,2026-10-02 14:30:47
5662,51-HCM D12/Vuon Lai Hub,in-house,Full-Time,91621,ĐOÀN KHẮC ĐÔNG,282,190,0.6738,86,6,2026-10-02 14:30:47
5662,51-HCM D12/Vuon Lai Hub,in-house,Full-Time,128616,NGUYỄN LÊ HOÀI THANH,278,183,0.6583,90,5,2026-10-02 14:30:47
5662,51-HCM D12/Vuon Lai Hub,in-house,Full-Time,126336,HỒ VĂN NGỌC,225,146,0.6489,78,1,2026-10-02 14:30:47
5662,51-HCM D12/Vuon Lai Hub,in-house,Full-Time,152757,NGUYỄN ĐĂNG LÂM,188,121,0.6436,67,0,2026-10-02 14:30:47
5662,51-HCM D12/Vuon Lai Hub,in-house,Full-Time,136658,LÊ MINH KHẢI,218,119,0.5459,87,12,2026-10-02 14:30:47
5662,51-HCM D12/Vuon Lai Hub,in-house,Full-Time,44250,VÕ NGỌC LƯỢNG,277,146,0.5271,128,3,2026-10-02 14:30:47
5662,51-HCM D12/Vuon Lai Hub,in-house,Full-Time,4742,NGUYỄN VĂN BÌNH,169,75,0.4438,85,9,2026-10-02 14:30:47
5662,51-HCM D12/Vuon Lai Hub,in-house,Full-Time,136321,NGUYỄN NGỌC SANG,193,90,0.4663,100,3,2026-10-02 14:30:47
5662,51-HCM D12/Vuon Lai Hub,in-house,Full-Time,129922,TẤT TRỌNG TẤN,297,126,0.4242,165,6,2026-10-02 14:30:47
2110,51-HCM D2/An Khanh Hub,in-house,Full-Time,51535,TRẦN NGUYỄN GIA BẢO,192,150,0.7813,22,20,2026-10-02 14:30:47
2110,51-HCM D2/An Khanh Hub,in-house,Full-Time,152333,NGUYỄN HOÀNG KỲ ANH,85,75,0.8824,10,0,2026-10-02 14:30:47
2110,51-HCM D2/An Khanh Hub,in-house,Full-Time,39474,NGUYỄN LÊ CÔNG TRIỀU,193,157,0.8135,30,6,2026-10-02 14:30:47
2110,51-HCM D2/An Khanh Hub,in-house,Full-Time,7147,TRẦN DUY PHƯƠNG,209,158,0.756,37,14,2026-10-02 14:30:47
2110,51-HCM D2/An Khanh Hub,in-house,Full-Time,69643,NGUYỄN VĂN TÂN,218,161,0.7385,46,11,2026-10-02 14:30:47
2110,51-HCM D2/An Khanh Hub,in-house,Full-Time,136429,NGUYỄN HOÀI BẢO,154,115,0.7468,34,5,2026-10-02 14:30:47
2110,51-HCM D2/An Khanh Hub,in-house,Full-Time,1777,ĐỖ THANH LONG,201,152,0.7562,45,4,2026-10-02 14:30:47
2110,51-HCM D2/An Khanh Hub,in-house,Full-Time,144296,LÊ HUỲNH THANH PHONG,171,119,0.6959,39,13,2026-10-02 14:30:47
2110,51-HCM D2/An Khanh Hub,in-house,Full-Time,985,VÕ ANH TUẤN,141,106,0.7518,33,2,2026-10-02 14:30:47
2110,51-HCM D2/An Khanh Hub,in-house,Full-Time,98751,NGUYỄN THẠCH QUỐC THIỆN,225,158,0.7022,54,13,2026-10-02 14:30:47
2110,51-HCM D2/An Khanh Hub,in-house,Full-Time,96005,VÕ MINH THÔNG,237,177,0.7468,59,1,2026-10-02 14:30:47
2110,51-HCM D2/An Khanh Hub,in-house,Full-Time,96004,TRẦN CHUNG HÒA,180,126,0.7,45,9,2026-10-02 14:30:47
2110,51-HCM D2/An Khanh Hub,in-house,Full-Time,75836,NGUYỄN HOÀNG SƠN,221,153,0.6923,57,11,2026-10-02 14:30:47
2110,51-HCM D2/An Khanh Hub,in-house,Full-Time,60249,ĐỖ THỊ THẢO VI,195,137,0.7026,52,6,2026-10-02 14:30:47
2110,51-HCM D2/An Khanh Hub,in-house,Full-Time,16451,HUỲNH CHÍ ĐẠT,198,140,0.7071,55,3,2026-10-02 14:30:47
2110,51-HCM D2/An Khanh Hub,in-house,Full-Time,110440,VÕ NGUYỄN ĐỨC THANH,269,190,0.7063,75,4,2026-10-02 14:30:47
2110,51-HCM D2/An Khanh Hub,in-house,Full-Time,18950,NGUYỄN HỮU TÂN,268,182,0.6791,76,10,2026-10-02 14:30:47
2110,51-HCM D2/An Khanh Hub,in-house,Full-Time,89740,NGUYỄN LÊ ĐĂNG KHOA,218,143,0.656,62,13,2026-10-02 14:30:47
2110,51-HCM D2/An Khanh Hub,in-house,Full-Time,81872,NGUYỄN NGỌC THUẬN,234,164,0.7009,68,2,2026-10-02 14:30:47
2110,51-HCM D2/An Khanh Hub,in-house,Full-Time,144543,NGUYỄN THANH NHẬT,162,107,0.6605,48,7,2026-10-02 14:30:47
2110,51-HCM D2/An Khanh Hub,in-house,Full-Time,24522,NGUYỄN THỊ MỸ PHỤNG,166,116,0.6988,50,0,2026-10-02 14:30:47
2110,51-HCM D2/An Khanh Hub,in-house,Full-Time,140095,LÊ HOÀNG VĨ,165,109,0.6606,54,2,2026-10-02 14:30:47
2110,51-HCM D2/An Khanh Hub,in-house,Full-Time,57,NGUYỄN ANH OANH,282,185,0.656,94,3,2026-10-02 14:30:47
2110,51-HCM D2/An Khanh Hub,in-house,Full-Time,65426,TRƯƠNG THÀNH NHÂN,256,166,0.6484,87,3,2026-10-02 14:30:47
2110,51-HCM D2/An Khanh Hub,in-house,Full-Time,140453,PHẠM QUỐC DUY,103,67,0.6505,35,1,2026-10-02 14:30:47
2110,51-HCM D2/An Khanh Hub,in-house,Full-Time,151464,LÝ NHẬT TRƯỜNG,170,103,0.6059,58,9,2026-10-02 14:30:47
2110,51-HCM D2/An Khanh Hub,in-house,Full-Time,132504,TẠ MINH TÂM,206,120,0.5825,72,14,2026-10-02 14:30:47
2110,51-HCM D2/An Khanh Hub,in-house,Full-Time,91760,NGUYỄN PHÚC NGUYÊN,203,128,0.6305,71,4,2026-10-02 14:30:47
2110,51-HCM D2/An Khanh Hub,in-house,Full-Time,87693,NGUYỄN LÊ NGỌC LỢI,333,204,0.6126,123,6,2026-10-02 14:30:47
2110,51-HCM D2/An Khanh Hub,in-house,Full-Time,31646,LÝ CẨM HỒNG,281,168,0.5979,106,7,2026-10-02 14:30:47
2110,51-HCM D2/An Khanh Hub,in-house,Full-Time,100248,NGUYỄN CHÍ HÙNG,215,119,0.5535,88,8,2026-10-02 14:30:47
2110,51-HCM D2/An Khanh Hub,in-house,Full-Time,132083,TRƯƠNG CÔNG THẮNG,233,129,0.5536,99,5,2026-10-02 14:30:47
2110,51-HCM D2/An Khanh Hub,in-house,Full-Time,91779,NGUYỄN PHI,205,110,0.5366,91,4,2026-10-02 14:30:47
2020,51-HCM D2/Cat Lai Hub,in-house,Full-Time,130841,HUỲNH NGỌC HẢI,195,178,0.9128,14,3,2026-10-02 14:30:47
2020,51-HCM D2/Cat Lai Hub,in-house,Full-Time,49790,MAI TUẤN ANH,209,183,0.8756,23,3,2026-10-02 14:30:47
2020,51-HCM D2/Cat Lai Hub,in-house,Full-Time,10360,CHÂU TUẤN HIỀN,243,212,0.8724,29,2,2026-10-02 14:30:47
2020,51-HCM D2/Cat Lai Hub,in-house,Full-Time,129352,NGUYỄN ĐỨC CHẤT,215,186,0.8651,28,1,2026-10-02 14:30:47
2020,51-HCM D2/Cat Lai Hub,in-house,Full-Time,151353,TRƯƠNG DUY HOÀNG,161,137,0.8509,21,3,2026-10-02 14:30:47
2020,51-HCM D2/Cat Lai Hub,in-house,Full-Time,119509,LƯƠNG THỊ THANH NHI,171,138,0.807,25,8,2026-10-02 14:30:47
2020,51-HCM D2/Cat Lai Hub,in-house,Full-Time,71445,NGUYỄN MINH TRỌNG,232,196,0.8448,34,2,2026-10-02 14:30:47
2020,51-HCM D2/Cat Lai Hub,in-house,Full-Time,95007,NGUYỄN ĐÌNH THẢO,184,143,0.7772,32,9,2026-10-02 14:30:47
2020,51-HCM D2/Cat Lai Hub,in-house,Full-Time,81689,LÊ THANH PHÚC,213,164,0.77,38,11,2026-10-02 14:30:47
2020,51-HCM D2/Cat Lai Hub,in-house,Full-Time,22210,NGUYỄN VĂN BÌNH,239,194,0.8117,45,0,2026-10-02 14:30:47
2020,51-HCM D2/Cat Lai Hub,in-house,Full-Time,81368,NGUYỄN TẤN ĐẠT,244,195,0.7992,46,3,2026-10-02 14:30:47
2020,51-HCM D2/Cat Lai Hub,in-house,Full-Time,126231,DƯƠNG VĂN THÀNH,188,141,0.75,40,7,2026-10-02 14:30:47
2020,51-HCM D2/Cat Lai Hub,in-house,Full-Time,93843,VÕ THANH TÚ,194,145,0.7474,42,7,2026-10-02 14:30:47
2020,51-HCM D2/Cat Lai Hub,in-house,Full-Time,148395,TRẦN THANH VŨ,240,184,0.7667,52,4,2026-10-02 14:30:47
2020,51-HCM D2/Cat Lai Hub,in-house,Full-Time,78714,NGUYỄN PHẠM THÀNH ĐẠT,208,158,0.7596,46,4,2026-10-02 14:30:47
2020,51-HCM D2/Cat Lai Hub,in-house,Full-Time,67497,TRẦN THỊ THANH XUÂN,218,167,0.7661,50,1,2026-10-02 14:30:47
2020,51-HCM D2/Cat Lai Hub,in-house,Full-Time,48380,NGUYỄN VĂN NGHĨA,332,240,0.7229,77,15,2026-10-02 14:30:47
2020,51-HCM D2/Cat Lai Hub,in-house,Full-Time,79596,TRẦN QUỐC HÙNG,250,177,0.708,63,10,2026-10-02 14:30:47
2020,51-HCM D2/Cat Lai Hub,in-house,Full-Time,141468,VÕ MINH THIỆN,190,137,0.7211,48,5,2026-10-02 14:30:47
2020,51-HCM D2/Cat Lai Hub,in-house,Full-Time,81691,PHAN THỊ MAI HUỲNH,285,206,0.7228,79,0,2026-10-02 14:30:47
2020,51-HCM D2/Cat Lai Hub,in-house,Full-Time,134922,TRẦN VĂN THANH,202,141,0.698,56,5,2026-10-02 14:30:47
2020,51-HCM D2/Cat Lai Hub,in-house,Full-Time,155809,NGUYỄN HOÀNG MINH HIỆP,171,114,0.6667,48,9,2026-10-02 14:30:47
2020,51-HCM D2/Cat Lai Hub,in-house,Full-Time,86891,HÀ PHI LONG,170,117,0.6882,52,1,2026-10-02 14:30:47
2020,51-HCM D2/Cat Lai Hub,in-house,Full-Time,136985,NGUYỄN THẾ VINH,164,109,0.6646,51,4,2026-10-02 14:30:47
2020,51-HCM D2/Cat Lai Hub,in-house,Full-Time,139026,PHAN QUANG KHẢI,243,163,0.6708,77,3,2026-10-02 14:30:47
2020,51-HCM D2/Cat Lai Hub,in-house,Full-Time,2108,LÊ MINH GIÀU,257,165,0.642,83,9,2026-10-02 14:30:47
2020,51-HCM D2/Cat Lai Hub,in-house,Full-Time,48121,ĐOÀN THÁI BÌNH,271,180,0.6642,89,2,2026-10-02 14:30:47
2020,51-HCM D2/Cat Lai Hub,in-house,Full-Time,52386,VŨ HOÀNG HUY,213,140,0.6573,71,2,2026-10-02 14:30:47
2020,51-HCM D2/Cat Lai Hub,in-house,Full-Time,70552,PHẠM CÔNG HỮU,195,125,0.641,65,5,2026-10-02 14:30:47
2020,51-HCM D2/Cat Lai Hub,in-house,Full-Time,43044,NGUYỄN THỊ HỒNG PHÚC,227,133,0.5859,76,18,2026-10-02 14:30:47
2020,51-HCM D2/Cat Lai Hub,in-house,Full-Time,110163,ĐOÀN THANH TUẤN,419,273,0.6516,141,5,2026-10-02 14:30:47
2020,51-HCM D2/Cat Lai Hub,in-house,Full-Time,29065,BÙI MINH NHỰT,284,171,0.6021,102,11,2026-10-02 14:30:47
2020,51-HCM D2/Cat Lai Hub,in-house,Full-Time,65077,NGUYỄN ĐỨC TRƯỞNG,321,203,0.6324,117,1,2026-10-02 14:30:47
2020,51-HCM D2/Cat Lai Hub,in-house,Full-Time,21411,NGUYỄN HUY CƯỜNG,329,200,0.6079,120,9,2026-10-02 14:30:47
2020,51-HCM D2/Cat Lai Hub,in-house,Full-Time,12244,ĐẶNG ĐÌNH SAN,276,155,0.5616,114,7,2026-10-02 14:30:47
2020,51-HCM D2/Cat Lai Hub,in-house,Full-Time,87825,NGUYỄN MINH TRUNG,207,113,0.5459,86,8,2026-10-02 14:30:47
2020,51-HCM D2/Cat Lai Hub,in-house,Full-Time,3051,LÊ CÔNG TẤN PHÁT,226,126,0.5575,95,5,2026-10-02 14:30:47
2020,51-HCM D2/Cat Lai Hub,in-house,Full-Time,12224,BÙI MINH THANH,263,149,0.5665,111,3,2026-10-02 14:30:47
2020,51-HCM D2/Cat Lai Hub,in-house,Full-Time,143068,DƯƠNG THẾ CẢNH,246,137,0.5569,104,5,2026-10-02 14:30:47
2020,51-HCM D2/Cat Lai Hub,in-house,Full-Time,143244,NGUYỄN TRUNG TÍN,295,138,0.4678,152,5,2026-10-02 14:30:47
2020,51-HCM D2/Cat Lai Hub,in-house,Full-Time,162505,NGUYỄN PHAN MINH THÔNG,129,56,0.4341,70,3,2026-10-02 14:30:47
2453,51-HCM D2/Thao Dien Hub,in-house,Full-Time,45087,NGUYỄN HOÀNG QUÂN,132,125,0.947,6,1,2026-10-02 14:30:47
2453,51-HCM D2/Thao Dien Hub,in-house,Full-Time,32720,BÙI NGỌC ĐẠT,284,231,0.8134,40,13,2026-10-02 14:30:47
2453,51-HCM D2/Thao Dien Hub,in-house,Full-Time,81896,TRẦN NGỌC HÙNG,206,163,0.7913,33,10,2026-10-02 14:30:47
2453,51-HCM D2/Thao Dien Hub,in-house,Full-Time,31148,ĐỖ NIỀM TIN,217,165,0.7604,42,10,2026-10-02 14:30:47
2453,51-HCM D2/Thao Dien Hub,in-house,Full-Time,21365,PHAN THẾ TÙNG,244,187,0.7664,52,5,2026-10-02 14:30:47
2453,51-HCM D2/Thao Dien Hub,in-house,Full-Time,117897,NGUYỄN HOÀNG TUYÊN,172,125,0.7267,39,8,2026-10-02 14:30:47
2453,51-HCM D2/Thao Dien Hub,in-house,Full-Time,91633,PHẠM NGỌC GIÀU,237,175,0.7384,55,7,2026-10-02 14:30:47
2453,51-HCM D2/Thao Dien Hub,in-house,Full-Time,154199,NGUYỄN NHỰT THIÊN,94,67,0.7128,26,1,2026-10-02 14:30:47
2453,51-HCM D2/Thao Dien Hub,in-house,Full-Time,88868,HUỲNH VĂN NUÔI,261,162,0.6207,78,21,2026-10-02 14:30:47
2453,51-HCM D2/Thao Dien Hub,in-house,Full-Time,67424,TRẦN VIỆT HOÀNG,224,154,0.6875,69,1,2026-10-02 14:30:47
2453,51-HCM D2/Thao Dien Hub,in-house,Full-Time,54257,NGUYỄN NGỌC HẢI,201,132,0.6567,63,6,2026-10-02 14:30:47
2453,51-HCM D2/Thao Dien Hub,in-house,Full-Time,19036,NGUYỄN MINH TRỌNG,371,238,0.6415,120,13,2026-10-02 14:30:47
2453,51-HCM D2/Thao Dien Hub,in-house,Full-Time,8404,VÕ NGỌC HOÀNG,274,183,0.6679,89,2,2026-10-02 14:30:47
2453,51-HCM D2/Thao Dien Hub,in-house,Full-Time,45269,TRƯƠNG TRÍ NHÂN,286,177,0.6189,94,15,2026-10-02 14:30:47
2453,51-HCM D2/Thao Dien Hub,in-house,Full-Time,67493,LÊ VĂN NGÀ,237,153,0.6456,81,3,2026-10-02 14:30:47
2453,51-HCM D2/Thao Dien Hub,in-house,Full-Time,41620,PHẠM HOÀNG DƯƠNG,188,119,0.633,69,0,2026-10-02 14:30:47
2453,51-HCM D2/Thao Dien Hub,in-house,Full-Time,52702,VÕ MINH NHÀN,196,116,0.5918,77,3,2026-10-02 14:30:47
2453,51-HCM D2/Thao Dien Hub,in-house,Full-Time,7823,TRẦN DUY KHANG,280,159,0.5679,111,10,2026-10-02 14:30:47
2453,51-HCM D2/Thao Dien Hub,in-house,Full-Time,8089,NGUYỄN PHI LONG,297,173,0.5825,122,2,2026-10-02 14:30:47
2453,51-HCM D2/Thao Dien Hub,in-house,Full-Time,7958,DƯƠNG THÁI TOÀN,249,146,0.5863,103,0,2026-10-02 14:30:47
2453,51-HCM D2/Thao Dien Hub,in-house,Full-Time,155818,NGUYỄN VĂN CHIẾN,211,116,0.5498,91,4,2026-10-02 14:30:47
2453,51-HCM D2/Thao Dien Hub,in-house,Full-Time,119082,VŨ QUANG TRÍ,183,97,0.5301,83,3,2026-10-02 14:30:47
2453,51-HCM D2/Thao Dien Hub,in-house,Full-Time,25897,NGUYỄN NGỌC HẢI,269,140,0.5204,127,2,2026-10-02 14:30:47
2453,51-HCM D2/Thao Dien Hub,in-house,Full-Time,155168,NGUYỄN TRÚC MY,281,124,0.4413,155,2,2026-10-02 14:30:47
5798,51-HCM D3/Ban Co Hub,in-house,Full-Time,19447,LÊ NGÔ ANH PHA,104,104,1,0,0,2026-10-02 14:30:47
5798,51-HCM D3/Ban Co Hub,in-house,Full-Time,156016,TRẦN NGUYỄN ANH HUY,1,1,1,0,0,2026-10-02 14:30:47
5798,51-HCM D3/Ban Co Hub,in-house,Full-Time,47242,PHẠM HỮU TRỊNH PHONG,213,201,0.9437,3,9,2026-10-02 14:30:47
5798,51-HCM D3/Ban Co Hub,in-house,Full-Time,46882,TRẦN VŨ KHANG,149,135,0.906,5,9,2026-10-02 14:30:47
5798,51-HCM D3/Ban Co Hub,in-house,Full-Time,43310,NGUYỄN THANH PHƯƠNG,183,165,0.9016,17,1,2026-10-02 14:30:47
5798,51-HCM D3/Ban Co Hub,in-house,Full-Time,14127,NGUYỄN VĂN MẠNH,253,205,0.8103,34,14,2026-10-02 14:30:47
5798,51-HCM D3/Ban Co Hub,in-house,Full-Time,32179,TRẦN QUANG ANH,210,174,0.8286,33,3,2026-10-02 14:30:47
5798,51-HCM D3/Ban Co Hub,in-house,Full-Time,1106,TRẦN TRỌNG NGHI,221,173,0.7828,39,9,2026-10-02 14:30:47
5798,51-HCM D3/Ban Co Hub,in-house,Full-Time,5719,NGUYỄN ĐỨC MINH,175,142,0.8114,31,2,2026-10-02 14:30:47
5798,51-HCM D3/Ban Co Hub,in-house,Full-Time,40180,LÊ THÀNH ĐẠT,189,143,0.7566,40,6,2026-10-02 14:30:47
5798,51-HCM D3/Ban Co Hub,in-house,Full-Time,7787,BÙI NGUYỄN NAM,193,145,0.7513,41,7,2026-10-02 14:30:47
5798,51-HCM D3/Ban Co Hub,in-house,Full-Time,3308,NGUYỄN VĂN BẢO,217,157,0.7235,50,10,2026-10-02 14:30:47
5798,51-HCM D3/Ban Co Hub,in-house,Full-Time,96203,NGUYỄN BÁ THANH HUY,272,198,0.7279,63,11,2026-10-02 14:30:47
5798,51-HCM D3/Ban Co Hub,in-house,Full-Time,53752,NGUYỄN QUANG TRƯỜNG,247,179,0.7247,60,8,2026-10-02 14:30:47
5798,51-HCM D3/Ban Co Hub,in-house,Full-Time,17194,NGUYỄN DUY,205,150,0.7317,51,4,2026-10-02 14:30:47
5798,51-HCM D3/Ban Co Hub,in-house,Full-Time,19730,ĐINH NHẬT BẢO,228,168,0.7368,60,0,2026-10-02 14:30:47
5798,51-HCM D3/Ban Co Hub,in-house,Full-Time,19733,TRẦN VĂN HỮU NGHĨA,240,168,0.7,70,2,2026-10-02 14:30:47
5798,51-HCM D3/Ban Co Hub,in-house,Full-Time,783,NGUYỄN VÕ HIẾU THẢO,306,207,0.6765,91,8,2026-10-02 14:30:47
5798,51-HCM D3/Ban Co Hub,in-house,Full-Time,36343,NGUYỄN LẬP PHONG,199,136,0.6834,61,2,2026-10-02 14:30:47
5798,51-HCM D3/Ban Co Hub,in-house,Full-Time,67498,HUỲNH QUỐC TUẤN,347,205,0.5908,127,15,2026-10-02 14:30:47
5798,51-HCM D3/Ban Co Hub,in-house,Full-Time,99491,QUÁCH ĐÌNH TUẤN,255,149,0.5843,95,11,2026-10-02 14:30:47
5798,51-HCM D3/Ban Co Hub,in-house,Full-Time,141459,TRIỆU QUỐC KHƯƠNG,232,140,0.6034,89,3,2026-10-02 14:30:47
5798,51-HCM D3/Ban Co Hub,in-house,Full-Time,58933,ĐẶNG THANH LIÊM,260,148,0.5692,107,5,2026-10-02 14:30:47
5798,51-HCM D3/Ban Co Hub,in-house,Full-Time,152122,TRẦN HỮU TRUNG,225,126,0.56,93,6,2026-10-02 14:30:47
5798,51-HCM D3/Ban Co Hub,in-house,Full-Time,2097,PHẠM XUÂN TÙNG,212,122,0.5755,88,2,2026-10-02 14:30:47
5798,51-HCM D3/Ban Co Hub,in-house,Full-Time,33557,ĐỖ VĨNH PHÁT,216,100,0.463,105,11,2026-10-02 14:30:47
5798,51-HCM D3/Ban Co Hub,in-house,Full-Time,94499,NGUYỄN ĐỨC ĐẠI LỢI,174,75,0.431,94,5,2026-10-02 14:30:47
4623,51-HCM D3/Nhieu Loc Hub,in-house,Full-Time,47348,TRẦN HỮU NGHỊ,196,194,0.9898,0,2,2026-10-02 14:30:48
4623,51-HCM D3/Nhieu Loc Hub,in-house,Full-Time,126916,HUỲNH BẢO LỘC,142,140,0.9859,1,1,2026-10-02 14:30:48
4623,51-HCM D3/Nhieu Loc Hub,in-house,Full-Time,92940,NGUYỄN MINH HIẾU,189,178,0.9418,6,5,2026-10-02 14:30:48
4623,51-HCM D3/Nhieu Loc Hub,in-house,Full-Time,35355,PHAN VĂN BÉ HIẾU,185,175,0.9459,9,1,2026-10-02 14:30:48
4623,51-HCM D3/Nhieu Loc Hub,in-house,Full-Time,101584,TRẦN QUỐC ĐẠT,229,192,0.8384,36,1,2026-10-02 14:30:48
4623,51-HCM D3/Nhieu Loc Hub,in-house,Full-Time,105668,BÙI VÕ TRUNG NGUYÊN,183,142,0.776,32,9,2026-10-02 14:30:48
4623,51-HCM D3/Nhieu Loc Hub,in-house,Full-Time,6931,TÔN THẤT DUY PHONG,251,193,0.7689,47,11,2026-10-02 14:30:48
4623,51-HCM D3/Nhieu Loc Hub,in-house,Full-Time,62346,LÝ TIẾN TÀI,228,164,0.7193,63,1,2026-10-02 14:30:48
4623,51-HCM D3/Nhieu Loc Hub,in-house,Full-Time,67947,TRẦN HỮU LỘC,324,219,0.6759,104,1,2026-10-02 14:30:48
4623,51-HCM D3/Nhieu Loc Hub,in-house,Full-Time,67010,NGUYỄN PHÚ QUÝ,227,143,0.63,74,10,2026-10-02 14:30:48
4623,51-HCM D3/Nhieu Loc Hub,in-house,Full-Time,92490,VŨ HOÀI NAM,237,129,0.5443,94,14,2026-10-02 14:30:48
5422,51-HCM D6/Kinh Duong Vuong Hub,in-house,Full-Time,2010,VÀ VĂN CHẨY,147,142,0.966,0,5,2026-10-02 14:30:48
5422,51-HCM D6/Kinh Duong Vuong Hub,in-house,Full-Time,13860,DIỆP HỮU LỘC,1,1,1,0,0,2026-10-02 14:30:48
5422,51-HCM D6/Kinh Duong Vuong Hub,in-house,Full-Time,160825,NGUYỄN QUANG VŨ,1,1,1,0,0,2026-10-02 14:30:48
5422,51-HCM D6/Kinh Duong Vuong Hub,in-house,Full-Time,83739,VÕ HỒNG BẢO,242,212,0.876,1,29,2026-10-02 14:30:48
5422,51-HCM D6/Kinh Duong Vuong Hub,in-house,Full-Time,13047,NGÔ TRƯỜNG AN,194,189,0.9742,1,4,2026-10-02 14:30:48
5422,51-HCM D6/Kinh Duong Vuong Hub,in-house,Full-Time,110609,LÝ HOÀNG VŨ,170,165,0.9706,1,4,2026-10-02 14:30:48
5422,51-HCM D6/Kinh Duong Vuong Hub,in-house,Full-Time,46434,NGÔ VĂN TUẤN,234,231,0.9872,2,1,2026-10-02 14:30:48
5422,51-HCM D6/Kinh Duong Vuong Hub,in-house,Full-Time,139285,NGUYỄN TRẦN QUỐC VIỆT,157,143,0.9108,6,8,2026-10-02 14:30:48
5422,51-HCM D6/Kinh Duong Vuong Hub,in-house,Full-Time,159634,NGÔ PHÚC TRÍ,169,152,0.8994,10,7,2026-10-02 14:30:48
5422,51-HCM D6/Kinh Duong Vuong Hub,in-house,Full-Time,8302,TRƯƠNG PHÚ HÙNG,205,185,0.9024,16,4,2026-10-02 14:30:48
5422,51-HCM D6/Kinh Duong Vuong Hub,in-house,Full-Time,5617,PHẠM HOÀNG BIẾT,174,148,0.8506,14,12,2026-10-02 14:30:48
5422,51-HCM D6/Kinh Duong Vuong Hub,in-house,Full-Time,61400,NGUYỄN CAO HỮU PHƯỚC,185,162,0.8757,17,6,2026-10-02 14:30:48
5422,51-HCM D6/Kinh Duong Vuong Hub,in-house,Full-Time,7582,PHẠM THANH CƯỜNG,226,199,0.8805,22,5,2026-10-02 14:30:48
5422,51-HCM D6/Kinh Duong Vuong Hub,in-house,Full-Time,110164,NGUYỄN QUANG NHẬT,178,153,0.8596,20,5,2026-10-02 14:30:48
5422,51-HCM D6/Kinh Duong Vuong Hub,in-house,Full-Time,46797,LÊ TRẦN QUỐC THÁI,168,146,0.869,20,2,2026-10-02 14:30:48
5422,51-HCM D6/Kinh Duong Vuong Hub,in-house,Full-Time,3096,TRẦN THANH BÌNH,225,187,0.8311,34,4,2026-10-02 14:30:48
5422,51-HCM D6/Kinh Duong Vuong Hub,in-house,Full-Time,160018,LÊ HỮU THẮNG,176,143,0.8125,28,5,2026-10-02 14:30:48
5422,51-HCM D6/Kinh Duong Vuong Hub,in-house,Full-Time,94924,TRẦN THANH THIÊN,220,175,0.7955,38,7,2026-10-02 14:30:48
5422,51-HCM D6/Kinh Duong Vuong Hub,in-house,Full-Time,148901,VÕ TRỌNG BẰNG,118,96,0.8136,22,0,2026-10-02 14:30:48
5422,51-HCM D6/Kinh Duong Vuong Hub,in-house,Full-Time,950,NGUYỄN HOÀNG TÍN,186,142,0.7634,38,6,2026-10-02 14:30:48
5422,51-HCM D6/Kinh Duong Vuong Hub,in-house,Full-Time,53905,HỒ KHÁNH HUY,165,127,0.7697,34,4,2026-10-02 14:30:48
5422,51-HCM D6/Kinh Duong Vuong Hub,in-house,Full-Time,45468,PHAN HỒNG LĨNH,204,151,0.7402,43,10,2026-10-02 14:30:48
5422,51-HCM D6/Kinh Duong Vuong Hub,in-house,Full-Time,601,TRƯƠNG CẨM HUY,250,188,0.752,53,9,2026-10-02 14:30:48
5422,51-HCM D6/Kinh Duong Vuong Hub,in-house,Full-Time,2053,TRẦN KIM HẬU,106,75,0.7075,26,5,2026-10-02 14:30:48
5422,51-HCM D6/Kinh Duong Vuong Hub,in-house,Full-Time,151091,CHÂU VĂN PHƯƠNG,203,145,0.7143,51,7,2026-10-02 14:30:48
5422,51-HCM D6/Kinh Duong Vuong Hub,in-house,Full-Time,131749,NGUYỄN PHÚC HƯNG,251,184,0.7331,64,3,2026-10-02 14:30:48
5422,51-HCM D6/Kinh Duong Vuong Hub,in-house,Full-Time,113314,NGUYỄN MINH ĐỨC,207,151,0.7295,53,3,2026-10-02 14:30:48
5422,51-HCM D6/Kinh Duong Vuong Hub,in-house,Full-Time,89576,LÊ HUỲNH MINH NGỌC,224,162,0.7232,59,3,2026-10-02 14:30:48
5422,51-HCM D6/Kinh Duong Vuong Hub,in-house,Full-Time,459,NGUYỄN MẠNH HUY,263,193,0.7338,70,0,2026-10-02 14:30:48
5422,51-HCM D6/Kinh Duong Vuong Hub,in-house,Full-Time,14646,MAI VĂN CHƠN,246,173,0.7033,66,7,2026-10-02 14:30:48
5422,51-HCM D6/Kinh Duong Vuong Hub,in-house,Full-Time,127510,LÊ TUẤN KIỆT,304,214,0.7039,82,8,2026-10-02 14:30:48
5422,51-HCM D6/Kinh Duong Vuong Hub,in-house,Full-Time,65113,NGUYỄN BẢO NGUYÊN,230,156,0.6783,63,11,2026-10-02 14:30:48
5422,51-HCM D6/Kinh Duong Vuong Hub,in-house,Full-Time,46796,NGUYỄN BÁ THÀNH,229,152,0.6638,64,13,2026-10-02 14:30:48
5422,51-HCM D6/Kinh Duong Vuong Hub,in-house,Full-Time,102036,NGUYỄN NHỰT HÙNG,319,221,0.6928,90,8,2026-10-02 14:30:48
5422,51-HCM D6/Kinh Duong Vuong Hub,in-house,Full-Time,26912,NGUYỄN ANH CƯƠNG,272,191,0.7022,77,4,2026-10-02 14:30:48
5422,51-HCM D6/Kinh Duong Vuong Hub,in-house,Full-Time,56444,BÙI THANH HUY,270,190,0.7037,77,3,2026-10-02 14:30:48
5422,51-HCM D6/Kinh Duong Vuong Hub,in-house,Full-Time,126242,HUỲNH NGUYỄN ANH KHÔI,244,167,0.6844,71,6,2026-10-02 14:30:48
5422,51-HCM D6/Kinh Duong Vuong Hub,in-house,Full-Time,132079,TRƯƠNG VĨNH BỬU,204,139,0.6814,60,5,2026-10-02 14:30:48
5422,51-HCM D6/Kinh Duong Vuong Hub,in-house,Full-Time,13117,NGUYỄN QUANG HẬU,302,194,0.6424,90,18,2026-10-02 14:30:48
5422,51-HCM D6/Kinh Duong Vuong Hub,in-house,Full-Time,152862,PHẠM PHÚ HIỂN,236,162,0.6864,71,3,2026-10-02 14:30:48
5422,51-HCM D6/Kinh Duong Vuong Hub,in-house,Full-Time,149953,TRANG BẢO TUẤN,109,75,0.6881,33,1,2026-10-02 14:30:48
5422,51-HCM D6/Kinh Duong Vuong Hub,in-house,Full-Time,5109,NGUYỄN HỒNG THIỆN,280,186,0.6643,86,8,2026-10-02 14:30:48
5422,51-HCM D6/Kinh Duong Vuong Hub,in-house,Full-Time,46798,PHẠM HOÀNG VINH,193,127,0.658,60,6,2026-10-02 14:30:48
5422,51-HCM D6/Kinh Duong Vuong Hub,in-house,Full-Time,78866,TRƯƠNG HUỲNH QUỐC ANH,231,152,0.658,74,5,2026-10-02 14:30:48
5422,51-HCM D6/Kinh Duong Vuong Hub,in-house,Full-Time,34630,NGUYỄN HỮU TÍN ANH,332,222,0.6687,110,0,2026-10-02 14:30:48
5422,51-HCM D6/Kinh Duong Vuong Hub,in-house,Full-Time,61395,NGUYỄN TRỌNG HIẾU,235,143,0.6085,85,7,2026-10-02 14:30:48
5422,51-HCM D6/Kinh Duong Vuong Hub,in-house,Full-Time,3764,NGUYỄN QUỐC BẢO LONG,204,125,0.6127,74,5,2026-10-02 14:30:48
2473,51-HCM D7/Bui Van Ba Hub,in-house,Full-Time,16254,HỒ QUANG VINH,199,197,0.9899,0,2,2026-10-02 14:30:48
2473,51-HCM D7/Bui Van Ba Hub,in-house,Full-Time,162512,NGUYỄN QUỐC VINH,65,60,0.9231,0,5,2026-10-02 14:30:48
2473,51-HCM D7/Bui Van Ba Hub,in-house,Full-Time,22104,NGŨ MINH HẢI,209,197,0.9426,1,11,2026-10-02 14:30:48
2473,51-HCM D7/Bui Van Ba Hub,in-house,Full-Time,20287,NGUYỄN CHÍ PHONG,266,259,0.9737,3,4,2026-10-02 14:30:48
2473,51-HCM D7/Bui Van Ba Hub,in-house,Full-Time,93672,NGUYỄN VĂN TOÀN,224,206,0.9196,8,10,2026-10-02 14:30:48
2473,51-HCM D7/Bui Van Ba Hub,in-house,Full-Time,83793,ĐỖ THANH HÙNG,166,144,0.8675,10,12,2026-10-02 14:30:48
2473,51-HCM D7/Bui Van Ba Hub,in-house,Full-Time,99283,TRẦN DÂN VIỆT,235,204,0.8681,18,13,2026-10-02 14:30:48
2473,51-HCM D7/Bui Van Ba Hub,in-house,Full-Time,91978,NGUYỄN MINH HOÀNG THUẬN,219,187,0.8539,19,13,2026-10-02 14:30:48
2473,51-HCM D7/Bui Van Ba Hub,in-house,Full-Time,89048,BÙI CÔNG HẬU,202,182,0.901,18,2,2026-10-02 14:30:48
2473,51-HCM D7/Bui Van Ba Hub,in-house,Full-Time,721,TRẦN QUỐC TRUNG,276,238,0.8623,29,9,2026-10-02 14:30:48
2473,51-HCM D7/Bui Van Ba Hub,in-house,Full-Time,122651,NGUYỄN MINH THỨC,204,170,0.8333,22,12,2026-10-02 14:30:48
2473,51-HCM D7/Bui Van Ba Hub,in-house,Full-Time,148084,DƯƠNG THANH TUẤN,244,206,0.8443,28,10,2026-10-02 14:30:48
2473,51-HCM D7/Bui Van Ba Hub,in-house,Full-Time,38363,PHẠM LÊ MINH TRƯỜNG,305,267,0.8754,36,2,2026-10-02 14:30:48
2473,51-HCM D7/Bui Van Ba Hub,in-house,Full-Time,74418,VÕ THÀNH NAM,231,192,0.8312,32,7,2026-10-02 14:30:48
2473,51-HCM D7/Bui Van Ba Hub,in-house,Full-Time,57174,VÕ THÀNH NHÂN,331,277,0.8369,49,5,2026-10-02 14:30:48
2473,51-HCM D7/Bui Van Ba Hub,in-house,Full-Time,25866,TRƯƠNG ĐĂNG QUỐC HẢI,296,249,0.8412,45,2,2026-10-02 14:30:48
2473,51-HCM D7/Bui Van Ba Hub,in-house,Full-Time,109603,HUỲNH VĂN DŨNG,164,133,0.811,26,5,2026-10-02 14:30:48
2473,51-HCM D7/Bui Van Ba Hub,in-house,Full-Time,24727,VÕ KIM THANH,275,229,0.8327,44,2,2026-10-02 14:30:48
2473,51-HCM D7/Bui Van Ba Hub,in-house,Full-Time,156999,NGÔ NGUYỄN THÀNH ĐẠT,111,89,0.8018,20,2,2026-10-02 14:30:48
2473,51-HCM D7/Bui Van Ba Hub,in-house,Full-Time,11015,NGUYỄN THỊ TUYẾT MAI,203,164,0.8079,39,0,2026-10-02 14:30:48
2473,51-HCM D7/Bui Van Ba Hub,in-house,Full-Time,21870,QUAN MINH HOÀNG,302,233,0.7715,67,2,2026-10-02 14:30:48
2473,51-HCM D7/Bui Van Ba Hub,in-house,Full-Time,23420,TRẦN DÂN NAM,278,209,0.7518,62,7,2026-10-02 14:30:48
2473,51-HCM D7/Bui Van Ba Hub,in-house,Full-Time,10362,MAI VĂN DUY,280,202,0.7214,73,5,2026-10-02 14:30:48
2473,51-HCM D7/Bui Van Ba Hub,in-house,Full-Time,58507,PHẠM NGỌC DUY,276,201,0.7283,75,0,2026-10-02 14:30:48
2473,51-HCM D7/Bui Van Ba Hub,in-house,Full-Time,141594,LÊ HOÀNG VĨNH,194,137,0.7062,54,3,2026-10-02 14:30:48
2473,51-HCM D7/Bui Van Ba Hub,in-house,Full-Time,76068,NGÔ THANH PHƯƠNG,158,110,0.6962,44,4,2026-10-02 14:30:48
2473,51-HCM D7/Bui Van Ba Hub,in-house,Full-Time,89577,TCHAN KIM HUY,289,203,0.7024,83,3,2026-10-02 14:30:48
2473,51-HCM D7/Bui Van Ba Hub,in-house,Full-Time,124050,NGUYỄN THANH BÌNH,224,156,0.6964,66,2,2026-10-02 14:30:48
2473,51-HCM D7/Bui Van Ba Hub,in-house,Full-Time,15183,TRẦN MINH KHÁNH,323,219,0.678,96,8,2026-10-02 14:30:48
2473,51-HCM D7/Bui Van Ba Hub,in-house,Full-Time,84577,NGUYỄN TẤN ĐẠT,224,147,0.6563,67,10,2026-10-02 14:30:48
2473,51-HCM D7/Bui Van Ba Hub,in-house,Full-Time,29357,CAO QUỐC ĐĂNG KHOA,313,218,0.6965,94,1,2026-10-02 14:30:48
2473,51-HCM D7/Bui Van Ba Hub,in-house,Full-Time,40319,VÕ HỒNG PHÚC,286,194,0.6783,86,6,2026-10-02 14:30:48
2473,51-HCM D7/Bui Van Ba Hub,in-house,Full-Time,113320,LÊ NGÔ PHÚC THIÊN,262,175,0.6679,86,1,2026-10-02 14:30:48
2473,51-HCM D7/Bui Van Ba Hub,in-house,Full-Time,46969,LÊ THỐNG NHẤT,198,128,0.6465,65,5,2026-10-02 14:30:48
2473,51-HCM D7/Bui Van Ba Hub,in-house,Full-Time,15570,BÙI ANH DŨNG,340,215,0.6324,119,6,2026-10-02 14:30:48
2473,51-HCM D7/Bui Van Ba Hub,in-house,Full-Time,61469,HUỲNH ĐỨC HUY,179,111,0.6201,64,4,2026-10-02 14:30:48
2473,51-HCM D7/Bui Van Ba Hub,in-house,Full-Time,64545,PHẠM TUẤN ĐẠT,419,267,0.6372,151,1,2026-10-02 14:30:48
2473,51-HCM D7/Bui Van Ba Hub,in-house,Full-Time,32591,HUỲNH HỮU NGHĨA,292,181,0.6199,106,5,2026-10-02 14:30:48
2473,51-HCM D7/Bui Van Ba Hub,in-house,Full-Time,65061,NGUYỄN MINH THÁI,290,170,0.5862,111,9,2026-10-02 14:30:48
2473,51-HCM D7/Bui Van Ba Hub,in-house,Full-Time,44114,NGUYỄN TRỊNH THANH SƠN,313,181,0.5783,128,4,2026-10-02 14:30:48
2473,51-HCM D7/Bui Van Ba Hub,in-house,Full-Time,39213,TRƯƠNG VÕ ĐÌNH TRẠC,205,109,0.5317,85,11,2026-10-02 14:30:48
2473,51-HCM D7/Bui Van Ba Hub,in-house,Full-Time,148501,VÕ LÝ ANH KIỆT,209,118,0.5646,87,4,2026-10-02 14:30:48
2473,51-HCM D7/Bui Van Ba Hub,in-house,Full-Time,61508,NGUYỄN CÔNG PHÚC,311,178,0.5723,131,2,2026-10-02 14:30:48
2473,51-HCM D7/Bui Van Ba Hub,in-house,Full-Time,61514,TRẦN ANH KHOA,216,122,0.5648,93,1,2026-10-02 14:30:48
2473,51-HCM D7/Bui Van Ba Hub,in-house,Full-Time,160206,PHAN GIA LẬP,262,129,0.4924,116,17,2026-10-02 14:30:48
2473,51-HCM D7/Bui Van Ba Hub,in-house,Full-Time,141114,TRẦN HỬU VINH,177,95,0.5367,79,3,2026-10-02 14:30:48
2473,51-HCM D7/Bui Van Ba Hub,in-house,Full-Time,54973,LÂM VĂN TỶ,273,136,0.4982,135,2,2026-10-02 14:30:48
2473,51-HCM D7/Bui Van Ba Hub,in-house,Full-Time,149437,NGUYỄN MINH ĐẠT,215,107,0.4977,107,1,2026-10-02 14:30:48
2473,51-HCM D7/Bui Van Ba Hub,in-house,Full-Time,55123,PHAN VĂN TÙNG,331,161,0.4864,167,3,2026-10-02 14:30:48
2473,51-HCM D7/Bui Van Ba Hub,in-house,Full-Time,73853,NGUYỄN HOÀNG SƠN,253,107,0.4229,142,4,2026-10-02 14:30:48
2473,51-HCM D7/Bui Van Ba Hub,in-house,Full-Time,72588,NGUYỄN HOÀI ANH,261,101,0.387,149,11,2026-10-02 14:30:48
2473,51-HCM D7/Bui Van Ba Hub,in-house,Full-Time,134920,NGUYỄN THỊ KIM PHƯỢNG,149,58,0.3893,89,2,2026-10-02 14:30:48
2473,51-HCM D7/Bui Van Ba Hub,in-house,Full-Time,33552,NGUYỄN QUỐC THÁI,424,164,0.3868,259,1,2026-10-02 14:30:48
2473,51-HCM D7/Bui Van Ba Hub,in-house,Full-Time,158164,ĐẶNG HOÀNG LUÔN,239,80,0.3347,157,2,2026-10-02 14:30:48
2473,51-HCM D7/Bui Van Ba Hub,in-house,Full-Time,39415,DƯƠNG TẤN THIỆN,315,94,0.2984,218,3,2026-10-02 14:30:48
2063,51-HCM D7/Dao Tri Hub,in-house,Full-Time,48648,NGUYỄN HOÀNG THANH,244,234,0.959,0,10,2026-10-02 14:30:48
2063,51-HCM D7/Dao Tri Hub,in-house,Full-Time,10833,LÊ QUỐC BẢO,267,239,0.8951,2,26,2026-10-02 14:30:48
2063,51-HCM D7/Dao Tri Hub,in-house,Full-Time,7595,LÝ THÀNH PHÁT,251,243,0.9681,4,4,2026-10-02 14:30:48
2063,51-HCM D7/Dao Tri Hub,in-house,Full-Time,114115,TRẦN HỒNG TRỌNG,126,124,0.9841,2,0,2026-10-02 14:30:48
2063,51-HCM D7/Dao Tri Hub,in-house,Full-Time,154917,HOÀNG CHÍ THẮNG,101,93,0.9208,4,4,2026-10-02 14:30:48
2063,51-HCM D7/Dao Tri Hub,in-house,Full-Time,210,MÃ BỈNH QUAN,163,154,0.9448,9,0,2026-10-02 14:30:48
2063,51-HCM D7/Dao Tri Hub,in-house,Full-Time,80576,LÊ QUỐC MINH,158,145,0.9177,10,3,2026-10-02 14:30:48
2063,51-HCM D7/Dao Tri Hub,in-house,Full-Time,2818,VÕ THANH HOÀNG,135,125,0.9259,10,0,2026-10-02 14:30:48
2063,51-HCM D7/Dao Tri Hub,in-house,Full-Time,8559,HUỲNH VĂN HIẾU,264,237,0.8977,21,6,2026-10-02 14:30:48
2063,51-HCM D7/Dao Tri Hub,in-house,Full-Time,94498,NGUYỄN THÀNH NHÂN,182,163,0.8956,15,4,2026-10-02 14:30:48
2063,51-HCM D7/Dao Tri Hub,in-house,Full-Time,14901,TRẦN MINH TRỌNG,180,159,0.8833,17,4,2026-10-02 14:30:48
2063,51-HCM D7/Dao Tri Hub,in-house,Full-Time,4968,NGUYỄN TRẦN TẤN PHÁT,101,91,0.901,10,0,2026-10-02 14:30:48
2063,51-HCM D7/Dao Tri Hub,in-house,Full-Time,18973,PHẠM HOÀNG LONG,184,158,0.8587,20,6,2026-10-02 14:30:48
2063,51-HCM D7/Dao Tri Hub,in-house,Full-Time,91967,PHẠM LÂM THANH BẢO,226,193,0.854,25,8,2026-10-02 14:30:48
2063,51-HCM D7/Dao Tri Hub,in-house,Full-Time,89862,HUỲNH NHẬT HÒA,206,177,0.8592,25,4,2026-10-02 14:30:48
2063,51-HCM D7/Dao Tri Hub,in-house,Full-Time,6256,NGUYỄN TẤN LỘC,258,211,0.8178,34,13,2026-10-02 14:30:48
2063,51-HCM D7/Dao Tri Hub,in-house,Full-Time,31302,PHAN VĂN LỢI,233,198,0.8498,31,4,2026-10-02 14:30:48
2063,51-HCM D7/Dao Tri Hub,in-house,Full-Time,82230,PHẠM ĐÌNH GIANG,203,164,0.8079,27,12,2026-10-02 14:30:48
2063,51-HCM D7/Dao Tri Hub,in-house,Full-Time,112525,NGUYỄN VĂN DANH,239,192,0.8033,33,14,2026-10-02 14:30:48
2063,51-HCM D7/Dao Tri Hub,in-house,Full-Time,46126,TRƯƠNG THANH TẤN,245,202,0.8245,36,7,2026-10-02 14:30:48
2063,51-HCM D7/Dao Tri Hub,in-house,Full-Time,41370,PHẠM THANH HIẾU,229,191,0.8341,35,3,2026-10-02 14:30:48
2063,51-HCM D7/Dao Tri Hub,in-house,Full-Time,70769,TRỊNH PHƯỚC TOÀN,256,201,0.7852,40,15,2026-10-02 14:30:48
2063,51-HCM D7/Dao Tri Hub,in-house,Full-Time,103086,NGUYỄN PHƯỚC LỘC,224,184,0.8214,35,5,2026-10-02 14:30:48
2063,51-HCM D7/Dao Tri Hub,in-house,Full-Time,10932,TRẦN HỮU TRÍ,245,199,0.8122,40,6,2026-10-02 14:30:48
2063,51-HCM D7/Dao Tri Hub,in-house,Full-Time,150197,NGUYỄN THỊ XUÂN VẸN,138,107,0.7754,23,8,2026-10-02 14:30:48
2063,51-HCM D7/Dao Tri Hub,in-house,Full-Time,122463,QUÁCH TRẦN THANH NGUYÊN,219,170,0.7763,40,9,2026-10-02 14:30:48
2063,51-HCM D7/Dao Tri Hub,in-house,Full-Time,149126,NGUYỄN VĂN TÂN,201,151,0.7512,37,13,2026-10-02 14:30:48
2063,51-HCM D7/Dao Tri Hub,in-house,Full-Time,7149,PHAN VĂN THÀNH,228,186,0.8158,42,0,2026-10-02 14:30:48
2063,51-HCM D7/Dao Tri Hub,in-house,Full-Time,138161,TRẦN ĐÌNH VŨ,220,172,0.7818,43,5,2026-10-02 14:30:48
2063,51-HCM D7/Dao Tri Hub,in-house,Full-Time,72488,NGUYỄN MINH HẬU,204,156,0.7647,41,7,2026-10-02 14:30:48
2063,51-HCM D7/Dao Tri Hub,in-house,Full-Time,54985,LÂM TRẦN LỆ HẰNG,257,198,0.7704,52,7,2026-10-02 14:30:48
2063,51-HCM D7/Dao Tri Hub,in-house,Full-Time,29292,THÁI CHÍ HẢI,230,181,0.787,47,2,2026-10-02 14:30:48
2063,51-HCM D7/Dao Tri Hub,in-house,Full-Time,64338,LÊ GIA KHÁNH,218,172,0.789,45,1,2026-10-02 14:30:48
2063,51-HCM D7/Dao Tri Hub,in-house,Full-Time,105663,NGUYỄN TRUNG THỰC,196,146,0.7449,41,9,2026-10-02 14:30:48
2063,51-HCM D7/Dao Tri Hub,in-house,Full-Time,71224,TRẦN LƯU BÌNH,253,194,0.7668,53,6,2026-10-02 14:30:48
2063,51-HCM D7/Dao Tri Hub,in-house,Full-Time,6255,HUỲNH PHÚC HẬU,218,166,0.7615,49,3,2026-10-02 14:30:48
2063,51-HCM D7/Dao Tri Hub,in-house,Full-Time,203,NGUYỄN VĂN TÂM,251,188,0.749,59,4,2026-10-02 14:30:48
2063,51-HCM D7/Dao Tri Hub,in-house,Full-Time,53552,NGUYỄN THANH SANG,258,194,0.7519,62,2,2026-10-02 14:30:48
2063,51-HCM D7/Dao Tri Hub,in-house,Full-Time,53655,TRẦN TẤN ĐẠT,257,185,0.7198,63,9,2026-10-02 14:30:48
2063,51-HCM D7/Dao Tri Hub,in-house,Full-Time,43798,NGŨ HÙNG VƯƠNG,300,217,0.7233,77,6,2026-10-02 14:30:48
2063,51-HCM D7/Dao Tri Hub,in-house,Full-Time,101688,LÊ NHẬT CƯỜNG,253,181,0.7154,65,7,2026-10-02 14:30:48
2063,51-HCM D7/Dao Tri Hub,in-house,Full-Time,8557,NGUYỄN THỊ THẢO TRANG,253,185,0.7312,66,2,2026-10-02 14:30:48
2063,51-HCM D7/Dao Tri Hub,in-house,Full-Time,110615,LÊ QUỐC LỢI,265,190,0.717,70,5,2026-10-02 14:30:48
2063,51-HCM D7/Dao Tri Hub,in-house,Full-Time,132076,NGUYỄN PHẠM AN NHÀN,234,169,0.7222,63,2,2026-10-02 14:30:48
2063,51-HCM D7/Dao Tri Hub,in-house,Full-Time,34760,NGUYỄN TRỌNG NAM,256,175,0.6836,69,12,2026-10-02 14:30:48
2063,51-HCM D7/Dao Tri Hub,in-house,Full-Time,132080,PHAN ANH QUỐC,229,160,0.6987,62,7,2026-10-02 14:30:48
2063,51-HCM D7/Dao Tri Hub,in-house,Full-Time,7723,NGUYỄN QUỐC CƯỜNG,238,164,0.6891,66,8,2026-10-02 14:30:48
2063,51-HCM D7/Dao Tri Hub,in-house,Full-Time,149961,NGUYỄN MINH KHA,212,148,0.6981,59,5,2026-10-02 14:30:48
2063,51-HCM D7/Dao Tri Hub,in-house,Full-Time,71226,HUỲNH TẤN THUẬN,219,149,0.6804,62,8,2026-10-02 14:30:48
2063,51-HCM D7/Dao Tri Hub,in-house,Full-Time,5620,KIỀU TẤN BỬU,249,171,0.6867,75,3,2026-10-02 14:30:48
2063,51-HCM D7/Dao Tri Hub,in-house,Full-Time,118779,LÊ TRUNG NHÂN,138,93,0.6739,43,2,2026-10-02 14:30:48
2063,51-HCM D7/Dao Tri Hub,in-house,Full-Time,110444,HUỲNH GIA BẢO,237,154,0.6498,75,8,2026-10-02 14:30:48
2063,51-HCM D7/Dao Tri Hub,in-house,Full-Time,546,CAO THỊ THIÊN HƯƠNG,328,211,0.6433,104,13,2026-10-02 14:30:48
2063,51-HCM D7/Dao Tri Hub,in-house,Full-Time,18301,VÕ TẤN PHÚC,314,208,0.6624,100,6,2026-10-02 14:30:48
2063,51-HCM D7/Dao Tri Hub,in-house,Full-Time,151567,PHẠM THANH HẬU,208,127,0.6106,69,12,2026-10-02 14:30:48
2063,51-HCM D7/Dao Tri Hub,in-house,Full-Time,80055,NGUYỄN TUẤN CƯỜNG,348,226,0.6494,116,6,2026-10-02 14:30:48
2063,51-HCM D7/Dao Tri Hub,in-house,Full-Time,16405,NGUYỄN THẾ BẢO,335,197,0.5881,114,24,2026-10-02 14:30:48
2063,51-HCM D7/Dao Tri Hub,in-house,Full-Time,25564,LÊ NGUYỄN KIỀU TRÂN,284,182,0.6408,102,0,2026-10-02 14:30:48
2063,51-HCM D7/Dao Tri Hub,in-house,Full-Time,100047,ĐINH LÊ HƯNG,289,181,0.6263,106,2,2026-10-02 14:30:48
2063,51-HCM D7/Dao Tri Hub,in-house,Full-Time,41517,TRẦN QUỐC TRẦM,303,177,0.5842,122,4,2026-10-02 14:30:48
2063,51-HCM D7/Dao Tri Hub,in-house,Full-Time,13505,TRƯƠNG THANH TÙNG,237,129,0.5443,105,3,2026-10-02 14:30:48
2063,51-HCM D7/Dao Tri Hub,in-house,Full-Time,3154,TRẦN THANH HOÀNG TRIỀU,353,186,0.5269,165,2,2026-10-02 14:30:48
2063,51-HCM D7/Dao Tri Hub,in-house,Full-Time,15165,PHÙNG BẢO HUY,285,139,0.4877,138,8,2026-10-02 14:30:48
2063,51-HCM D7/Dao Tri Hub,in-house,Full-Time,61506,NGUYỄN HOÀNG TRỌNG,314,139,0.4427,160,15,2026-10-02 14:30:48
2063,51-HCM D7/Dao Tri Hub,in-house,Full-Time,75822,LƯƠNG QUỐC BÌNH,329,147,0.4468,172,10,2026-10-02 14:30:48
2063,51-HCM D7/Dao Tri Hub,in-house,Full-Time,152051,LÊ TRUNG TRỰC,185,78,0.4216,104,3,2026-10-02 14:30:48
2021,51-HCM D7/Huynh Tan Phat Hub,in-house,Full-Time,8395,HUỲNH TRẦN SEN SEN,228,227,0.9956,0,1,2026-10-02 14:30:48
2021,51-HCM D7/Huynh Tan Phat Hub,in-house,Full-Time,29727,TRẦN VĂN TẤN,219,211,0.9635,0,8,2026-10-02 14:30:48
2021,51-HCM D7/Huynh Tan Phat Hub,in-house,Full-Time,88074,TRẦN LÂM CHÍ VŨ,245,243,0.9918,0,2,2026-10-02 14:30:48
2021,51-HCM D7/Huynh Tan Phat Hub,in-house,Full-Time,105415,TRƯƠNG QUANG NHẬT,172,163,0.9477,0,9,2026-10-02 14:30:48
2021,51-HCM D7/Huynh Tan Phat Hub,in-house,Full-Time,16253,NGUYỄN ANH CƯỜNG,216,208,0.963,4,4,2026-10-02 14:30:48
2021,51-HCM D7/Huynh Tan Phat Hub,in-house,Full-Time,153806,LÝ NHẬT HOÀ,186,166,0.8925,4,16,2026-10-02 14:30:48
2021,51-HCM D7/Huynh Tan Phat Hub,in-house,Full-Time,90748,TRẦN NGỌC MINH CHÂU,220,193,0.8773,7,20,2026-10-02 14:30:48
2021,51-HCM D7/Huynh Tan Phat Hub,in-house,Full-Time,109179,NGÔ BÁ TUẤN,237,223,0.9409,11,3,2026-10-02 14:30:48
2021,51-HCM D7/Huynh Tan Phat Hub,in-house,Full-Time,75834,TRẦN NGUYỄN VIỆT LÂM,206,187,0.9078,10,9,2026-10-02 14:30:48
2021,51-HCM D7/Huynh Tan Phat Hub,in-house,Full-Time,155171,PHAN HỮU LỘC,220,201,0.9136,13,6,2026-10-02 14:30:48
2021,51-HCM D7/Huynh Tan Phat Hub,in-house,Full-Time,56580,VƯƠNG QUỐC HƯNG,252,220,0.873,15,17,2026-10-02 14:30:48
2021,51-HCM D7/Huynh Tan Phat Hub,in-house,Full-Time,33769,LÊ MINH TRIẾT,230,210,0.913,14,6,2026-10-02 14:30:48
2021,51-HCM D7/Huynh Tan Phat Hub,in-house,Full-Time,67581,NGUYỄN TẤN CÔNG,239,217,0.9079,15,7,2026-10-02 14:30:48
2021,51-HCM D7/Huynh Tan Phat Hub,in-house,Full-Time,12163,NGUYỄN THỊ THANH LIỄU,303,268,0.8845,32,3,2026-10-02 14:30:48
2021,51-HCM D7/Huynh Tan Phat Hub,in-house,Full-Time,152646,PHAN MAI QUÂN,160,140,0.875,17,3,2026-10-02 14:30:48
2021,51-HCM D7/Huynh Tan Phat Hub,in-house,Full-Time,44798,NGUYỄN THANH VINH,321,279,0.8692,38,4,2026-10-02 14:30:48
2021,51-HCM D7/Huynh Tan Phat Hub,in-house,Full-Time,52701,NGUYỄN HUỲNH ANH KHOA,212,180,0.8491,26,6,2026-10-02 14:30:48
2021,51-HCM D7/Huynh Tan Phat Hub,in-house,Full-Time,35713,PHẠM TẤN PHƯỚC,275,230,0.8364,34,11,2026-10-02 14:30:48
2021,51-HCM D7/Huynh Tan Phat Hub,in-house,Full-Time,24526,NGUYỄN VĂN TRUNG TÂM,239,199,0.8326,30,10,2026-10-02 14:30:48
2021,51-HCM D7/Huynh Tan Phat Hub,in-house,Full-Time,21463,NGUYỄN PHƯỚC LỘC,269,224,0.8327,35,10,2026-10-02 14:30:48
2021,51-HCM D7/Huynh Tan Phat Hub,in-house,Full-Time,2544,ĐẶNG KHẮC CẦN,240,205,0.8542,33,2,2026-10-02 14:30:48
2021,51-HCM D7/Huynh Tan Phat Hub,in-house,Full-Time,28955,NGUYỄN HOÀNG LẪY,267,218,0.8165,39,10,2026-10-02 14:30:48
2021,51-HCM D7/Huynh Tan Phat Hub,in-house,Full-Time,130382,TRẦN MINH TÂM,151,121,0.8013,24,6,2026-10-02 14:30:48
2021,51-HCM D7/Huynh Tan Phat Hub,in-house,Full-Time,71877,TRẦN TUẤN TÀI,178,148,0.8315,30,0,2026-10-02 14:30:48
2021,51-HCM D7/Huynh Tan Phat Hub,in-house,Full-Time,126241,TRẦN PHÚ QUÍ,225,179,0.7956,38,8,2026-10-02 14:30:48
2021,51-HCM D7/Huynh Tan Phat Hub,in-house,Full-Time,96652,NGÔ MINH TIẾN,248,191,0.7702,42,15,2026-10-02 14:30:48
2021,51-HCM D7/Huynh Tan Phat Hub,in-house,Full-Time,11356,ĐẶNG THANH TÂM,291,232,0.7973,50,9,2026-10-02 14:30:48
2021,51-HCM D7/Huynh Tan Phat Hub,in-house,Full-Time,1612,NGUYỄN HOÀNG THÁI DUY,302,243,0.8046,54,5,2026-10-02 14:30:48
2021,51-HCM D7/Huynh Tan Phat Hub,in-house,Full-Time,136995,ĐINH QUANG BÌNH,193,152,0.7876,36,5,2026-10-02 14:30:48
2021,51-HCM D7/Huynh Tan Phat Hub,in-house,Full-Time,15277,PHẠM HỒNG PHÚC,192,151,0.7865,37,4,2026-10-02 14:30:48
2021,51-HCM D7/Huynh Tan Phat Hub,in-house,Full-Time,126910,NGUYỄN HOÀNG THỊNH,134,103,0.7687,26,5,2026-10-02 14:30:48
2021,51-HCM D7/Huynh Tan Phat Hub,in-house,Full-Time,33364,NGUYỄN TIẾN SỸ,222,171,0.7703,46,5,2026-10-02 14:30:48
2021,51-HCM D7/Huynh Tan Phat Hub,in-house,Full-Time,111172,NGUON GIÀU,244,189,0.7746,51,4,2026-10-02 14:30:48
2021,51-HCM D7/Huynh Tan Phat Hub,in-house,Full-Time,126338,NGUYỄN VĂN PHƯỚC,200,152,0.76,43,5,2026-10-02 14:30:48
2021,51-HCM D7/Huynh Tan Phat Hub,in-house,Full-Time,96218,NGUYỄN LÊ HOÀNG LONG,283,214,0.7562,64,5,2026-10-02 14:30:48
2021,51-HCM D7/Huynh Tan Phat Hub,in-house,Full-Time,109170,NGUYỄN ĐỖ LỄ,253,178,0.7036,64,11,2026-10-02 14:30:48
2021,51-HCM D7/Huynh Tan Phat Hub,in-house,Full-Time,83738,CHÂU KHẮC ANH VŨ,242,173,0.7149,66,3,2026-10-02 14:30:48
2021,51-HCM D7/Huynh Tan Phat Hub,in-house,Full-Time,149033,ĐOÀN VÕ CHIẾN THẮNG,268,172,0.6418,79,17,2026-10-02 14:30:48
2021,51-HCM D7/Huynh Tan Phat Hub,in-house,Full-Time,124533,NGUYỄN TRẦN TRUNG NGUYÊN,201,137,0.6816,62,2,2026-10-02 14:30:48
2021,51-HCM D7/Huynh Tan Phat Hub,in-house,Full-Time,152119,HỨA TRÍ HẢI,333,222,0.6667,105,6,2026-10-02 14:30:48
2109,51-HCM D7/Nguyen Van Linh Hub,in-house,Full-Time,39395,PHẠM THÀNH LUÂN,209,201,0.9617,8,0,2026-10-02 14:30:48
2109,51-HCM D7/Nguyen Van Linh Hub,in-house,Full-Time,97335,TĂNG HIẾU HẬU,291,256,0.8797,29,6,2026-10-02 14:30:48
2109,51-HCM D7/Nguyen Van Linh Hub,in-house,Full-Time,83446,NGUYỄN KHÁNH PHÚC,214,185,0.8645,25,4,2026-10-02 14:30:48
2109,51-HCM D7/Nguyen Van Linh Hub,in-house,Full-Time,71753,NGUYỄN MINH QUÂN,225,195,0.8667,27,3,2026-10-02 14:30:48
2109,51-HCM D7/Nguyen Van Linh Hub,in-house,Full-Time,44681,NGUYỄN HỮU THỌ,224,192,0.8571,30,2,2026-10-02 14:30:48
2109,51-HCM D7/Nguyen Van Linh Hub,in-house,Full-Time,15305,PHẠM TẤN TÀI,244,201,0.8238,42,1,2026-10-02 14:30:48
2109,51-HCM D7/Nguyen Van Linh Hub,in-house,Full-Time,143477,NGUYỄN HOÀNG HƯNG,236,183,0.7754,47,6,2026-10-02 14:30:48
2109,51-HCM D7/Nguyen Van Linh Hub,in-house,Full-Time,136147,VÕ TIẾN LÂM,147,112,0.7619,30,5,2026-10-02 14:30:48
2109,51-HCM D7/Nguyen Van Linh Hub,in-house,Full-Time,82232,NGUYỄN TÔ KHƯƠNG,349,275,0.788,73,1,2026-10-02 14:30:48
2109,51-HCM D7/Nguyen Van Linh Hub,in-house,Full-Time,13497,NGUYỄN THỊ THU NGA,262,203,0.7748,57,2,2026-10-02 14:30:48
2109,51-HCM D7/Nguyen Van Linh Hub,in-house,Full-Time,65435,ĐỖ NGỌC HUY,187,129,0.6898,44,14,2026-10-02 14:30:48
2109,51-HCM D7/Nguyen Van Linh Hub,in-house,Full-Time,1754,ĐÀM PHƯỚC TUẤN,412,300,0.7282,104,8,2026-10-02 14:30:48
2109,51-HCM D7/Nguyen Van Linh Hub,in-house,Full-Time,10405,MAI THANH PHÚC,249,175,0.7028,64,10,2026-10-02 14:30:48
2109,51-HCM D7/Nguyen Van Linh Hub,in-house,Full-Time,16000,PHẠM DUY KHOA,262,166,0.6336,71,25,2026-10-02 14:30:48
2109,51-HCM D7/Nguyen Van Linh Hub,in-house,Full-Time,72813,NGUYỄN THẾ BA,267,185,0.6929,75,7,2026-10-02 14:30:48
2109,51-HCM D7/Nguyen Van Linh Hub,in-house,Full-Time,30727,NGUYỄN BÁ THÀNH,274,186,0.6788,86,2,2026-10-02 14:30:48
2109,51-HCM D7/Nguyen Van Linh Hub,in-house,Full-Time,27993,NGUYỄN THANH NHÃ,263,176,0.6692,83,4,2026-10-02 14:30:48
2109,51-HCM D7/Nguyen Van Linh Hub,in-house,Full-Time,149291,VÕ QUỐC THẮNG,218,145,0.6651,70,3,2026-10-02 14:30:48
2109,51-HCM D7/Nguyen Van Linh Hub,in-house,Full-Time,21985,VIÊN QUỐC QUANG,235,144,0.6128,77,14,2026-10-02 14:30:48
2109,51-HCM D7/Nguyen Van Linh Hub,in-house,Full-Time,22085,NGÔ HOÀNG LỘC,252,164,0.6508,83,5,2026-10-02 14:30:48
2109,51-HCM D7/Nguyen Van Linh Hub,in-house,Full-Time,120672,THẠCH CẢNH THI,206,119,0.5777,79,8,2026-10-02 14:30:48
2109,51-HCM D7/Nguyen Van Linh Hub,in-house,Full-Time,58754,HUỲNH TẤN PHƯƠNG,279,159,0.5699,119,1,2026-10-02 14:30:48
2109,51-HCM D7/Nguyen Van Linh Hub,in-house,Full-Time,126929,NGUYỄN THÀNH LONG,286,153,0.535,128,5,2026-10-02 14:30:48
2109,51-HCM D7/Nguyen Van Linh Hub,in-house,Full-Time,72474,PHAN PHƯỚC HÙNG,251,133,0.5299,116,2,2026-10-02 14:30:48
2109,51-HCM D7/Nguyen Van Linh Hub,in-house,Full-Time,22392,VŨ QUỐC CƯỜNG,270,137,0.5074,133,0,2026-10-02 14:30:48
2109,51-HCM D7/Nguyen Van Linh Hub,in-house,Full-Time,162671,HÀ VĂN TIẾN,136,2,0.0147,134,0,2026-10-02 14:30:48
2191,51-HCM D7/Tan Kieng Hub,in-house,Full-Time,2214,HUN XEN,232,211,0.9095,12,9,2026-10-02 14:30:48
2191,51-HCM D7/Tan Kieng Hub,in-house,Full-Time,5899,PHAN ANH DŨNG,306,279,0.9118,26,1,2026-10-02 14:30:48
2191,51-HCM D7/Tan Kieng Hub,in-house,Full-Time,44947,VÕ MINH LẬP,309,266,0.8608,29,14,2026-10-02 14:30:48
2191,51-HCM D7/Tan Kieng Hub,in-house,Full-Time,76303,NGUYỄN MINH KHANG,240,205,0.8542,27,8,2026-10-02 14:30:48
2191,51-HCM D7/Tan Kieng Hub,in-house,Full-Time,22257,PHẠM DUY CƯỜNG,270,233,0.863,36,1,2026-10-02 14:30:48
2191,51-HCM D7/Tan Kieng Hub,in-house,Full-Time,25561,LÊ NGUYỄN NAM KHANG,258,210,0.814,42,6,2026-10-02 14:30:48
2191,51-HCM D7/Tan Kieng Hub,in-house,Full-Time,2417,ĐẶNG TRƯỜNG THANH,201,167,0.8308,33,1,2026-10-02 14:30:48
2191,51-HCM D7/Tan Kieng Hub,in-house,Full-Time,69341,TRƯƠNG TẤN SANG,300,233,0.7767,52,15,2026-10-02 14:30:48
2191,51-HCM D7/Tan Kieng Hub,in-house,Full-Time,612,TRẦN HOÀNG HUÂN,254,196,0.7717,50,8,2026-10-02 14:30:48
2191,51-HCM D7/Tan Kieng Hub,in-house,Full-Time,5624,TRẦN TẤN HÙNG,261,205,0.7854,53,3,2026-10-02 14:30:48
2191,51-HCM D7/Tan Kieng Hub,in-house,Full-Time,149985,ĐINH LÊ TẤN VINH,233,183,0.7854,48,2,2026-10-02 14:30:48
2191,51-HCM D7/Tan Kieng Hub,in-house,Full-Time,34552,TRẦN VĂN LONG,317,242,0.7634,71,4,2026-10-02 14:30:48
2191,51-HCM D7/Tan Kieng Hub,in-house,Full-Time,31926,LẠI MINH ĐẠT,246,188,0.7642,57,1,2026-10-02 14:30:48
2191,51-HCM D7/Tan Kieng Hub,in-house,Full-Time,70297,ĐINH VĂN PHƯƠNG,289,204,0.7059,85,0,2026-10-02 14:30:48
2191,51-HCM D7/Tan Kieng Hub,in-house,Full-Time,38324,NGUYỄN QUANG TƯỜNG,334,223,0.6677,105,6,2026-10-02 14:30:48
2191,51-HCM D7/Tan Kieng Hub,in-house,Full-Time,15855,NGUYỄN HUỲNH TRỌNG NHÂN,253,167,0.6601,82,4,2026-10-02 14:30:48
2191,51-HCM D7/Tan Kieng Hub,in-house,Full-Time,17830,HUỲNH LÝ MỸ UYÊN,292,187,0.6404,96,9,2026-10-02 14:30:48
2191,51-HCM D7/Tan Kieng Hub,in-house,Full-Time,123718,ĐỖ TUẤN KHÁNH,215,130,0.6047,76,9,2026-10-02 14:30:48
2191,51-HCM D7/Tan Kieng Hub,in-house,Full-Time,127154,LÊ XUÂN QUÁ,267,157,0.588,103,7,2026-10-02 14:30:48
2191,51-HCM D7/Tan Kieng Hub,in-house,Full-Time,53295,TRẦN NGỌC SƠN,265,150,0.566,107,8,2026-10-02 14:30:48
2191,51-HCM D7/Tan Kieng Hub,in-house,Full-Time,1025,BÙI VĂN DẦN,272,146,0.5368,120,6,2026-10-02 14:30:48
2191,51-HCM D7/Tan Kieng Hub,in-house,Full-Time,58655,HUỲNH DIỆM PHƯƠNG,325,164,0.5046,149,12,2026-10-02 14:30:48
2191,51-HCM D7/Tan Kieng Hub,in-house,Full-Time,15308,YANG LỮ QUỐC ĐẠT,401,199,0.4963,199,3,2026-10-02 14:30:48
2191,51-HCM D7/Tan Kieng Hub,in-house,Full-Time,3222,NGUYỄN MINH LINH,295,108,0.3661,186,1,2026-10-02 14:30:48
4439,51-HCM D8/Ben Binh Dong Hub,in-house,Full-Time,8846,ĐỖ THÀNH PHÁT,223,210,0.9417,3,10,2026-10-02 14:30:48
4439,51-HCM D8/Ben Binh Dong Hub,in-house,Full-Time,50784,LÝ PHÚC THỊNH,171,159,0.9298,5,7,2026-10-02 14:30:48
4439,51-HCM D8/Ben Binh Dong Hub,in-house,Full-Time,21377,TRẦN HOÀNG SƠN,188,172,0.9149,12,4,2026-10-02 14:30:48
4439,51-HCM D8/Ben Binh Dong Hub,in-house,Full-Time,98132,DƯ PHƯỚC BỬU,226,196,0.8673,28,2,2026-10-02 14:30:48
4439,51-HCM D8/Ben Binh Dong Hub,in-house,Full-Time,157108,TRẦN HUỲNH QUANG VINH,178,147,0.8258,27,4,2026-10-02 14:30:48
4439,51-HCM D8/Ben Binh Dong Hub,in-house,Full-Time,11772,HUỲNH TRÍ DŨNG,182,146,0.8022,31,5,2026-10-02 14:30:48
4439,51-HCM D8/Ben Binh Dong Hub,in-house,Full-Time,70445,PHẠM HOÀNG NAM,285,224,0.786,56,5,2026-10-02 14:30:48
4439,51-HCM D8/Ben Binh Dong Hub,in-house,Full-Time,30074,LIỄU HỒ BẢO CHÂU,368,281,0.7636,83,4,2026-10-02 14:30:48
4439,51-HCM D8/Ben Binh Dong Hub,in-house,Full-Time,125559,HOÀNG VIỆT HẢI,175,129,0.7371,46,0,2026-10-02 14:30:48
4439,51-HCM D8/Ben Binh Dong Hub,in-house,Full-Time,127512,PHAN HUỲNH ĐỨC,187,130,0.6952,55,2,2026-10-02 14:30:48
4439,51-HCM D8/Ben Binh Dong Hub,in-house,Full-Time,21385,PHAN QUỐC VŨ,285,200,0.7018,84,1,2026-10-02 14:30:48
4439,51-HCM D8/Ben Binh Dong Hub,in-house,Full-Time,30919,NGUYỄN HUỲNH VŨ,218,141,0.6468,71,6,2026-10-02 14:30:48
4439,51-HCM D8/Ben Binh Dong Hub,in-house,Full-Time,757,TRẦN MINH KHƯƠNG,235,122,0.5191,111,2,2026-10-02 14:30:48
4439,51-HCM D8/Ben Binh Dong Hub,in-house,Full-Time,552,A PHƯỚC THÀNH,228,112,0.4912,112,4,2026-10-02 14:30:48
4439,51-HCM D8/Ben Binh Dong Hub,in-house,Full-Time,8545,HOÀNG THỊ NGỌC THẢO,395,178,0.4506,215,2,2026-10-02 14:30:48
4439,51-HCM D8/Ben Binh Dong Hub,in-house,Full-Time,52933,TRẦN VĂN LƯƠNG,238,100,0.4202,135,3,2026-10-02 14:30:48
4439,51-HCM D8/Ben Binh Dong Hub,in-house,Full-Time,14520,NGUYỄN VĂN TỨ,265,105,0.3962,152,8,2026-10-02 14:30:48
4439,51-HCM D8/Ben Binh Dong Hub,in-house,Full-Time,2969,HÀN TẤN VINH,293,76,0.2594,212,5,2026-10-02 14:30:48
2190,51-HCM D8/Bui Minh Truc Hub,in-house,Full-Time,29313,KHƯU ĐẠI QUỐC,281,265,0.9431,8,8,2026-10-02 14:30:48
2190,51-HCM D8/Bui Minh Truc Hub,in-house,Full-Time,95553,TRẦN NGỌC NHÂN,293,273,0.9317,9,11,2026-10-02 14:30:48
2190,51-HCM D8/Bui Minh Truc Hub,in-house,Full-Time,26425,LÊ ĐỨC TUÂN,273,231,0.8462,25,17,2026-10-02 14:30:48
2190,51-HCM D8/Bui Minh Truc Hub,in-house,Full-Time,25943,HUỲNH SỸ ĐƯỜNG,220,197,0.8955,22,1,2026-10-02 14:30:48
2190,51-HCM D8/Bui Minh Truc Hub,in-house,Full-Time,42061,CHÂU THIỆN,354,300,0.8475,45,9,2026-10-02 14:30:48
2190,51-HCM D8/Bui Minh Truc Hub,in-house,Full-Time,149035,LÊ MINH TRUNG,236,189,0.8008,37,10,2026-10-02 14:30:48
2190,51-HCM D8/Bui Minh Truc Hub,in-house,Full-Time,42664,PHẠM NGUYỄN CƯỜNG THỊNH,259,201,0.7761,49,9,2026-10-02 14:30:48
2190,51-HCM D8/Bui Minh Truc Hub,in-house,Full-Time,124699,THÁI THANH HẢI,350,276,0.7886,67,7,2026-10-02 14:30:48
2190,51-HCM D8/Bui Minh Truc Hub,in-house,Full-Time,41827,NGUYỄN HẢI PHÁT,271,207,0.7638,59,5,2026-10-02 14:30:48
2190,51-HCM D8/Bui Minh Truc Hub,in-house,Full-Time,39210,TRẦN VĂN DIỄN,320,241,0.7531,74,5,2026-10-02 14:30:48
2190,51-HCM D8/Bui Minh Truc Hub,in-house,Full-Time,85481,LÊ ANH QUI,239,171,0.7155,63,5,2026-10-02 14:30:48
2190,51-HCM D8/Bui Minh Truc Hub,in-house,Full-Time,47664,VÕ MINH QUANG,415,285,0.6867,125,5,2026-10-02 14:30:48
2190,51-HCM D8/Bui Minh Truc Hub,in-house,Full-Time,53185,ĐINH QUỐC BẢO,329,187,0.5684,131,11,2026-10-02 14:30:48
6087,51-HCM D8/KDC Binh Hung Hub,in-house,Full-Time,29970,LÊ THANH TÂM,1,1,1,0,0,2026-10-02 14:30:48
6087,51-HCM D8/KDC Binh Hung Hub,in-house,Full-Time,127385,TẠ HIẾU THÀNH,198,174,0.8788,23,1,2026-10-02 14:30:48
6087,51-HCM D8/KDC Binh Hung Hub,in-house,Full-Time,70447,LÊ CÔNG TRỌNG NGHĨA,206,167,0.8107,35,4,2026-10-02 14:30:48
6087,51-HCM D8/KDC Binh Hung Hub,in-house,Full-Time,43002,VÕ QUỐC TUẤN PHONG,200,163,0.815,34,3,2026-10-02 14:30:48
6087,51-HCM D8/KDC Binh Hung Hub,in-house,Full-Time,72926,NGUYỄN HỒ QUỐC ANH,205,165,0.8049,35,5,2026-10-02 14:30:48
6087,51-HCM D8/KDC Binh Hung Hub,in-house,Full-Time,9587,NGUYỄN THÀNH TÂM,220,167,0.7591,51,2,2026-10-02 14:30:48
6087,51-HCM D8/KDC Binh Hung Hub,in-house,Full-Time,138168,LÊ HOÀNG QUÂN,221,166,0.7511,52,3,2026-10-02 14:30:48
6087,51-HCM D8/KDC Binh Hung Hub,in-house,Full-Time,151003,NGUYỄN MINH TƯỚC,230,166,0.7217,61,3,2026-10-02 14:30:48
6087,51-HCM D8/KDC Binh Hung Hub,in-house,Full-Time,7593,LÊ TẤN ĐẠT,230,161,0.7,68,1,2026-10-02 14:30:48
6087,51-HCM D8/KDC Binh Hung Hub,in-house,Full-Time,6731,CHUNG VĂN HẢI,181,126,0.6961,54,1,2026-10-02 14:30:48
6087,51-HCM D8/KDC Binh Hung Hub,in-house,Full-Time,12201,DANH QUÁCH THANH TÙNG,201,136,0.6766,62,3,2026-10-02 14:30:48
6087,51-HCM D8/KDC Binh Hung Hub,in-house,Full-Time,14381,NGUYỄN PHƯỚC HẬU,226,155,0.6858,70,1,2026-10-02 14:30:48
6087,51-HCM D8/KDC Binh Hung Hub,in-house,Full-Time,8393,NGUYỄN ÁI QUỐC,379,228,0.6016,145,6,2026-10-02 14:30:48
6087,51-HCM D8/KDC Binh Hung Hub,in-house,Full-Time,96477,TRẦN XUÂN CẢNH,235,145,0.617,90,0,2026-10-02 14:30:48
6087,51-HCM D8/KDC Binh Hung Hub,in-house,Full-Time,31188,TĂNG THỊ KIM TRÂN,226,122,0.5398,102,2,2026-10-02 14:30:48
5120,51-HCM D8/Phu Dinh Hub,in-house,Full-Time,52507,TRƯƠNG HỮU TRỌNG,61,56,0.918,0,5,2026-10-02 14:30:48
5120,51-HCM D8/Phu Dinh Hub,in-house,Full-Time,197,HOÀNG ĐỨC DŨNG,238,220,0.9244,3,15,2026-10-02 14:30:48
5120,51-HCM D8/Phu Dinh Hub,in-house,Full-Time,12522,HUỲNH VĂN QUÂN,239,227,0.9498,6,6,2026-10-02 14:30:48
5120,51-HCM D8/Phu Dinh Hub,in-house,Full-Time,18521,TRẦN MINH QUÂN,202,180,0.8911,14,8,2026-10-02 14:30:48
5120,51-HCM D8/Phu Dinh Hub,in-house,Full-Time,118107,ĐOÀN ANH GIÀU,177,133,0.7514,24,20,2026-10-02 14:30:48
5120,51-HCM D8/Phu Dinh Hub,in-house,Full-Time,71569,NGUYỄN THẾ AN,231,188,0.8139,34,9,2026-10-02 14:30:48
5120,51-HCM D8/Phu Dinh Hub,in-house,Full-Time,147546,NGUYỄN LỘC NAM,197,156,0.7919,35,6,2026-10-02 14:30:48
5120,51-HCM D8/Phu Dinh Hub,in-house,Full-Time,94842,PHẠM HÙNG MINH,249,194,0.7791,48,7,2026-10-02 14:30:48
5120,51-HCM D8/Phu Dinh Hub,in-house,Full-Time,143483,PHẠM THANH PHONG,185,135,0.7297,36,14,2026-10-02 14:30:48
5120,51-HCM D8/Phu Dinh Hub,in-house,Full-Time,91997,ĐOÀN DIỆP TẤN PHÁT,178,141,0.7921,36,1,2026-10-02 14:30:48
5120,51-HCM D8/Phu Dinh Hub,in-house,Full-Time,19082,TRẦN BẢO LONG,238,176,0.7395,52,10,2026-10-02 14:30:48
5120,51-HCM D8/Phu Dinh Hub,in-house,Full-Time,162921,THÁI THÀNH NGHĨA,163,119,0.7301,36,8,2026-10-02 14:30:48
5120,51-HCM D8/Phu Dinh Hub,in-house,Full-Time,97500,HUỲNH LÊ VĂN TÚ,138,101,0.7319,31,6,2026-10-02 14:30:48
5120,51-HCM D8/Phu Dinh Hub,in-house,Full-Time,86497,NGUYỄN ĐÌNH QUANG,300,212,0.7067,78,10,2026-10-02 14:30:48
5120,51-HCM D8/Phu Dinh Hub,in-house,Full-Time,43338,NGUYỄN MINH TRUNG,240,173,0.7208,63,4,2026-10-02 14:30:48
5120,51-HCM D8/Phu Dinh Hub,in-house,Full-Time,94289,LÂM VĨNH PHÚ,201,147,0.7313,53,1,2026-10-02 14:30:48
5120,51-HCM D8/Phu Dinh Hub,in-house,Full-Time,34314,NGUYỄN HỮU PHÁT,187,127,0.6791,50,10,2026-10-02 14:30:48
5120,51-HCM D8/Phu Dinh Hub,in-house,Full-Time,33196,HUỲNH THANH TÂM,209,148,0.7081,58,3,2026-10-02 14:30:48
5120,51-HCM D8/Phu Dinh Hub,in-house,Full-Time,32638,NGUYỄN THANH HUY,205,146,0.7122,57,2,2026-10-02 14:30:48
5120,51-HCM D8/Phu Dinh Hub,in-house,Full-Time,54235,QUAN ĐỨC THÀNH,272,194,0.7132,76,2,2026-10-02 14:30:48
5120,51-HCM D8/Phu Dinh Hub,in-house,Full-Time,6545,NGUYỄN HUỲNH BẢO UYÊN,309,203,0.657,88,18,2026-10-02 14:30:48
5120,51-HCM D8/Phu Dinh Hub,in-house,Full-Time,96728,TRƯƠNG HOÀNG THANH DUY,165,118,0.7152,47,0,2026-10-02 14:30:48
5120,51-HCM D8/Phu Dinh Hub,in-house,Full-Time,22840,NGUYỄN HOÀNG NGUYÊN,352,242,0.6875,101,9,2026-10-02 14:30:48
5120,51-HCM D8/Phu Dinh Hub,in-house,Full-Time,152653,NGUYỄN MINH TOÀN,255,176,0.6902,74,5,2026-10-02 14:30:48
5120,51-HCM D8/Phu Dinh Hub,in-house,Full-Time,148506,CHUNG HOÀNG PHÚC,209,133,0.6364,61,15,2026-10-02 14:30:48
5120,51-HCM D8/Phu Dinh Hub,in-house,Full-Time,71754,NGUYỄN NGỌC BẢO ANH,297,205,0.6902,89,3,2026-10-02 14:30:48
5120,51-HCM D8/Phu Dinh Hub,in-house,Full-Time,49551,LẠC THANH QUỐC,237,157,0.6624,72,8,2026-10-02 14:30:48
5120,51-HCM D8/Phu Dinh Hub,in-house,Full-Time,57762,CHÂU VĨNH XUYÊN,208,142,0.6827,64,2,2026-10-02 14:30:48
5120,51-HCM D8/Phu Dinh Hub,in-house,Full-Time,149677,NGÔ HOÀNG ANH VŨ,170,117,0.6882,53,0,2026-10-02 14:30:48
5120,51-HCM D8/Phu Dinh Hub,in-house,Full-Time,30166,QUÁCH HỮU ĐẠT,208,129,0.6202,65,14,2026-10-02 14:30:48
5120,51-HCM D8/Phu Dinh Hub,in-house,Full-Time,88493,LÊ HOÀNG QUỐC,261,158,0.6054,83,20,2026-10-02 14:30:48
5120,51-HCM D8/Phu Dinh Hub,in-house,Full-Time,158162,TRẦN MAI VINH,136,88,0.6471,44,4,2026-10-02 14:30:48
5120,51-HCM D8/Phu Dinh Hub,in-house,Full-Time,22873,TRẦN ĐÌNH KIỆT,271,173,0.6384,90,8,2026-10-02 14:30:48
5120,51-HCM D8/Phu Dinh Hub,in-house,Full-Time,149175,LƯU QUỐC PHONG,233,139,0.5966,78,16,2026-10-02 14:30:48
5120,51-HCM D8/Phu Dinh Hub,in-house,Full-Time,151359,BÙI DƯƠNG QUỐC THẮNG,205,125,0.6098,69,11,2026-10-02 14:30:48
5120,51-HCM D8/Phu Dinh Hub,in-house,Full-Time,45471,NGUYỄN MINH HÙNG,250,152,0.608,87,11,2026-10-02 14:30:48
5120,51-HCM D8/Phu Dinh Hub,in-house,Full-Time,162915,TRẦN THẾ PHÚ,107,66,0.6168,38,3,2026-10-02 14:30:48
5120,51-HCM D8/Phu Dinh Hub,in-house,Full-Time,74543,TRƯƠNG TUẤN ANH,215,131,0.6093,80,4,2026-10-02 14:30:48
5120,51-HCM D8/Phu Dinh Hub,in-house,Full-Time,3522,NGUYỄN VĂN TỐT,221,131,0.5928,86,4,2026-10-02 14:30:48
5120,51-HCM D8/Phu Dinh Hub,in-house,Full-Time,212,LƯU TRÍ CƯỜNG,304,176,0.5789,124,4,2026-10-02 14:30:48
2317,51-HCM D8/Tung Thien Vuong Hub,in-house,Full-Time,11781,NGUYỄN QUANG HÙNG,212,202,0.9528,0,10,2026-10-02 14:30:48
2317,51-HCM D8/Tung Thien Vuong Hub,in-house,Full-Time,14898,VÕ PHƯỚC THÀNH,207,199,0.9614,0,8,2026-10-02 14:30:48
2317,51-HCM D8/Tung Thien Vuong Hub,in-house,Full-Time,53613,VÕ NGỌC THANH DUY,234,229,0.9786,0,5,2026-10-02 14:30:48
2317,51-HCM D8/Tung Thien Vuong Hub,in-house,Full-Time,46433,VÕ DUY TÂN,164,159,0.9695,1,4,2026-10-02 14:30:48
2317,51-HCM D8/Tung Thien Vuong Hub,in-house,Full-Time,38106,LÝ TRỌNG NHÂN,237,221,0.9325,6,10,2026-10-02 14:30:48
2317,51-HCM D8/Tung Thien Vuong Hub,in-house,Full-Time,141466,HUỲNH TẤN LỢI,183,166,0.9071,15,2,2026-10-02 14:30:48
2317,51-HCM D8/Tung Thien Vuong Hub,in-house,Full-Time,1755,TRẦN MẪN LUÂN,253,226,0.8933,26,1,2026-10-02 14:30:48
2317,51-HCM D8/Tung Thien Vuong Hub,in-house,Full-Time,73058,PHẠM NGỌC TRƯỜNG,256,225,0.8789,28,3,2026-10-02 14:30:48
2317,51-HCM D8/Tung Thien Vuong Hub,in-house,Full-Time,84293,NGUYỄN ĐỨC NGHI,284,234,0.8239,47,3,2026-10-02 14:30:48
2317,51-HCM D8/Tung Thien Vuong Hub,in-house,Full-Time,5622,HOÀNG ĐỨC MINH,191,146,0.7644,35,10,2026-10-02 14:30:48
2317,51-HCM D8/Tung Thien Vuong Hub,in-house,Full-Time,97015,TRẦN PHÚC TẤN,249,196,0.7871,50,3,2026-10-02 14:30:48
2317,51-HCM D8/Tung Thien Vuong Hub,in-house,Full-Time,14172,NGUYỄN BÁ TỨ,244,188,0.7705,52,4,2026-10-02 14:30:48
2317,51-HCM D8/Tung Thien Vuong Hub,in-house,Full-Time,49511,CỔ KIM NGỌC SƠN,275,207,0.7527,64,4,2026-10-02 14:30:48
2317,51-HCM D8/Tung Thien Vuong Hub,in-house,Full-Time,419,LÊ ĐỨC NGỌC,239,181,0.7573,57,1,2026-10-02 14:30:48
2317,51-HCM D8/Tung Thien Vuong Hub,in-house,Full-Time,135677,TRẦN VĂN CHUNG,239,173,0.7238,66,0,2026-10-02 14:30:48
2317,51-HCM D8/Tung Thien Vuong Hub,in-house,Full-Time,160823,LÊ NGUYỄN TẤN LỘC,229,162,0.7074,65,2,2026-10-02 14:30:48
2317,51-HCM D8/Tung Thien Vuong Hub,in-house,Full-Time,131642,KIÊN NGUYỄN TRUNG HIẾU,301,200,0.6645,98,3,2026-10-02 14:30:48
2317,51-HCM D8/Tung Thien Vuong Hub,in-house,Full-Time,96217,PHAN THANH HUY,258,162,0.6279,85,11,2026-10-02 14:30:48
2317,51-HCM D8/Tung Thien Vuong Hub,in-house,Full-Time,138642,NGUYỄN CHÁNH HIẾU,259,170,0.6564,87,2,2026-10-02 14:30:48
2317,51-HCM D8/Tung Thien Vuong Hub,in-house,Full-Time,19038,NGUYỄN MINH HOÀNG,357,178,0.4986,130,49,2026-10-02 14:30:48
2317,51-HCM D8/Tung Thien Vuong Hub,in-house,Full-Time,89910,PHẠM TRỌNG NGHĨA,258,154,0.5969,100,4,2026-10-02 14:30:48
2317,51-HCM D8/Tung Thien Vuong Hub,in-house,Full-Time,47632,TRẦN QUANG VŨ,21,0,0,20,1,2026-10-02 14:30:48
2317,51-HCM D8/Tung Thien Vuong Hub,in-house,Full-Time,92500,PHAN THIỆN NHÂN,1,0,0,1,0,2026-10-02 14:30:48
2108,51-HCM D9/Hoang Huu Nam Hub,in-house,Full-Time,28311,PHẠM CÔNG TRÀ,97,96,0.9897,1,0,2026-10-02 14:30:48
2108,51-HCM D9/Hoang Huu Nam Hub,in-house,Full-Time,105783,NGUYỄN BẢO ĐẢM,187,147,0.7861,23,17,2026-10-02 14:30:48
2108,51-HCM D9/Hoang Huu Nam Hub,in-house,Full-Time,26820,LÊ ĐỨC TIỀN,127,98,0.7717,24,5,2026-10-02 14:30:48
2108,51-HCM D9/Hoang Huu Nam Hub,in-house,Full-Time,121905,ĐINH QUANG PHÚ,169,117,0.6923,35,17,2026-10-02 14:30:48
2108,51-HCM D9/Hoang Huu Nam Hub,in-house,Full-Time,148242,HỒ NGỌC SANG,167,117,0.7006,38,12,2026-10-02 14:30:48
2108,51-HCM D9/Hoang Huu Nam Hub,in-house,Full-Time,62514,NGUYỄN CÔNG MINH,166,122,0.7349,41,3,2026-10-02 14:30:48
2108,51-HCM D9/Hoang Huu Nam Hub,in-house,Full-Time,33026,LÝ HOÀI THIỆN,297,199,0.67,84,14,2026-10-02 14:30:48
2108,51-HCM D9/Hoang Huu Nam Hub,in-house,Full-Time,150677,NGUYỄN NGỌC HẬU,173,120,0.6936,49,4,2026-10-02 14:30:48
2108,51-HCM D9/Hoang Huu Nam Hub,in-house,Full-Time,33048,HUỲNH VĂN HUY,254,176,0.6929,76,2,2026-10-02 14:30:48
2108,51-HCM D9/Hoang Huu Nam Hub,in-house,Full-Time,48855,NGUYỄN TỪ HỔ,258,169,0.655,83,6,2026-10-02 14:30:48
2108,51-HCM D9/Hoang Huu Nam Hub,in-house,Full-Time,47980,LÊ PHÁT SANG,128,84,0.6563,43,1,2026-10-02 14:30:48
2108,51-HCM D9/Hoang Huu Nam Hub,in-house,Full-Time,149038,LƯU ĐANG HUY,273,164,0.6007,100,9,2026-10-02 14:30:48
2108,51-HCM D9/Hoang Huu Nam Hub,in-house,Full-Time,19276,DƯƠNG QUỐC BẢO,223,121,0.5426,95,7,2026-10-02 14:30:48
2108,51-HCM D9/Hoang Huu Nam Hub,in-house,Full-Time,149444,PHAN VĂN ĐẠT,202,113,0.5594,87,2,2026-10-02 14:30:48
2108,51-HCM D9/Hoang Huu Nam Hub,in-house,Full-Time,73931,HUỲNH HUY HOÀNG,211,109,0.5166,96,6,2026-10-02 14:30:48
2108,51-HCM D9/Hoang Huu Nam Hub,in-house,Full-Time,27305,LƯU VĨ KIỆT,151,81,0.5364,70,0,2026-10-02 14:30:48
2108,51-HCM D9/Hoang Huu Nam Hub,in-house,Full-Time,150945,NGUYỄN ĐĂNG HUY,151,61,0.404,81,9,2026-10-02 14:30:48
5418,51-HCM D9/Lien Phuong Hub,in-house,Full-Time,16953,NGUYỄN VĂN ANH KHOA,208,204,0.9808,0,4,2026-10-02 14:30:48
5418,51-HCM D9/Lien Phuong Hub,in-house,Full-Time,64770,NGUYỄN NGỌC QUY,171,168,0.9825,0,3,2026-10-02 14:30:48
5418,51-HCM D9/Lien Phuong Hub,in-house,Full-Time,125223,NGUYỄN HOÀNG ANH,173,168,0.9711,1,4,2026-10-02 14:30:48
5418,51-HCM D9/Lien Phuong Hub,in-house,Full-Time,81697,PHẠM HỒNG THU,252,246,0.9762,2,4,2026-10-02 14:30:48
5418,51-HCM D9/Lien Phuong Hub,in-house,Full-Time,150482,VƯU TIẾN ĐẠT,189,184,0.9735,2,3,2026-10-02 14:30:48
5418,51-HCM D9/Lien Phuong Hub,in-house,Full-Time,24858,ĐẶNG THANH LIÊM,199,195,0.9799,4,0,2026-10-02 14:30:48
5418,51-HCM D9/Lien Phuong Hub,in-house,Full-Time,93850,TRẦN NGỌC VÕ,67,39,0.5821,2,26,2026-10-02 14:30:48
5418,51-HCM D9/Lien Phuong Hub,in-house,Full-Time,26913,NGUYỄN LÊ MINH QUÂN,239,213,0.8912,10,16,2026-10-02 14:30:48
5418,51-HCM D9/Lien Phuong Hub,in-house,Full-Time,94778,DƯ TRUNG HIẾU,262,227,0.8664,16,19,2026-10-02 14:30:48
5418,51-HCM D9/Lien Phuong Hub,in-house,Full-Time,161049,TRẦN TRUNG TÍN,135,123,0.9111,9,3,2026-10-02 14:30:48
5418,51-HCM D9/Lien Phuong Hub,in-house,Full-Time,3801,NGUYỄN XUÂN VINH,59,43,0.7288,4,12,2026-10-02 14:30:48
5418,51-HCM D9/Lien Phuong Hub,in-house,Full-Time,126924,TRƯƠNG PHƯỚC LONG,210,187,0.8905,21,2,2026-10-02 14:30:48
5418,51-HCM D9/Lien Phuong Hub,in-house,Full-Time,88080,TRẦN THANH NHÀN,310,244,0.7871,53,13,2026-10-02 14:30:48
5418,51-HCM D9/Lien Phuong Hub,in-house,Full-Time,53328,ĐOÀN LONG NHẬT,200,162,0.81,35,3,2026-10-02 14:30:48
5418,51-HCM D9/Lien Phuong Hub,in-house,Full-Time,26694,HUỲNH VĂN KHÔI,297,219,0.7374,73,5,2026-10-02 14:30:48
5418,51-HCM D9/Lien Phuong Hub,in-house,Full-Time,19729,VŨ NGUYỄN HOÀNG LUÂN,251,168,0.6693,66,17,2026-10-02 14:30:48
5418,51-HCM D9/Lien Phuong Hub,in-house,Full-Time,162837,TẠ TẤN SĨ,195,138,0.7077,54,3,2026-10-02 14:30:48
5418,51-HCM D9/Lien Phuong Hub,in-house,Full-Time,134175,ĐẶNG ANH TUẤN,182,128,0.7033,52,2,2026-10-02 14:30:48
5418,51-HCM D9/Lien Phuong Hub,in-house,Full-Time,161842,NGUYỄN PHẠM NHẬT HÀO,172,111,0.6453,53,8,2026-10-02 14:30:48
5418,51-HCM D9/Lien Phuong Hub,in-house,Full-Time,16609,TRẦN NGUYỄN HOÀI BẢO,316,201,0.6361,103,12,2026-10-02 14:30:48
5418,51-HCM D9/Lien Phuong Hub,in-house,Full-Time,56731,PHAN VĨ KHANG,343,216,0.6297,126,1,2026-10-02 14:30:48
5418,51-HCM D9/Lien Phuong Hub,in-house,Full-Time,162835,NGUYỄN ANH VŨ,133,53,0.3985,75,5,2026-10-02 14:30:48
5418,51-HCM D9/Lien Phuong Hub,in-house,Full-Time,38328,NGUYỄN MINH NHẬT,292,102,0.3493,187,3,2026-10-02 14:30:48
5418,51-HCM D9/Lien Phuong Hub,in-house,Full-Time,47624,NGUYỄN HỒNG HIẾU,282,0,0,282,0,2026-10-02 14:30:48
2290,51-HCM D9/Long Binh Hub,in-house,Full-Time,145104,NGUYỄN MINH CẢNH,244,209,0.8566,28,7,2026-10-02 14:30:48
2290,51-HCM D9/Long Binh Hub,in-house,Full-Time,113321,LÊ ANH VŨ,212,179,0.8443,28,5,2026-10-02 14:30:48
2290,51-HCM D9/Long Binh Hub,in-house,Full-Time,95299,NGUYỄN HỮU TOÀN,216,179,0.8287,29,8,2026-10-02 14:30:48
2290,51-HCM D9/Long Binh Hub,in-house,Full-Time,155521,NGUYỄN PHÚC HUY,288,236,0.8194,47,5,2026-10-02 14:30:48
2290,51-HCM D9/Long Binh Hub,in-house,Full-Time,74931,PHẠM ĐÌNH TUẤN,257,206,0.8016,43,8,2026-10-02 14:30:48
2290,51-HCM D9/Long Binh Hub,in-house,Full-Time,93424,NGUYỄN CAO CƯỜNG,242,176,0.7273,57,9,2026-10-02 14:30:48
2290,51-HCM D9/Long Binh Hub,in-house,Full-Time,55248,TRẦN THỊ QUỲNH NHƯ,209,146,0.6986,50,13,2026-10-02 14:30:48
2290,51-HCM D9/Long Binh Hub,in-house,Full-Time,156602,LÊ NHẬT TRƯỜNG,177,132,0.7458,44,1,2026-10-02 14:30:48
2290,51-HCM D9/Long Binh Hub,in-house,Full-Time,120240,TRẦN HỮU ĐỨC,302,206,0.6821,85,11,2026-10-02 14:30:48
2290,51-HCM D9/Long Binh Hub,in-house,Full-Time,118775,HỒ ĐỨC TRÍ,314,213,0.6783,91,10,2026-10-02 14:30:48
2290,51-HCM D9/Long Binh Hub,in-house,Full-Time,76069,HOÀNG MINH HIẾU,234,164,0.7009,68,2,2026-10-02 14:30:48
2290,51-HCM D9/Long Binh Hub,in-house,Full-Time,80045,NGUYỄN THIÊN TÀI,264,182,0.6894,78,4,2026-10-02 14:30:48
2290,51-HCM D9/Long Binh Hub,in-house,Full-Time,89907,LÊ PHẠM THANH TOÀN,187,125,0.6684,58,4,2026-10-02 14:30:48
2290,51-HCM D9/Long Binh Hub,in-house,Full-Time,119512,LÊ ANH KHOA,212,131,0.6179,73,8,2026-10-02 14:30:48
2290,51-HCM D9/Long Binh Hub,in-house,Full-Time,68658,PHẠM MINH HUY,258,166,0.6434,89,3,2026-10-02 14:30:48
2290,51-HCM D9/Long Binh Hub,in-house,Full-Time,80050,PHẠM MINH ĐỨC,243,156,0.642,84,3,2026-10-02 14:30:48
2290,51-HCM D9/Long Binh Hub,in-house,Full-Time,22766,PHẠM LÊ HẢI NAM,176,100,0.5682,64,12,2026-10-02 14:30:48
2290,51-HCM D9/Long Binh Hub,in-house,Full-Time,149445,LÊ PHẠM QUỐC AN,242,151,0.624,90,1,2026-10-02 14:30:48
2290,51-HCM D9/Long Binh Hub,in-house,Full-Time,127777,ĐÀO DUY CƯỜNG,167,99,0.5928,64,4,2026-10-02 14:30:48
2290,51-HCM D9/Long Binh Hub,in-house,Full-Time,58140,ĐỖ QUỐC KHÁNH,136,80,0.5882,53,3,2026-10-02 14:30:48
2290,51-HCM D9/Long Binh Hub,in-house,Full-Time,93426,NGUYỄN THỊ LỆ CHI,179,100,0.5587,73,6,2026-10-02 14:30:48
2290,51-HCM D9/Long Binh Hub,in-house,Full-Time,70753,NGUYỄN HOÀNG HỮU PHƯỚC,321,185,0.5763,134,2,2026-10-02 14:30:48
2290,51-HCM D9/Long Binh Hub,in-house,Full-Time,95290,NGUYỄN NGỌC TÂN,328,174,0.5305,144,10,2026-10-02 14:30:48
2290,51-HCM D9/Long Binh Hub,in-house,Full-Time,95098,KIỀU THỊ THU HƯƠNG,180,82,0.4556,80,18,2026-10-02 14:30:48
2290,51-HCM D9/Long Binh Hub,in-house,Full-Time,88625,NGÔ QUỐC SỸ,162,84,0.5185,74,4,2026-10-02 14:30:48
2290,51-HCM D9/Long Binh Hub,in-house,Full-Time,31518,HỒ THANH PHƯỚC,311,156,0.5016,149,6,2026-10-02 14:30:48
2290,51-HCM D9/Long Binh Hub,in-house,Full-Time,74781,TRẦN CÔNG PHONG,262,121,0.4618,126,15,2026-10-02 14:30:48
2290,51-HCM D9/Long Binh Hub,in-house,Full-Time,138170,VÕ HOÀNG BỬU,328,153,0.4665,166,9,2026-10-02 14:30:48
2290,51-HCM D9/Long Binh Hub,in-house,Full-Time,157796,HỒ THANH TẤN,160,75,0.4688,83,2,2026-10-02 14:30:48
2290,51-HCM D9/Long Binh Hub,in-house,Full-Time,90087,PHẠM MINH HOÀNG,260,124,0.4769,135,1,2026-10-02 14:30:48
2290,51-HCM D9/Long Binh Hub,in-house,Full-Time,129564,NGUYỄN HỒ MINH HIẾU,325,138,0.4246,182,5,2026-10-02 14:30:48
2290,51-HCM D9/Long Binh Hub,in-house,Full-Time,86634,PHAN THÀNH LỘC,251,3,0.012,248,0,2026-10-02 14:30:48
4626,51-HCM D9/Long Truong Hub,in-house,Full-Time,37101,NGUYỄN ĐOÀN TẤN THIỆN,1,1,1,0,0,2026-10-02 14:30:48
4626,51-HCM D9/Long Truong Hub,in-house,Full-Time,75823,ĐẶNG VŨ HỒNG KHÁNH,3,3,1,0,0,2026-10-02 14:30:48
4626,51-HCM D9/Long Truong Hub,in-house,Full-Time,97664,NGUYỄN ĐĂNG NGHĨA,1,1,1,0,0,2026-10-02 14:30:48
4626,51-HCM D9/Long Truong Hub,in-house,Full-Time,148500,HỒ THANH VŨ,143,131,0.9161,9,3,2026-10-02 14:30:48
4626,51-HCM D9/Long Truong Hub,in-house,Full-Time,149952,LÊ HỒNG PHÚC,177,144,0.8136,16,17,2026-10-02 14:30:48
4626,51-HCM D9/Long Truong Hub,in-house,Full-Time,63774,HUỲNH CHÍ TÀI,217,188,0.8664,27,2,2026-10-02 14:30:48
4626,51-HCM D9/Long Truong Hub,in-house,Full-Time,149448,NGUYỄN ĐÌNH CHƯƠNG,152,131,0.8618,21,0,2026-10-02 14:30:48
4626,51-HCM D9/Long Truong Hub,in-house,Full-Time,51610,MAI DU PHƯƠNG DŨ,174,147,0.8448,26,1,2026-10-02 14:30:48
4626,51-HCM D9/Long Truong Hub,in-house,Full-Time,21029,PHẠM TẤN NHƠN,291,242,0.8316,48,1,2026-10-02 14:30:48
4626,51-HCM D9/Long Truong Hub,in-house,Full-Time,100112,NGUYỄN THANH QUANG,205,158,0.7707,42,5,2026-10-02 14:30:48
4626,51-HCM D9/Long Truong Hub,in-house,Full-Time,126003,PHẠM HOÀNG KHỞI,132,97,0.7348,30,5,2026-10-02 14:30:48
4626,51-HCM D9/Long Truong Hub,in-house,Full-Time,41971,BÙI TẤN HỘI,214,152,0.7103,61,1,2026-10-02 14:30:48
4626,51-HCM D9/Long Truong Hub,in-house,Full-Time,118316,TRẦN VĂN TOÁN,217,147,0.6774,67,3,2026-10-02 14:30:48
4626,51-HCM D9/Long Truong Hub,in-house,Full-Time,146904,NGUYỄN VĂN TRIỆU VŨ,165,112,0.6788,53,0,2026-10-02 14:30:48
4626,51-HCM D9/Long Truong Hub,in-house,Full-Time,53205,HUỲNH NHẬT PHÚC,204,137,0.6716,67,0,2026-10-02 14:30:48
4626,51-HCM D9/Long Truong Hub,in-house,Full-Time,107356,PHẠM THANH HÀ,317,185,0.5836,130,2,2026-10-02 14:30:48
4626,51-HCM D9/Long Truong Hub,in-house,Full-Time,147079,LÊ HẢI LONG,224,121,0.5402,94,9,2026-10-02 14:30:48
4626,51-HCM D9/Long Truong Hub,in-house,Full-Time,137051,NGUYỄN HẢI ÂU,109,56,0.5138,47,6,2026-10-02 14:30:48
4626,51-HCM D9/Long Truong Hub,in-house,Full-Time,144634,LÊ THANH NHỚ,191,106,0.555,85,0,2026-10-02 14:30:48
4626,51-HCM D9/Long Truong Hub,in-house,Full-Time,130281,TRƯƠNG VĂN SANG,201,107,0.5323,94,0,2026-10-02 14:30:48
4626,51-HCM D9/Long Truong Hub,in-house,Full-Time,93431,BÙI VĂN HUY,2,1,0.5,1,0,2026-10-02 14:30:48
2200,51-HCM D9/Nguyen Van Tang Hub,in-house,Full-Time,107514,NGUYỄN MINH TUẤN,129,129,1,0,0,2026-10-02 14:30:48
2200,51-HCM D9/Nguyen Van Tang Hub,in-house,Full-Time,134828,THẠCH NGỌC TÂN,181,138,0.7624,30,13,2026-10-02 14:30:48
2200,51-HCM D9/Nguyen Van Tang Hub,in-house,Full-Time,52885,ĐỖ VĂN NGỌC,136,105,0.7721,25,6,2026-10-02 14:30:48
2200,51-HCM D9/Nguyen Van Tang Hub,in-house,Full-Time,105413,THẠCH THẢO,173,135,0.7803,34,4,2026-10-02 14:30:48
2200,51-HCM D9/Nguyen Van Tang Hub,in-house,Full-Time,133814,ĐẶNG NGỌC THIÊN,122,92,0.7541,27,3,2026-10-02 14:30:48
2200,51-HCM D9/Nguyen Van Tang Hub,in-house,Full-Time,72745,LÊ VĂN HIẾU,237,170,0.7173,57,10,2026-10-02 14:30:48
2200,51-HCM D9/Nguyen Van Tang Hub,in-house,Full-Time,31529,NGUYỄN DUY PHƯƠNG,285,197,0.6912,81,7,2026-10-02 14:30:48
2200,51-HCM D9/Nguyen Van Tang Hub,in-house,Full-Time,69700,VŨ THANH SANG,250,168,0.672,76,6,2026-10-02 14:30:48
2200,51-HCM D9/Nguyen Van Tang Hub,in-house,Full-Time,156019,BÙI VIẾT QUÝ,192,119,0.6198,70,3,2026-10-02 14:30:48
2200,51-HCM D9/Nguyen Van Tang Hub,in-house,Full-Time,95286,LÊ ĐÌNH QUYẾT,234,142,0.6068,86,6,2026-10-02 14:30:48
2200,51-HCM D9/Nguyen Van Tang Hub,in-house,Full-Time,21713,NGUYỄN THANH XUÂN,274,165,0.6022,101,8,2026-10-02 14:30:48
2200,51-HCM D9/Nguyen Van Tang Hub,in-house,Full-Time,19162,NGUYỄN TUẤN VŨ,291,169,0.5808,110,12,2026-10-02 14:30:48
2200,51-HCM D9/Nguyen Van Tang Hub,in-house,Full-Time,146912,TRẦN HỮU PHƯỚC,161,93,0.5776,61,7,2026-10-02 14:30:48
2200,51-HCM D9/Nguyen Van Tang Hub,in-house,Full-Time,65069,NGUYỄN A DUY,293,175,0.5973,114,4,2026-10-02 14:30:48
2200,51-HCM D9/Nguyen Van Tang Hub,in-house,Full-Time,154456,PHAN TRÙNG DƯƠNG,142,74,0.5211,57,11,2026-10-02 14:30:48
2200,51-HCM D9/Nguyen Van Tang Hub,in-house,Full-Time,42041,TRẦN THỊ HẠ THẢO,285,151,0.5298,116,18,2026-10-02 14:30:48
2200,51-HCM D9/Nguyen Van Tang Hub,in-house,Full-Time,146667,TRẦN CÔNG TRỨ,253,144,0.5692,106,3,2026-10-02 14:30:48
2200,51-HCM D9/Nguyen Van Tang Hub,in-house,Full-Time,134830,NGUYỄN A THÀNH,271,145,0.5351,117,9,2026-10-02 14:30:48
2200,51-HCM D9/Nguyen Van Tang Hub,in-house,Full-Time,132937,NGUYỄN NGỌC NGUYỆN,300,152,0.5067,146,2,2026-10-02 14:30:48
2200,51-HCM D9/Nguyen Van Tang Hub,in-house,Full-Time,91300,PHẠM THÁI HUY,250,115,0.46,132,3,2026-10-02 14:30:48
2200,51-HCM D9/Nguyen Van Tang Hub,in-house,Full-Time,73620,TRẦN BẢO TRUNG,249,102,0.4096,140,7,2026-10-02 14:30:48
2200,51-HCM D9/Nguyen Van Tang Hub,in-house,Full-Time,154548,NGUYỄN KIM LUÂN,211,89,0.4218,119,3,2026-10-02 14:30:48
2200,51-HCM D9/Nguyen Van Tang Hub,in-house,Full-Time,80676,NGUYỄN THẾ THỤY,427,140,0.3279,280,7,2026-10-02 14:30:48
2200,51-HCM D9/Nguyen Van Tang Hub,in-house,Full-Time,146324,LÃ ĐỨC HUY,225,61,0.2711,162,2,2026-10-02 14:30:48
2200,51-HCM D9/Nguyen Van Tang Hub,in-house,Full-Time,141982,VÕ THIÊN ĐẠT,1,0,0,1,0,2026-10-02 14:30:48
2107,51-HCM D9/Phu Huu Hub,in-house,Full-Time,59244,NGUYỄN THÀNH DINH,219,217,0.9909,1,1,2026-10-02 14:30:48
2107,51-HCM D9/Phu Huu Hub,in-house,Full-Time,120394,NGUYỄN THÁI TÀI,167,141,0.8443,24,2,2026-10-02 14:30:48
2107,51-HCM D9/Phu Huu Hub,in-house,Full-Time,142270,TRẦN TUẤN VŨ,129,106,0.8217,19,4,2026-10-02 14:30:48
2107,51-HCM D9/Phu Huu Hub,in-house,Full-Time,144917,LÊ NGỌC HỒ,136,110,0.8088,23,3,2026-10-02 14:30:48
2107,51-HCM D9/Phu Huu Hub,in-house,Full-Time,146262,ĐÀO NHƠN HẢI,143,111,0.7762,30,2,2026-10-02 14:30:48
2107,51-HCM D9/Phu Huu Hub,in-house,Full-Time,94768,ĐỖ TIẾN ĐẠT,210,149,0.7095,57,4,2026-10-02 14:30:48
2107,51-HCM D9/Phu Huu Hub,in-house,Full-Time,150454,LÊ PHƯỚC HẢI,140,99,0.7071,39,2,2026-10-02 14:30:48
2107,51-HCM D9/Phu Huu Hub,in-house,Full-Time,18809,PHAN TRỌNG HIẾU,351,232,0.661,119,0,2026-10-02 14:30:48
2107,51-HCM D9/Phu Huu Hub,in-house,Full-Time,22447,NGUYỄN HOÀNG TUẤN,227,142,0.6256,83,2,2026-10-02 14:30:48
2107,51-HCM D9/Phu Huu Hub,in-house,Full-Time,79766,NGUYỄN THANH LÒNG,196,111,0.5663,79,6,2026-10-02 14:30:48
2107,51-HCM D9/Phu Huu Hub,in-house,Full-Time,136323,NGUYỄN BÁ HIỀN,171,77,0.4503,89,5,2026-10-02 14:30:48
2107,51-HCM D9/Phu Huu Hub,in-house,Full-Time,133588,NGUYỄN KIM NHÂN,357,134,0.3754,208,15,2026-10-02 14:30:48
2060,51-HCM D9/Phuoc Long B Hub,in-house,Full-Time,117296,VŨ BẮC KIM BẢO,214,187,0.8738,19,8,2026-10-02 14:30:48
2060,51-HCM D9/Phuoc Long B Hub,in-house,Full-Time,64558,LÊ QUỐC TRỊ,274,236,0.8613,32,6,2026-10-02 14:30:48
2060,51-HCM D9/Phuoc Long B Hub,in-house,Full-Time,76967,PHẠM XUÂN PHONG,239,197,0.8243,34,8,2026-10-02 14:30:48
2060,51-HCM D9/Phuoc Long B Hub,in-house,Full-Time,43238,LÊ QUỐC CƯỜNG,201,156,0.7761,41,4,2026-10-02 14:30:48
2060,51-HCM D9/Phuoc Long B Hub,in-house,Full-Time,144632,PHÙNG THẾ HÙNG,293,218,0.744,61,14,2026-10-02 14:30:48
2060,51-HCM D9/Phuoc Long B Hub,in-house,Full-Time,124222,NGUYỄN THỊ THANH NHÀN,211,158,0.7488,45,8,2026-10-02 14:30:48
2060,51-HCM D9/Phuoc Long B Hub,in-house,Full-Time,41585,NGUYỄN NGỌC TRƯỜNG,247,185,0.749,58,4,2026-10-02 14:30:48
2060,51-HCM D9/Phuoc Long B Hub,in-house,Full-Time,136981,NGUYỄN NGỌC TIẾN,190,136,0.7158,49,5,2026-10-02 14:30:48
2060,51-HCM D9/Phuoc Long B Hub,in-house,Full-Time,91376,VÕ HỒNG PHÚC,218,152,0.6972,62,4,2026-10-02 14:30:48
2060,51-HCM D9/Phuoc Long B Hub,in-house,Full-Time,46791,DƯƠNG VĂN THUẬN,212,139,0.6557,62,11,2026-10-02 14:30:48
2060,51-HCM D9/Phuoc Long B Hub,in-house,Full-Time,68675,NGUYỄN TẤN VŨ,253,174,0.6877,74,5,2026-10-02 14:30:48
2060,51-HCM D9/Phuoc Long B Hub,in-house,Full-Time,64767,HOÀNG DƯỢC SƯ,208,144,0.6923,63,1,2026-10-02 14:30:48
2060,51-HCM D9/Phuoc Long B Hub,in-house,Full-Time,160824,NGUYỄN ĐĂNG GIA NGHĨA,213,145,0.6808,65,3,2026-10-02 14:30:48
2060,51-HCM D9/Phuoc Long B Hub,in-house,Full-Time,64565,TRẦN LÊ KHÁNH VĨ,213,133,0.6244,66,14,2026-10-02 14:30:48
2060,51-HCM D9/Phuoc Long B Hub,in-house,Full-Time,99127,NGUYỄN THANH SƠN,217,139,0.6406,68,10,2026-10-02 14:30:48
2060,51-HCM D9/Phuoc Long B Hub,in-house,Full-Time,19229,BÙI MINH DANH,237,151,0.6371,80,6,2026-10-02 14:30:48
2060,51-HCM D9/Phuoc Long B Hub,in-house,Full-Time,5406,NGÔ THANH TÂN,194,120,0.6186,69,5,2026-10-02 14:30:48
2060,51-HCM D9/Phuoc Long B Hub,in-house,Full-Time,69456,TRẦN VĂN THUA,216,128,0.5926,82,6,2026-10-02 14:30:48
2060,51-HCM D9/Phuoc Long B Hub,in-house,Full-Time,16360,NGUYỄN PHI LONG,281,163,0.5801,107,11,2026-10-02 14:30:48
2060,51-HCM D9/Phuoc Long B Hub,in-house,Full-Time,3226,LÊ ANH MƯỜI,271,152,0.5609,104,15,2026-10-02 14:30:48
2060,51-HCM D9/Phuoc Long B Hub,in-house,Full-Time,142533,MAI CHÍ NGHĨA,191,111,0.5812,75,5,2026-10-02 14:30:48
2060,51-HCM D9/Phuoc Long B Hub,in-house,Full-Time,121435,NGUYỄN NGUYÊN ANH,207,118,0.57,83,6,2026-10-02 14:30:48
2060,51-HCM D9/Phuoc Long B Hub,in-house,Full-Time,144798,BÙI NHẬT CƯỜNG,166,92,0.5542,70,4,2026-10-02 14:30:48
2060,51-HCM D9/Phuoc Long B Hub,in-house,Full-Time,136324,NGUYỄN TRUNG HIẾU,252,137,0.5437,111,4,2026-10-02 14:30:48
2060,51-HCM D9/Phuoc Long B Hub,in-house,Full-Time,141463,LÝ MINH TÀI,174,90,0.5172,82,2,2026-10-02 14:30:48
2060,51-HCM D9/Phuoc Long B Hub,in-house,Full-Time,57170,MAI VĂN ĐỨC,210,110,0.5238,99,1,2026-10-02 14:30:48
2060,51-HCM D9/Phuoc Long B Hub,in-house,Full-Time,15738,LÊ HOÀNG SANG,265,133,0.5019,129,3,2026-10-02 14:30:48
2060,51-HCM D9/Phuoc Long B Hub,in-house,Full-Time,158321,NGUYỄN ĐỨC VIÊN,224,107,0.4777,113,4,2026-10-02 14:30:48
2397,51-HCM D9/Tang Nhon Phu B Hub,in-house,Full-Time,46811,NGUYỄN HOÀNG TÙNG,181,144,0.7956,22,15,2026-10-02 14:30:48
2397,51-HCM D9/Tang Nhon Phu B Hub,in-house,Full-Time,57590,ĐỖ THÀNH TÂM,243,198,0.8148,37,8,2026-10-02 14:30:48
2397,51-HCM D9/Tang Nhon Phu B Hub,in-house,Full-Time,30817,BÙI VÕ ANH TÀI,226,185,0.8186,41,0,2026-10-02 14:30:48
2397,51-HCM D9/Tang Nhon Phu B Hub,in-house,Full-Time,117106,NGÔ THANH BÌNH,250,178,0.712,66,6,2026-10-02 14:30:48
2397,51-HCM D9/Tang Nhon Phu B Hub,in-house,Full-Time,86641,NGÔ QUÝ THANH KIM,222,148,0.6667,60,14,2026-10-02 14:30:48
2397,51-HCM D9/Tang Nhon Phu B Hub,in-house,Full-Time,57321,LÊ HOÀNG KIỆT,240,164,0.6833,70,6,2026-10-02 14:30:48
2397,51-HCM D9/Tang Nhon Phu B Hub,in-house,Full-Time,13499,PHẠM DUY PHƯƠNG,262,179,0.6832,78,5,2026-10-02 14:30:48
2397,51-HCM D9/Tang Nhon Phu B Hub,in-house,Full-Time,119078,HỒ SỸ SANG,137,88,0.6423,47,2,2026-10-02 14:30:48
2397,51-HCM D9/Tang Nhon Phu B Hub,in-house,Full-Time,54637,ĐẶNG THIÊN THÀNH,169,101,0.5976,60,8,2026-10-02 14:30:48
2397,51-HCM D9/Tang Nhon Phu B Hub,in-house,Full-Time,57589,NGUYỄN ĐẶNG THÁI HOÀ,210,126,0.6,82,2,2026-10-02 14:30:48
2397,51-HCM D9/Tang Nhon Phu B Hub,in-house,Full-Time,89017,VÕ TRỌNG PHÚ,269,160,0.5948,108,1,2026-10-02 14:30:48
2397,51-HCM D9/Tang Nhon Phu B Hub,in-house,Full-Time,66417,HÀ BẢO MINH,290,159,0.5483,125,6,2026-10-02 14:30:48
2397,51-HCM D9/Tang Nhon Phu B Hub,in-house,Full-Time,52147,NGUYỄN VIẾT MẠNH CHIẾN,272,148,0.5441,118,6,2026-10-02 14:30:48
2397,51-HCM D9/Tang Nhon Phu B Hub,in-house,Full-Time,127983,NGUYỄN MINH TUẤN,211,119,0.564,92,0,2026-10-02 14:30:48
2397,51-HCM D9/Tang Nhon Phu B Hub,in-house,Full-Time,146673,LÊ ANH TÂN,161,77,0.4783,83,1,2026-10-02 14:30:48
2397,51-HCM D9/Tang Nhon Phu B Hub,in-house,Full-Time,102530,TRẦN HOÀNG DŨNG,312,138,0.4423,169,5,2026-10-02 14:30:48
2397,51-HCM D9/Tang Nhon Phu B Hub,in-house,Full-Time,132361,NGUYỄN HỮU TĨNH,229,94,0.4105,134,1,2026-10-02 14:30:48
2443,51-HCM D9/Xa Lo Ha Noi Hub,in-house,Full-Time,73193,NGUYỄN HOÀNG ANH TI,201,161,0.801,29,11,2026-10-02 14:30:49
2443,51-HCM D9/Xa Lo Ha Noi Hub,in-house,Full-Time,59690,TRỊNH VĂN TIẾN,272,229,0.8419,40,3,2026-10-02 14:30:49
2443,51-HCM D9/Xa Lo Ha Noi Hub,in-house,Full-Time,96731,LÊ VĂN LINH,165,133,0.8061,30,2,2026-10-02 14:30:49
2443,51-HCM D9/Xa Lo Ha Noi Hub,in-house,Full-Time,137654,ĐẶNG PHƯƠNG NAM,100,70,0.7,21,9,2026-10-02 14:30:49
2443,51-HCM D9/Xa Lo Ha Noi Hub,in-house,Full-Time,15039,DƯƠNG THÀNH NHÂN,276,205,0.7428,62,9,2026-10-02 14:30:49
2443,51-HCM D9/Xa Lo Ha Noi Hub,in-house,Full-Time,28617,BÙI VĂN LÃNH,233,170,0.7296,57,6,2026-10-02 14:30:49
2443,51-HCM D9/Xa Lo Ha Noi Hub,in-house,Full-Time,71321,NGUYỄN THANH SANG,195,136,0.6974,49,10,2026-10-02 14:30:49
2443,51-HCM D9/Xa Lo Ha Noi Hub,in-house,Full-Time,43953,NGUYỄN MINH GIÀU,288,213,0.7396,73,2,2026-10-02 14:30:49
2443,51-HCM D9/Xa Lo Ha Noi Hub,in-house,Full-Time,158160,VĂN HỮU LỢI,87,57,0.6552,24,6,2026-10-02 14:30:49
2443,51-HCM D9/Xa Lo Ha Noi Hub,in-house,Full-Time,3766,LÊ MINH HOÀNG,272,194,0.7132,78,0,2026-10-02 14:30:49
2443,51-HCM D9/Xa Lo Ha Noi Hub,in-house,Full-Time,51630,TĂNG MINH LỘC,146,93,0.637,46,7,2026-10-02 14:30:49
2443,51-HCM D9/Xa Lo Ha Noi Hub,in-house,Full-Time,3896,ĐẶNG THÁI AN,247,147,0.5951,87,13,2026-10-02 14:30:49
2443,51-HCM D9/Xa Lo Ha Noi Hub,in-house,Full-Time,52334,LÊ HOÀNG,354,217,0.613,132,5,2026-10-02 14:30:49
2443,51-HCM D9/Xa Lo Ha Noi Hub,in-house,Full-Time,97497,NGUYỄN NHỰT VINH,285,158,0.5544,124,3,2026-10-02 14:30:49
2443,51-HCM D9/Xa Lo Ha Noi Hub,in-house,Full-Time,41437,VÕ TRỌNG NHƠN,226,92,0.4071,130,4,2026-10-02 14:30:49
2061,51-HCM Go Vap/Le Duc Tho Hub,in-house,Full-Time,43800,TRƯƠNG THÀNH TÀI,266,181,0.6805,73,12,2026-10-02 14:30:49
2061,51-HCM Go Vap/Le Duc Tho Hub,in-house,Full-Time,51813,CAO BÁ TÂN,160,112,0.7,45,3,2026-10-02 14:30:49
2061,51-HCM Go Vap/Le Duc Tho Hub,in-house,Full-Time,3163,LỖ MẠNH HÙNG,377,245,0.6499,129,3,2026-10-02 14:30:49
2061,51-HCM Go Vap/Le Duc Tho Hub,in-house,Full-Time,66423,QUÁCH TẤN LỘC,379,238,0.628,133,8,2026-10-02 14:30:49
2061,51-HCM Go Vap/Le Duc Tho Hub,in-house,Full-Time,31204,HỒ NGỌC THÀNH DANH,322,196,0.6087,114,12,2026-10-02 14:30:49
2061,51-HCM Go Vap/Le Duc Tho Hub,in-house,Full-Time,43731,NGUYỄN TẤN VINH,396,241,0.6086,147,8,2026-10-02 14:30:49
2061,51-HCM Go Vap/Le Duc Tho Hub,in-house,Full-Time,2675,PHẠM DUY KHANG,264,154,0.5833,101,9,2026-10-02 14:30:49
2061,51-HCM Go Vap/Le Duc Tho Hub,in-house,Full-Time,83740,NGUYỄN TUẤN ANH,598,340,0.5686,255,3,2026-10-02 14:30:49
2061,51-HCM Go Vap/Le Duc Tho Hub,in-house,Full-Time,21300,NGUYỄN DUY KHANG,188,102,0.5426,81,5,2026-10-02 14:30:49
2061,51-HCM Go Vap/Le Duc Tho Hub,in-house,Full-Time,78710,ĐÀO PHƯỚC THIỆN,387,208,0.5375,171,8,2026-10-02 14:30:49
2061,51-HCM Go Vap/Le Duc Tho Hub,in-house,Full-Time,134512,NGUYỄN VĂN MẠNH,364,182,0.5,174,8,2026-10-02 14:30:49
2061,51-HCM Go Vap/Le Duc Tho Hub,in-house,Full-Time,35278,LÊ VĂN LỰC,368,159,0.4321,198,11,2026-10-02 14:30:49
4230,51-HCM Go Vap/Nguyen Van Khoi Hub,in-house,Full-Time,19119,NGUYỄN THÀNH TIẾN,196,187,0.9541,0,9,2026-10-02 14:30:49
4230,51-HCM Go Vap/Nguyen Van Khoi Hub,in-house,Full-Time,91635,NGUYỄN HOÀNG NGỌC CHUNG,137,124,0.9051,6,7,2026-10-02 14:30:49
4230,51-HCM Go Vap/Nguyen Van Khoi Hub,in-house,Full-Time,10938,BÙI ĐÌNH TUẤN,178,165,0.927,8,5,2026-10-02 14:30:49
4230,51-HCM Go Vap/Nguyen Van Khoi Hub,in-house,Full-Time,109796,TRẦN THANH PHONG,239,214,0.8954,14,11,2026-10-02 14:30:49
4230,51-HCM Go Vap/Nguyen Van Khoi Hub,in-house,Full-Time,42804,ĐOÀN THANH NGUYÊN,151,134,0.8874,9,8,2026-10-02 14:30:49
4230,51-HCM Go Vap/Nguyen Van Khoi Hub,in-house,Full-Time,75346,NGUYỄN XUÂN MINH,218,192,0.8807,19,7,2026-10-02 14:30:49
4230,51-HCM Go Vap/Nguyen Van Khoi Hub,in-house,Full-Time,153993,LÝ GIA HUY,137,118,0.8613,17,2,2026-10-02 14:30:49
4230,51-HCM Go Vap/Nguyen Van Khoi Hub,in-house,Full-Time,74432,PHAN MINH HIẾU,212,176,0.8302,30,6,2026-10-02 14:30:49
4230,51-HCM Go Vap/Nguyen Van Khoi Hub,in-house,Full-Time,90342,NGUYỄN TẤN THỊNH,165,135,0.8182,27,3,2026-10-02 14:30:49
4230,51-HCM Go Vap/Nguyen Van Khoi Hub,in-house,Full-Time,14350,VĂN MINH HOÀNG,214,167,0.7804,43,4,2026-10-02 14:30:49
4230,51-HCM Go Vap/Nguyen Van Khoi Hub,in-house,Full-Time,60000,NGUYỄN HOÀNG HIỆP,248,193,0.7782,50,5,2026-10-02 14:30:49
4230,51-HCM Go Vap/Nguyen Van Khoi Hub,in-house,Full-Time,60008,PHAN QUỐC TRUNG,241,183,0.7593,49,9,2026-10-02 14:30:49
4230,51-HCM Go Vap/Nguyen Van Khoi Hub,in-house,Full-Time,131975,HỒ VĂN TỰ,223,162,0.7265,52,9,2026-10-02 14:30:49
4230,51-HCM Go Vap/Nguyen Van Khoi Hub,in-house,Full-Time,57991,LÊ VĂN AN,188,138,0.734,46,4,2026-10-02 14:30:49
4230,51-HCM Go Vap/Nguyen Van Khoi Hub,in-house,Full-Time,73280,HÀ HUY HOÀNG,272,169,0.6213,79,24,2026-10-02 14:30:49
4230,51-HCM Go Vap/Nguyen Van Khoi Hub,in-house,Full-Time,89979,LÊ THANH PHƯƠNG,181,121,0.6685,57,3,2026-10-02 14:30:49
4230,51-HCM Go Vap/Nguyen Van Khoi Hub,in-house,Full-Time,57046,PHAN ĐÌNH XUÂN TRƯỜNG,205,125,0.6098,78,2,2026-10-02 14:30:49
4230,51-HCM Go Vap/Nguyen Van Khoi Hub,in-house,Full-Time,54761,NGUYỄN TRƯỜNG AN,298,165,0.5537,128,5,2026-10-02 14:30:49
4230,51-HCM Go Vap/Nguyen Van Khoi Hub,in-house,Full-Time,36970,TRẦN PHƯƠNG NAM,339,158,0.4661,180,1,2026-10-02 14:30:49
2240,51-HCM Go Vap/Pham Van Chieu Hub,in-house,Full-Time,112524,HỒ LÊ THIÊN PHÚC,1,1,1,0,0,2026-10-02 14:30:49
2240,51-HCM Go Vap/Pham Van Chieu Hub,in-house,Full-Time,49552,NGUYỄN THÀNH LONG,250,189,0.756,54,7,2026-10-02 14:30:49
2240,51-HCM Go Vap/Pham Van Chieu Hub,in-house,Full-Time,62389,PHẠM TẤN TÀI,246,173,0.7033,65,8,2026-10-02 14:30:49
2240,51-HCM Go Vap/Pham Van Chieu Hub,in-house,Full-Time,37470,NGUYỄN NGỌC CẨN,357,238,0.6667,102,17,2026-10-02 14:30:49
2240,51-HCM Go Vap/Pham Van Chieu Hub,in-house,Full-Time,112397,LÊ QUANG TÚ,263,182,0.692,77,4,2026-10-02 14:30:49
2240,51-HCM Go Vap/Pham Van Chieu Hub,in-house,Full-Time,49514,PHẠM VĂN LONG,262,167,0.6374,89,6,2026-10-02 14:30:49
2240,51-HCM Go Vap/Pham Van Chieu Hub,in-house,Full-Time,97501,LƯ HOÀNG LÂM,288,177,0.6146,104,7,2026-10-02 14:30:49
2240,51-HCM Go Vap/Pham Van Chieu Hub,in-house,Full-Time,146256,LÂM QUANG LỘC,239,152,0.636,87,0,2026-10-02 14:30:49
2240,51-HCM Go Vap/Pham Van Chieu Hub,in-house,Full-Time,32655,NGUYỄN TẤN NGUYÊN,240,148,0.6167,90,2,2026-10-02 14:30:49
2240,51-HCM Go Vap/Pham Van Chieu Hub,in-house,Full-Time,106293,NGUYỄN HẢI ĐĂNG,278,156,0.5612,109,13,2026-10-02 14:30:49
2240,51-HCM Go Vap/Pham Van Chieu Hub,in-house,Full-Time,25916,LÊ THANH TUYẾN,220,127,0.5773,88,5,2026-10-02 14:30:49
2240,51-HCM Go Vap/Pham Van Chieu Hub,in-house,Full-Time,83587,TRƯƠNG HOÀNG ĐẠT,298,165,0.5537,121,12,2026-10-02 14:30:49
2240,51-HCM Go Vap/Pham Van Chieu Hub,in-house,Full-Time,28212,NGUYỄN ĐỨC TRƯỜNG,262,145,0.5534,110,7,2026-10-02 14:30:49
2240,51-HCM Go Vap/Pham Van Chieu Hub,in-house,Full-Time,28959,HỒ VĂN DINH,303,162,0.5347,135,6,2026-10-02 14:30:49
2240,51-HCM Go Vap/Pham Van Chieu Hub,in-house,Full-Time,154920,TRẦN QUỐC KHÁNH,270,146,0.5407,123,1,2026-10-02 14:30:49
2240,51-HCM Go Vap/Pham Van Chieu Hub,in-house,Full-Time,47657,NGUYỄN HUỲNH ANH TUẤN,326,159,0.4877,158,9,2026-10-02 14:30:49
2240,51-HCM Go Vap/Pham Van Chieu Hub,in-house,Full-Time,101587,NGUYỄN ĐỖ KHÁNH TUẤN,336,128,0.381,195,13,2026-10-02 14:30:49
2094,51-HCM Go Vap/Phan Huy Ich Hub,in-house,Full-Time,46036,NGUYỄN TẤN LỰC,175,170,0.9714,0,5,2026-10-02 14:30:49
2094,51-HCM Go Vap/Phan Huy Ich Hub,in-house,Full-Time,85375,TRẦN VĂN VŨ,1,1,1,0,0,2026-10-02 14:30:49
2094,51-HCM Go Vap/Phan Huy Ich Hub,in-house,Full-Time,125899,HOÀNG MINH NHẬT,246,217,0.8821,4,25,2026-10-02 14:30:49
2094,51-HCM Go Vap/Phan Huy Ich Hub,in-house,Full-Time,123591,NGUYỄN HỮU LONG,157,132,0.8408,22,3,2026-10-02 14:30:49
2094,51-HCM Go Vap/Phan Huy Ich Hub,in-house,Full-Time,131559,NGUYỄN KHÁNH DUY,201,165,0.8209,29,7,2026-10-02 14:30:49
2094,51-HCM Go Vap/Phan Huy Ich Hub,in-house,Full-Time,88862,VÕ DUY LINH,300,239,0.7967,53,8,2026-10-02 14:30:49
2094,51-HCM Go Vap/Phan Huy Ich Hub,in-house,Full-Time,71231,ĐỖ TRÍ THUẬN,245,195,0.7959,46,4,2026-10-02 14:30:49
2094,51-HCM Go Vap/Phan Huy Ich Hub,in-house,Full-Time,132597,LÝ HOÀNG LONG,251,187,0.745,51,13,2026-10-02 14:30:49
2094,51-HCM Go Vap/Phan Huy Ich Hub,in-house,Full-Time,145285,NGUYỄN HỮU TOẢN,150,112,0.7467,32,6,2026-10-02 14:30:49
2094,51-HCM Go Vap/Phan Huy Ich Hub,in-house,Full-Time,83736,NGUYỄN LÊ HOÀNG MINH,209,162,0.7751,45,2,2026-10-02 14:30:49
2094,51-HCM Go Vap/Phan Huy Ich Hub,in-house,Full-Time,71325,NGUYỄN QUỐC SINH,166,130,0.7831,36,0,2026-10-02 14:30:49
2094,51-HCM Go Vap/Phan Huy Ich Hub,in-house,Full-Time,31528,VŨ NGỌC QUÂN,235,177,0.7532,52,6,2026-10-02 14:30:49
2094,51-HCM Go Vap/Phan Huy Ich Hub,in-house,Full-Time,127399,HUỲNH QUỐC THÁI,181,126,0.6961,46,9,2026-10-02 14:30:49
2094,51-HCM Go Vap/Phan Huy Ich Hub,in-house,Full-Time,2309,LÊ VIẾT CHÍ CÔNG,351,258,0.735,90,3,2026-10-02 14:30:49
2094,51-HCM Go Vap/Phan Huy Ich Hub,in-house,Full-Time,95027,VÕ VĂN TRƯỞNG,338,245,0.7249,91,2,2026-10-02 14:30:49
2094,51-HCM Go Vap/Phan Huy Ich Hub,in-house,Full-Time,14000,HOÀNG ANH,214,144,0.6729,61,9,2026-10-02 14:30:49
2094,51-HCM Go Vap/Phan Huy Ich Hub,in-house,Full-Time,53504,HOÀNG ĐỨC HIỀN,226,160,0.708,65,1,2026-10-02 14:30:49
2094,51-HCM Go Vap/Phan Huy Ich Hub,in-house,Full-Time,57777,NGUYỄN TRUNG THÀNH,212,127,0.5991,61,24,2026-10-02 14:30:49
2094,51-HCM Go Vap/Phan Huy Ich Hub,in-house,Full-Time,70306,VĂN NHẬT QUANG,222,148,0.6667,65,9,2026-10-02 14:30:49
2094,51-HCM Go Vap/Phan Huy Ich Hub,in-house,Full-Time,66688,NGUYỄN HỮU LỘC,149,105,0.7047,44,0,2026-10-02 14:30:49
2094,51-HCM Go Vap/Phan Huy Ich Hub,in-house,Full-Time,116402,CAO VĂN PHI,243,163,0.6708,72,8,2026-10-02 14:30:49
2094,51-HCM Go Vap/Phan Huy Ich Hub,in-house,Full-Time,155025,NGUYỄN VĂN TIỄN,252,176,0.6984,75,1,2026-10-02 14:30:49
2094,51-HCM Go Vap/Phan Huy Ich Hub,in-house,Full-Time,66574,LÊ THÁI ANH,369,242,0.6558,113,14,2026-10-02 14:30:49
2094,51-HCM Go Vap/Phan Huy Ich Hub,in-house,Full-Time,51516,NGUYỄN QUANG PHÚC,248,168,0.6774,76,4,2026-10-02 14:30:49
2094,51-HCM Go Vap/Phan Huy Ich Hub,in-house,Full-Time,100041,NGUYỄN QUỐC KHỞI,233,159,0.6824,72,2,2026-10-02 14:30:49
2094,51-HCM Go Vap/Phan Huy Ich Hub,in-house,Full-Time,48279,NGUYỄN HOÀNG DUY NAM,288,193,0.6701,90,5,2026-10-02 14:30:49
2094,51-HCM Go Vap/Phan Huy Ich Hub,in-house,Full-Time,16944,NGUYỄN HOÀNG PHÚC,223,148,0.6637,70,5,2026-10-02 14:30:49
2094,51-HCM Go Vap/Phan Huy Ich Hub,in-house,Full-Time,131641,ĐỖ HUỲNH PHONG PHÚ,197,122,0.6193,63,12,2026-10-02 14:30:49
2094,51-HCM Go Vap/Phan Huy Ich Hub,in-house,Full-Time,66691,LÊ ĐẶNG HOÀNG PHÚC,275,184,0.6691,88,3,2026-10-02 14:30:49
2094,51-HCM Go Vap/Phan Huy Ich Hub,in-house,Full-Time,159644,PHAN VÕ THẾ NGỌC,231,153,0.6623,74,4,2026-10-02 14:30:49
2094,51-HCM Go Vap/Phan Huy Ich Hub,in-house,Full-Time,102033,NGUYỄN NGHĨA HIỆP,196,131,0.6684,63,2,2026-10-02 14:30:49
2094,51-HCM Go Vap/Phan Huy Ich Hub,in-house,Full-Time,36845,NGUYỄN TRẦN TUẤN ANH,289,189,0.654,93,7,2026-10-02 14:30:49
2094,51-HCM Go Vap/Phan Huy Ich Hub,in-house,Full-Time,56875,VÕ HỮU ĐAN,243,151,0.6214,79,13,2026-10-02 14:30:49
2094,51-HCM Go Vap/Phan Huy Ich Hub,in-house,Full-Time,27138,NGUYỄN VĂN SĨ,276,185,0.6703,90,1,2026-10-02 14:30:49
2094,51-HCM Go Vap/Phan Huy Ich Hub,in-house,Full-Time,41616,VŨ MINH THANH,287,179,0.6237,94,14,2026-10-02 14:30:49
2094,51-HCM Go Vap/Phan Huy Ich Hub,in-house,Full-Time,25563,NGÔ VĂN THU,301,188,0.6246,99,14,2026-10-02 14:30:49
2094,51-HCM Go Vap/Phan Huy Ich Hub,in-house,Full-Time,16807,NGUYỄN THÀNH ĐẠT,248,161,0.6492,83,4,2026-10-02 14:30:49
2094,51-HCM Go Vap/Phan Huy Ich Hub,in-house,Full-Time,136988,DƯƠNG NGỌC QUÂN,227,146,0.6432,76,5,2026-10-02 14:30:49
2094,51-HCM Go Vap/Phan Huy Ich Hub,in-house,Full-Time,145298,TRẦN SƠN THỊNH,278,178,0.6403,94,6,2026-10-02 14:30:49
2094,51-HCM Go Vap/Phan Huy Ich Hub,in-house,Full-Time,125081,CAO HOÀI DANH,301,172,0.5714,103,26,2026-10-02 14:30:49
2094,51-HCM Go Vap/Phan Huy Ich Hub,in-house,Full-Time,30692,ĐINH XUÂN HOÀNG,275,165,0.6,99,11,2026-10-02 14:30:49
2094,51-HCM Go Vap/Phan Huy Ich Hub,in-house,Full-Time,160204,LÊ NGỌC CƯỜNG,300,185,0.6167,108,7,2026-10-02 14:30:49
2094,51-HCM Go Vap/Phan Huy Ich Hub,in-house,Full-Time,87706,NGUYỄN THÀNH SƠN,275,164,0.5964,102,9,2026-10-02 14:30:49
2094,51-HCM Go Vap/Phan Huy Ich Hub,in-house,Full-Time,35484,ĐỖ VĂN QUANG,272,165,0.6066,102,5,2026-10-02 14:30:49
2094,51-HCM Go Vap/Phan Huy Ich Hub,in-house,Full-Time,13401,LÊ HỒNG THU,280,159,0.5679,106,15,2026-10-02 14:30:49
2094,51-HCM Go Vap/Phan Huy Ich Hub,in-house,Full-Time,2304,TRẦN MINH HIẾU,334,198,0.5928,127,9,2026-10-02 14:30:49
2094,51-HCM Go Vap/Phan Huy Ich Hub,in-house,Full-Time,118777,MIỀU ĐÌNH BẢO,215,124,0.5767,82,9,2026-10-02 14:30:49
2094,51-HCM Go Vap/Phan Huy Ich Hub,in-house,Full-Time,38442,NGUYỄN MINH TÀI,249,152,0.6104,95,2,2026-10-02 14:30:49
2094,51-HCM Go Vap/Phan Huy Ich Hub,in-house,Full-Time,137080,TRẦN NGỌC HẢI,267,156,0.5843,102,9,2026-10-02 14:30:49
2094,51-HCM Go Vap/Phan Huy Ich Hub,in-house,Full-Time,31546,VƯƠNG HUỲNH THANH TÚ,238,142,0.5966,91,5,2026-10-02 14:30:49
2094,51-HCM Go Vap/Phan Huy Ich Hub,in-house,Full-Time,13160,NGUYỄN ĐỨC DUY,334,199,0.5958,129,6,2026-10-02 14:30:49
2094,51-HCM Go Vap/Phan Huy Ich Hub,in-house,Full-Time,91302,NGUYỄN HOÀNG QUỐC HÒA,322,183,0.5683,126,13,2026-10-02 14:30:49
2094,51-HCM Go Vap/Phan Huy Ich Hub,in-house,Full-Time,19118,NGUYỄN NHẬT NAM,349,181,0.5186,137,31,2026-10-02 14:30:49
2094,51-HCM Go Vap/Phan Huy Ich Hub,in-house,Full-Time,87486,LÊ QUỐC HUY,253,150,0.5929,101,2,2026-10-02 14:30:49
2094,51-HCM Go Vap/Phan Huy Ich Hub,in-house,Full-Time,7959,PHẠM HOÀNG LONG,268,151,0.5634,107,10,2026-10-02 14:30:49
2094,51-HCM Go Vap/Phan Huy Ich Hub,in-house,Full-Time,25942,LÊ HOÀNG KHÔI,258,149,0.5775,104,5,2026-10-02 14:30:49
2094,51-HCM Go Vap/Phan Huy Ich Hub,in-house,Full-Time,130379,NGUYỄN LÂM QUỐC KHÁNH,330,169,0.5121,137,24,2026-10-02 14:30:49
2094,51-HCM Go Vap/Phan Huy Ich Hub,in-house,Full-Time,13739,NGUYỄN THỊ ĐOAN TRANG,249,141,0.5663,105,3,2026-10-02 14:30:49
2094,51-HCM Go Vap/Phan Huy Ich Hub,in-house,Full-Time,14540,TRẦN ĐÌNH MINH,339,189,0.5575,144,6,2026-10-02 14:30:49
2094,51-HCM Go Vap/Phan Huy Ich Hub,in-house,Full-Time,38448,LÊ PHƯỚC SANG,260,147,0.5654,111,2,2026-10-02 14:30:49
2094,51-HCM Go Vap/Phan Huy Ich Hub,in-house,Full-Time,24856,TRƯƠNG THÀNH ĐẠT,270,146,0.5407,116,8,2026-10-02 14:30:49
2094,51-HCM Go Vap/Phan Huy Ich Hub,in-house,Full-Time,129930,NGUYỄN KHÁNH TOÀN,242,134,0.5537,105,3,2026-10-02 14:30:49
2094,51-HCM Go Vap/Phan Huy Ich Hub,in-house,Full-Time,146137,PHAN THÀNH HIẾU,303,161,0.5314,133,9,2026-10-02 14:30:49
2094,51-HCM Go Vap/Phan Huy Ich Hub,in-house,Full-Time,110752,NGUYỄN QUỐC BẢO,341,189,0.5543,150,2,2026-10-02 14:30:49
2094,51-HCM Go Vap/Phan Huy Ich Hub,in-house,Full-Time,37801,NGUYỄN HẬU HIỂU,238,130,0.5462,107,1,2026-10-02 14:30:49
2094,51-HCM Go Vap/Phan Huy Ich Hub,in-house,Full-Time,159643,NGUYỄN PHƯƠNG NAM,179,87,0.486,83,9,2026-10-02 14:30:49
2094,51-HCM Go Vap/Phan Huy Ich Hub,in-house,Full-Time,149442,TẠ THỊ THIÊN AN,172,84,0.4884,80,8,2026-10-02 14:30:49
2094,51-HCM Go Vap/Phan Huy Ich Hub,in-house,Full-Time,9341,NGUYỄN DUY LONG,306,154,0.5033,144,8,2026-10-02 14:30:49
2094,51-HCM Go Vap/Phan Huy Ich Hub,in-house,Full-Time,120390,NGUYỄN HOÀNG PHI,369,187,0.5068,176,6,2026-10-02 14:30:49
2094,51-HCM Go Vap/Phan Huy Ich Hub,in-house,Full-Time,33202,TRẦN KIM SƠN,293,150,0.5119,141,2,2026-10-02 14:30:49
2094,51-HCM Go Vap/Phan Huy Ich Hub,in-house,Full-Time,101169,BÙI VĂN HẢI,397,201,0.5063,196,0,2026-10-02 14:30:49
2094,51-HCM Go Vap/Phan Huy Ich Hub,in-house,Full-Time,31620,TRẦN NGUYỄN ĐÌNH DUY,247,118,0.4777,127,2,2026-10-02 14:30:49
2094,51-HCM Go Vap/Phan Huy Ich Hub,in-house,Full-Time,45158,PHẠM TRƯƠNG ANH VŨ,235,101,0.4298,123,11,2026-10-02 14:30:49
2094,51-HCM Go Vap/Phan Huy Ich Hub,in-house,Full-Time,31618,NGUYỄN THÀNH LAM,307,143,0.4658,161,3,2026-10-02 14:30:49
2094,51-HCM Go Vap/Phan Huy Ich Hub,in-house,Full-Time,6724,LÊ TẤN THÔNG,247,108,0.4372,138,1,2026-10-02 14:30:49
2094,51-HCM Go Vap/Phan Huy Ich Hub,in-house,Full-Time,43146,NGUYỄN NGỌC HOÀNG HẢI,272,107,0.3934,156,9,2026-10-02 14:30:49
2094,51-HCM Go Vap/Phan Huy Ich Hub,in-house,Full-Time,836,NGÔ HUỲNH TRỌNG THỦ,271,110,0.4059,160,1,2026-10-02 14:30:49
2094,51-HCM Go Vap/Phan Huy Ich Hub,in-house,Full-Time,40907,NGUYỄN DUY AN,267,93,0.3483,166,8,2026-10-02 14:30:49
2094,51-HCM Go Vap/Phan Huy Ich Hub,in-house,Full-Time,126775,LƯƠNG VĨNH DUY KHANG,316,113,0.3576,203,0,2026-10-02 14:30:49
2094,51-HCM Go Vap/Phan Huy Ich Hub,in-house,Full-Time,132776,NGUYỄN PHƯỚC HƯỞNG,371,110,0.2965,257,4,2026-10-02 14:30:49
2094,51-HCM Go Vap/Phan Huy Ich Hub,in-house,Full-Time,7349,HUỲNH HẢI DUY,379,115,0.3034,264,0,2026-10-02 14:30:49
2094,51-HCM Go Vap/Phan Huy Ich Hub,in-house,Full-Time,38525,LÊ THÀNH ĐẠT,0,0,0,0,0,2026-10-02 14:30:49
2503,51-HCM Go Vap/Phuong 15 Hub,in-house,Full-Time,12627,NGUYỄN HOÀNG TRƯỜNG GIANG,198,183,0.9242,9,6,2026-10-02 14:30:49
2503,51-HCM Go Vap/Phuong 15 Hub,in-house,Full-Time,19956,HUỲNH QUANG KHIÊM,221,204,0.9231,13,4,2026-10-02 14:30:49
2503,51-HCM Go Vap/Phuong 15 Hub,in-house,Full-Time,53329,TRƯƠNG MINH PHONG,289,251,0.8685,30,8,2026-10-02 14:30:49
2503,51-HCM Go Vap/Phuong 15 Hub,in-house,Full-Time,88618,LÂM MINH TUẤN VŨ,212,182,0.8585,23,7,2026-10-02 14:30:49
2503,51-HCM Go Vap/Phuong 15 Hub,in-house,Full-Time,67583,VÕ THANH BÌNH,209,152,0.7273,49,8,2026-10-02 14:30:49
2503,51-HCM Go Vap/Phuong 15 Hub,in-house,Full-Time,93417,HUỲNH PHI HÙNG,243,167,0.6872,60,16,2026-10-02 14:30:49
2503,51-HCM Go Vap/Phuong 15 Hub,in-house,Full-Time,13392,NGUYỄN CHÍ KHANG,191,126,0.6597,56,9,2026-10-02 14:30:49
2503,51-HCM Go Vap/Phuong 15 Hub,in-house,Full-Time,92470,TRẦN QUỐC TUẤN,252,175,0.6944,74,3,2026-10-02 14:30:49
2503,51-HCM Go Vap/Phuong 15 Hub,in-house,Full-Time,89714,HUỲNH QUỐC CƯỜNG,273,189,0.6923,81,3,2026-10-02 14:30:49
2503,51-HCM Go Vap/Phuong 15 Hub,in-house,Full-Time,101582,NGUYỄN VĂN SỸ,246,165,0.6707,74,7,2026-10-02 14:30:49
2503,51-HCM Go Vap/Phuong 15 Hub,in-house,Full-Time,95564,NGUYỄN ANH VŨ,239,155,0.6485,74,10,2026-10-02 14:30:49
2503,51-HCM Go Vap/Phuong 15 Hub,in-house,Full-Time,100934,NGUYỄN HOÀNG TÚ,237,154,0.6498,74,9,2026-10-02 14:30:49
2503,51-HCM Go Vap/Phuong 15 Hub,in-house,Full-Time,102745,LA HOÀNG PHƯƠNG,220,139,0.6318,80,1,2026-10-02 14:30:49
2503,51-HCM Go Vap/Phuong 15 Hub,in-house,Full-Time,116643,TRẦN VĂN HOÀN,244,145,0.5943,96,3,2026-10-02 14:30:49
2503,51-HCM Go Vap/Phuong 15 Hub,in-house,Full-Time,67582,NGUYỄN BÁ NGỌC ANH QUANG TRƯỜNG,270,146,0.5407,119,5,2026-10-02 14:30:49
2503,51-HCM Go Vap/Phuong 15 Hub,in-house,Full-Time,88616,TRẦN NHẬT TRUNG,220,97,0.4409,99,24,2026-10-02 14:30:49
2503,51-HCM Go Vap/Phuong 15 Hub,in-house,Full-Time,100936,NGUYỄN PHẠM PHƯƠNG UYÊN,293,157,0.5358,134,2,2026-10-02 14:30:49
2378,51-HCM Go Vap/Phuong 17 Hub,in-house,Full-Time,20375,NGUYỄN HOÀNG NAM,111,109,0.982,0,2,2026-10-02 14:30:49
2378,51-HCM Go Vap/Phuong 17 Hub,in-house,Full-Time,75024,LÊ HOÀNG MINH,208,169,0.8125,24,15,2026-10-02 14:30:49
2378,51-HCM Go Vap/Phuong 17 Hub,in-house,Full-Time,73194,NGUYỄN TẤN ĐẠT,216,180,0.8333,32,4,2026-10-02 14:30:49
2378,51-HCM Go Vap/Phuong 17 Hub,in-house,Full-Time,22194,ĐOÀN THANH PHÚ,233,191,0.8197,35,7,2026-10-02 14:30:49
2378,51-HCM Go Vap/Phuong 17 Hub,in-house,Full-Time,96854,LÊ MINH THIỆN,232,186,0.8017,42,4,2026-10-02 14:30:49
2378,51-HCM Go Vap/Phuong 17 Hub,in-house,Full-Time,7605,NGUYỄN ĐỨC TRÍ,237,183,0.7722,50,4,2026-10-02 14:30:49
2378,51-HCM Go Vap/Phuong 17 Hub,in-house,Full-Time,35681,NGUYỄN PHẠM TOÀN,206,160,0.7767,44,2,2026-10-02 14:30:49
2378,51-HCM Go Vap/Phuong 17 Hub,in-house,Full-Time,36947,LÝ PHÙNG THANH LÂM,192,145,0.7552,43,4,2026-10-02 14:30:49
2378,51-HCM Go Vap/Phuong 17 Hub,in-house,Full-Time,95278,MAI MINH QUÂN,138,103,0.7464,32,3,2026-10-02 14:30:49
2378,51-HCM Go Vap/Phuong 17 Hub,in-house,Full-Time,141814,NGUYỄN THANH CẢNH,209,155,0.7416,50,4,2026-10-02 14:30:49
2378,51-HCM Go Vap/Phuong 17 Hub,in-house,Full-Time,2022,TRẦN NGỌC THUẤN,300,213,0.71,76,11,2026-10-02 14:30:49
2378,51-HCM Go Vap/Phuong 17 Hub,in-house,Full-Time,148653,LÝ QUỐC BẢO,195,141,0.7231,50,4,2026-10-02 14:30:49
2378,51-HCM Go Vap/Phuong 17 Hub,in-house,Full-Time,58946,PHẠM MINH HÀO,250,180,0.72,65,5,2026-10-02 14:30:49
2378,51-HCM Go Vap/Phuong 17 Hub,in-house,Full-Time,62686,BÙI VĂN QUYẾT,204,145,0.7108,55,4,2026-10-02 14:30:49
2378,51-HCM Go Vap/Phuong 17 Hub,in-house,Full-Time,97115,TRỊNH DUY BẢO,274,195,0.7117,75,4,2026-10-02 14:30:49
2378,51-HCM Go Vap/Phuong 17 Hub,in-house,Full-Time,90337,HUỲNH HOÀI THANH,237,153,0.6456,73,11,2026-10-02 14:30:49
2378,51-HCM Go Vap/Phuong 17 Hub,in-house,Full-Time,109610,NGUYỄN NHẬT VỸ,226,150,0.6637,70,6,2026-10-02 14:30:49
2378,51-HCM Go Vap/Phuong 17 Hub,in-house,Full-Time,101690,NGUYỄN ANH TÚ,242,158,0.6529,83,1,2026-10-02 14:30:49
2378,51-HCM Go Vap/Phuong 17 Hub,in-house,Full-Time,95019,NGUYỄN NGỌC NHƯ,276,168,0.6087,98,10,2026-10-02 14:30:49
2378,51-HCM Go Vap/Phuong 17 Hub,in-house,Full-Time,65059,NGUYỄN SƠN CA,225,139,0.6178,81,5,2026-10-02 14:30:49
2378,51-HCM Go Vap/Phuong 17 Hub,in-house,Full-Time,2832,TRẦN VĂN NHÂN,196,121,0.6173,71,4,2026-10-02 14:30:49
2378,51-HCM Go Vap/Phuong 17 Hub,in-house,Full-Time,152438,NGUYỄN HỮU PHÚC,197,119,0.6041,72,6,2026-10-02 14:30:49
2378,51-HCM Go Vap/Phuong 17 Hub,in-house,Full-Time,22375,TRẦN NGỌC ANH THÁI,234,139,0.594,90,5,2026-10-02 14:30:49
2378,51-HCM Go Vap/Phuong 17 Hub,in-house,Full-Time,5991,ĐẶNG THÔNG HOÀNG VÂN,213,124,0.5822,82,7,2026-10-02 14:30:49
2378,51-HCM Go Vap/Phuong 17 Hub,in-house,Full-Time,39696,HUỲNH QUỐC KỲ,258,141,0.5465,104,13,2026-10-02 14:30:49
2378,51-HCM Go Vap/Phuong 17 Hub,in-house,Full-Time,10947,NGUYỄN ĐỨC MINH,279,163,0.5842,113,3,2026-10-02 14:30:49
2378,51-HCM Go Vap/Phuong 17 Hub,in-house,Full-Time,95701,NGÔ THANH TÂM,247,143,0.5789,104,0,2026-10-02 14:30:49
2378,51-HCM Go Vap/Phuong 17 Hub,in-house,Full-Time,15578,ĐẶNG TRẦN VINH,225,128,0.5689,95,2,2026-10-02 14:30:49
2378,51-HCM Go Vap/Phuong 17 Hub,in-house,Full-Time,105532,HUỲNH NGUYỄN THANH PHÚ,221,118,0.5339,98,5,2026-10-02 14:30:49
2378,51-HCM Go Vap/Phuong 17 Hub,in-house,Full-Time,159189,LÊ QUỐC ĐẠI,243,111,0.4568,118,14,2026-10-02 14:30:49
2378,51-HCM Go Vap/Phuong 17 Hub,in-house,Full-Time,161702,NGUYỄN TUẤN ANH,176,81,0.4602,93,2,2026-10-02 14:30:49
2378,51-HCM Go Vap/Phuong 17 Hub,in-house,Full-Time,111838,NGUYỄN HOÀNG KHAN,328,138,0.4207,184,6,2026-10-02 14:30:49
2378,51-HCM Go Vap/Phuong 17 Hub,in-house,Full-Time,34322,NGUYỄN CHÍ THIỆN,402,157,0.3905,235,10,2026-10-02 14:30:49
2378,51-HCM Go Vap/Phuong 17 Hub,in-house,Full-Time,143628,HOÀNG CHIẾN THẮNG,0,0,0,0,0,2026-10-02 14:30:49
4011,51-HCM Go Vap/Phuong 5 Hub,in-house,Full-Time,108576,TRẦN THANH DANG,218,191,0.8761,21,6,2026-10-02 14:30:49
4011,51-HCM Go Vap/Phuong 5 Hub,in-house,Full-Time,64118,LƯƠNG NGỌC KHẢI HOÀN,188,147,0.7819,32,9,2026-10-02 14:30:49
4011,51-HCM Go Vap/Phuong 5 Hub,in-house,Full-Time,59989,LÊ HOÀNG TUẤN,269,195,0.7249,57,17,2026-10-02 14:30:49
4011,51-HCM Go Vap/Phuong 5 Hub,in-house,Full-Time,47061,NGUYỄN ĐỨC HƯỚNG,233,182,0.7811,50,1,2026-10-02 14:30:49
4011,51-HCM Go Vap/Phuong 5 Hub,in-house,Full-Time,17097,PHẠM ĐẠI PHÚC,229,160,0.6987,54,15,2026-10-02 14:30:49
4011,51-HCM Go Vap/Phuong 5 Hub,in-house,Full-Time,16091,NGUYỄN THÀNH ĐẠI,248,179,0.7218,65,4,2026-10-02 14:30:49
4011,51-HCM Go Vap/Phuong 5 Hub,in-house,Full-Time,52016,TRƯƠNG ANH THƯ,198,141,0.7121,52,5,2026-10-02 14:30:49
4011,51-HCM Go Vap/Phuong 5 Hub,in-house,Full-Time,78425,NGÔ HỮU PHƯỚC,268,187,0.6978,71,10,2026-10-02 14:30:49
4011,51-HCM Go Vap/Phuong 5 Hub,in-house,Full-Time,150584,LÊ ANH VŨ,235,156,0.6638,72,7,2026-10-02 14:30:49
4011,51-HCM Go Vap/Phuong 5 Hub,in-house,Full-Time,149440,LÊ NGUYỄN TRỌNG HIẾU,221,151,0.6833,69,1,2026-10-02 14:30:49
4011,51-HCM Go Vap/Phuong 5 Hub,in-house,Full-Time,24953,ĐỖ THẾ HIỆP,363,235,0.6474,118,10,2026-10-02 14:30:49
4011,51-HCM Go Vap/Phuong 5 Hub,in-house,Full-Time,129734,ĐỖ HOÀI BẢO,221,149,0.6742,72,0,2026-10-02 14:30:49
4011,51-HCM Go Vap/Phuong 5 Hub,in-house,Full-Time,2965,PHẠM DUY HOÀN,241,146,0.6058,92,3,2026-10-02 14:30:49
4011,51-HCM Go Vap/Phuong 5 Hub,in-house,Full-Time,41699,TRẦN LÊ KHẢI HOÀN,235,132,0.5617,90,13,2026-10-02 14:30:49
4011,51-HCM Go Vap/Phuong 5 Hub,in-house,Full-Time,100073,LÊ VĂN KHẢI,338,188,0.5562,136,14,2026-10-02 14:30:49
4011,51-HCM Go Vap/Phuong 5 Hub,in-house,Full-Time,93458,NGUYỄN KHÁNH LUÂN,381,208,0.5459,162,11,2026-10-02 14:30:49
4011,51-HCM Go Vap/Phuong 5 Hub,in-house,Full-Time,43952,PHẠM THÀNH LẬP,269,145,0.539,115,9,2026-10-02 14:30:49
4011,51-HCM Go Vap/Phuong 5 Hub,in-house,Full-Time,35731,NGUYỄN HỮU TÍN HIẾU,451,233,0.5166,217,1,2026-10-02 14:30:49
4011,51-HCM Go Vap/Phuong 5 Hub,in-house,Full-Time,10021,CHÂU NGỌC NHƯ,451,225,0.4989,218,8,2026-10-02 14:30:49
4011,51-HCM Go Vap/Phuong 5 Hub,in-house,Full-Time,110156,VŨ XUÂN NAM,308,130,0.4221,171,7,2026-10-02 14:30:49
4011,51-HCM Go Vap/Phuong 5 Hub,in-house,Full-Time,81063,NGUYỄN ĐOÀN GIA BẢO,341,103,0.3021,230,8,2026-10-02 14:30:49
4718,51-HCM Hoc Mon/Dong Thanh 1 Hub,in-house,Full-Time,22726,NGUYỄN THÀNH KHANG,144,140,0.9722,0,4,2026-10-02 14:30:49
4718,51-HCM Hoc Mon/Dong Thanh 1 Hub,in-house,Full-Time,95288,NGUYỄN VĂN VINH,143,139,0.972,2,2,2026-10-02 14:30:49
4718,51-HCM Hoc Mon/Dong Thanh 1 Hub,in-house,Full-Time,84688,TRẦN QUỐC NAM,148,135,0.9122,5,8,2026-10-02 14:30:49
4718,51-HCM Hoc Mon/Dong Thanh 1 Hub,in-house,Full-Time,137675,NGUYỄN HOÀNG VĂN,136,123,0.9044,7,6,2026-10-02 14:30:49
4718,51-HCM Hoc Mon/Dong Thanh 1 Hub,in-house,Full-Time,35579,LÊ MINH TRÍ,176,165,0.9375,11,0,2026-10-02 14:30:49
4718,51-HCM Hoc Mon/Dong Thanh 1 Hub,in-house,Full-Time,147728,ĐOÀN PHÚ QUANG,138,124,0.8986,9,5,2026-10-02 14:30:49
4718,51-HCM Hoc Mon/Dong Thanh 1 Hub,in-house,Full-Time,136334,TRẦN CHÍ TÂM,140,127,0.9071,11,2,2026-10-02 14:30:49
4718,51-HCM Hoc Mon/Dong Thanh 1 Hub,in-house,Full-Time,22722,DƯƠNG HOÀNG NHẬT,149,132,0.8859,15,2,2026-10-02 14:30:49
4718,51-HCM Hoc Mon/Dong Thanh 1 Hub,in-house,Full-Time,148743,BÙI TẤN NGUYÊN,178,151,0.8483,26,1,2026-10-02 14:30:49
4718,51-HCM Hoc Mon/Dong Thanh 1 Hub,in-house,Full-Time,143242,DƯƠNG TRÂN VỦ,175,139,0.7943,29,7,2026-10-02 14:30:49
4718,51-HCM Hoc Mon/Dong Thanh 1 Hub,in-house,Full-Time,128369,PHẠM VĂN KỲ,159,127,0.7987,28,4,2026-10-02 14:30:49
4718,51-HCM Hoc Mon/Dong Thanh 1 Hub,in-house,Full-Time,19885,NGÔ TUẤN KIỆT,155,120,0.7742,31,4,2026-10-02 14:30:49
4718,51-HCM Hoc Mon/Dong Thanh 1 Hub,in-house,Full-Time,148241,LÊ ĐỨC AN,143,108,0.7552,30,5,2026-10-02 14:30:49
4718,51-HCM Hoc Mon/Dong Thanh 1 Hub,in-house,Full-Time,72630,PHAN QUỐC HOÀI,210,162,0.7714,45,3,2026-10-02 14:30:49
4718,51-HCM Hoc Mon/Dong Thanh 1 Hub,in-house,Full-Time,43849,NGUYỄN MINH TÂM,167,124,0.7425,36,7,2026-10-02 14:30:49
4718,51-HCM Hoc Mon/Dong Thanh 1 Hub,in-house,Full-Time,148657,NGUYỄN CÔNG MẬU,129,94,0.7287,28,7,2026-10-02 14:30:49
4718,51-HCM Hoc Mon/Dong Thanh 1 Hub,in-house,Full-Time,20466,VĂN MINH DUY,158,122,0.7722,35,1,2026-10-02 14:30:49
4718,51-HCM Hoc Mon/Dong Thanh 1 Hub,in-house,Full-Time,150447,NGUYỄN MINH HIỂN,244,167,0.6844,66,11,2026-10-02 14:30:49
4718,51-HCM Hoc Mon/Dong Thanh 1 Hub,in-house,Full-Time,158200,VŨ QUỐC CƯỜNG,186,131,0.7043,53,2,2026-10-02 14:30:49
4718,51-HCM Hoc Mon/Dong Thanh 1 Hub,in-house,Full-Time,105105,TRẦN NGỌC BẢO,161,110,0.6832,47,4,2026-10-02 14:30:49
4718,51-HCM Hoc Mon/Dong Thanh 1 Hub,in-house,Full-Time,117615,NGUYỄN VĂN HÒA,159,105,0.6604,51,3,2026-10-02 14:30:49
4718,51-HCM Hoc Mon/Dong Thanh 1 Hub,in-house,Full-Time,132481,PHAN THÀNH NAM,0,0,0,0,0,2026-10-02 14:30:49
2055,51-HCM Hoc Mon/Dong Thanh Hub,in-house,Full-Time,56603,NGUYỄN TẤN THUẬN,163,143,0.8773,7,13,2026-10-02 14:30:49
2055,51-HCM Hoc Mon/Dong Thanh Hub,in-house,Full-Time,86156,TRẦN PHÁT BẢO,163,149,0.9141,10,4,2026-10-02 14:30:49
2055,51-HCM Hoc Mon/Dong Thanh Hub,in-house,Full-Time,118778,NGUYỄN MINH THUẬN,160,136,0.85,20,4,2026-10-02 14:30:49
2055,51-HCM Hoc Mon/Dong Thanh Hub,in-house,Full-Time,154922,NGUYỄN VĂN CHUNG,80,65,0.8125,14,1,2026-10-02 14:30:49
2055,51-HCM Hoc Mon/Dong Thanh Hub,in-house,Full-Time,64098,ĐỖ GIA LỄ,207,164,0.7923,42,1,2026-10-02 14:30:49
2288,51-HCM Hoc Mon/Nguyen Thi Soc Hub,in-house,Full-Time,28800,CAO XUÂN DŨ,142,126,0.8873,7,9,2026-10-02 14:30:49
2288,51-HCM Hoc Mon/Nguyen Thi Soc Hub,in-house,Full-Time,29570,TRẦN VĂN TRỌNG HIẾU,150,108,0.72,34,8,2026-10-02 14:30:49
2288,51-HCM Hoc Mon/Nguyen Thi Soc Hub,in-house,Full-Time,61511,ĐẶNG BÙI QUỐC ĐẠT,221,164,0.7421,57,0,2026-10-02 14:30:49
2288,51-HCM Hoc Mon/Nguyen Thi Soc Hub,in-house,Full-Time,102391,NGUYỄN VŨ THẾ KHANG,136,94,0.6912,38,4,2026-10-02 14:30:49
2288,51-HCM Hoc Mon/Nguyen Thi Soc Hub,in-house,Full-Time,146518,PHẠM NGUYỄN HOÀNG LÂM,132,87,0.6591,39,6,2026-10-02 14:30:49
2288,51-HCM Hoc Mon/Nguyen Thi Soc Hub,in-house,Full-Time,52125,HUỲNH VĂN KHOA,228,152,0.6667,71,5,2026-10-02 14:30:49
2288,51-HCM Hoc Mon/Nguyen Thi Soc Hub,in-house,Full-Time,64587,LÊ QUANG HẢI BĂNG,159,98,0.6164,52,9,2026-10-02 14:30:49
2288,51-HCM Hoc Mon/Nguyen Thi Soc Hub,in-house,Full-Time,71696,PHẠM TẤN TÚ,237,150,0.6329,80,7,2026-10-02 14:30:49
2288,51-HCM Hoc Mon/Nguyen Thi Soc Hub,in-house,Full-Time,67795,BÙI CHÍ THANH,241,153,0.6349,85,3,2026-10-02 14:30:49
2288,51-HCM Hoc Mon/Nguyen Thi Soc Hub,in-house,Full-Time,147542,NGUYỄN TÚ SINH,180,106,0.5889,69,5,2026-10-02 14:30:49
2288,51-HCM Hoc Mon/Nguyen Thi Soc Hub,in-house,Full-Time,24816,NGUYỄN TIẾN ĐẠT,232,140,0.6034,92,0,2026-10-02 14:30:49
2288,51-HCM Hoc Mon/Nguyen Thi Soc Hub,in-house,Full-Time,22263,PHẠM ĐÌNH KHANG,272,159,0.5846,111,2,2026-10-02 14:30:49
2288,51-HCM Hoc Mon/Nguyen Thi Soc Hub,in-house,Full-Time,148253,NGUYỄN SINH,219,123,0.5616,90,6,2026-10-02 14:30:49
2288,51-HCM Hoc Mon/Nguyen Thi Soc Hub,in-house,Full-Time,151243,HUỲNH VĂN THUẬN,232,127,0.5474,96,9,2026-10-02 14:30:49
2288,51-HCM Hoc Mon/Nguyen Thi Soc Hub,in-house,Full-Time,43451,ĐINH TRỌNG THÁI,123,70,0.5691,52,1,2026-10-02 14:30:49
2288,51-HCM Hoc Mon/Nguyen Thi Soc Hub,in-house,Full-Time,71881,LÊ MINH TRÍ,232,126,0.5431,102,4,2026-10-02 14:30:49
2288,51-HCM Hoc Mon/Nguyen Thi Soc Hub,in-house,Full-Time,111325,HUỲNH MINH NHỰT,240,129,0.5375,106,5,2026-10-02 14:30:49
2288,51-HCM Hoc Mon/Nguyen Thi Soc Hub,in-house,Full-Time,154452,MAI HUỲNH LONG,185,99,0.5351,82,4,2026-10-02 14:30:49
2288,51-HCM Hoc Mon/Nguyen Thi Soc Hub,in-house,Full-Time,61078,VŨ VĂN KHÁNH,316,167,0.5285,147,2,2026-10-02 14:30:49
2288,51-HCM Hoc Mon/Nguyen Thi Soc Hub,in-house,Full-Time,152049,HOÀNG TRIỆU KIM PHÁT,157,82,0.5223,75,0,2026-10-02 14:30:49
2288,51-HCM Hoc Mon/Nguyen Thi Soc Hub,in-house,Full-Time,144069,PHẠM LÊ MINH HIẾU,165,80,0.4848,82,3,2026-10-02 14:30:49
2288,51-HCM Hoc Mon/Nguyen Thi Soc Hub,in-house,Full-Time,33215,NGUYỄN ĐÌNH LAM,251,120,0.4781,130,1,2026-10-02 14:30:49
2288,51-HCM Hoc Mon/Nguyen Thi Soc Hub,in-house,Full-Time,66689,LÂM TẤN NGHĨA,208,79,0.3798,127,2,2026-10-02 14:30:49
2139,51-HCM Hoc Mon/Tan Thoi Nhi Hub,in-house,Full-Time,20336,ĐỖ QUỐC DŨNG,169,132,0.7811,31,6,2026-10-02 14:30:49
2139,51-HCM Hoc Mon/Tan Thoi Nhi Hub,in-house,Full-Time,102620,TRẦN HẢI DƯƠNG,243,177,0.7284,50,16,2026-10-02 14:30:49
2139,51-HCM Hoc Mon/Tan Thoi Nhi Hub,in-house,Full-Time,113316,PHAN NGỌC MINH,136,73,0.5368,59,4,2026-10-02 14:30:49
2139,51-HCM Hoc Mon/Tan Thoi Nhi Hub,in-house,Full-Time,66205,HUỲNH VĂN KHÁI,184,98,0.5326,83,3,2026-10-02 14:30:49
2139,51-HCM Hoc Mon/Tan Thoi Nhi Hub,in-house,Full-Time,113313,TRẦN CÔNG HOÀNG,209,91,0.4354,113,5,2026-10-02 14:30:49
2139,51-HCM Hoc Mon/Tan Thoi Nhi Hub,in-house,Full-Time,43487,TRƯƠNG TẤN TRIỆU,161,69,0.4286,90,2,2026-10-02 14:30:49
2139,51-HCM Hoc Mon/Tan Thoi Nhi Hub,in-house,Full-Time,113209,HUỲNH VĂN NAM,181,0,0,181,0,2026-10-02 14:30:49
5981,51-HCM Hoc Mon/Thi Tran Hub,in-house,Full-Time,77853,NGUYỄN QUỐC DÂN,166,161,0.9699,2,3,2026-10-02 14:30:49
5981,51-HCM Hoc Mon/Thi Tran Hub,in-house,Full-Time,91991,HUỲNH VĂN QUỐC THỊNH,154,150,0.974,2,2,2026-10-02 14:30:49
5981,51-HCM Hoc Mon/Thi Tran Hub,in-house,Full-Time,140093,DƯƠNG GIA HUY,112,109,0.9732,2,1,2026-10-02 14:30:49
5981,51-HCM Hoc Mon/Thi Tran Hub,in-house,Full-Time,19887,TRẦN QUỐC PHÚ,112,109,0.9732,3,0,2026-10-02 14:30:49
5981,51-HCM Hoc Mon/Thi Tran Hub,in-house,Full-Time,15084,HUỲNH TRẦN MINH TUYẾN,195,184,0.9436,9,2,2026-10-02 14:30:49
5981,51-HCM Hoc Mon/Thi Tran Hub,in-house,Full-Time,154198,PHẠM MINH SANG,114,102,0.8947,8,4,2026-10-02 14:30:49
5981,51-HCM Hoc Mon/Thi Tran Hub,in-house,Full-Time,145299,TÔ ANH KIỆT,96,83,0.8646,8,5,2026-10-02 14:30:49
5981,51-HCM Hoc Mon/Thi Tran Hub,in-house,Full-Time,88753,NGUYỄN TRẦN BẢO,91,79,0.8681,8,4,2026-10-02 14:30:49
5981,51-HCM Hoc Mon/Thi Tran Hub,in-house,Full-Time,138176,LÂM QUỐC THÁI,125,105,0.84,15,5,2026-10-02 14:30:49
5981,51-HCM Hoc Mon/Thi Tran Hub,in-house,Full-Time,132181,NGUYỄN PHƯỚC CƯỜNG,119,101,0.8487,17,1,2026-10-02 14:30:49
5981,51-HCM Hoc Mon/Thi Tran Hub,in-house,Full-Time,134923,TRẦN CHÍ ĐÔNG,138,109,0.7899,21,8,2026-10-02 14:30:49
5981,51-HCM Hoc Mon/Thi Tran Hub,in-house,Full-Time,98598,TRẦN ANH KHOA,145,114,0.7862,23,8,2026-10-02 14:30:49
5981,51-HCM Hoc Mon/Thi Tran Hub,in-house,Full-Time,101060,NGUYỄN TRUNG VŨ,170,131,0.7706,34,5,2026-10-02 14:30:49
5981,51-HCM Hoc Mon/Thi Tran Hub,in-house,Full-Time,89742,MAI THANH HÀ,210,126,0.6,79,5,2026-10-02 14:30:49
5981,51-HCM Hoc Mon/Thi Tran Hub,in-house,Full-Time,102198,LÂM TUẤN ANH,151,79,0.5232,70,2,2026-10-02 14:30:49
5981,51-HCM Hoc Mon/Thi Tran Hub,in-house,Full-Time,100254,LÝ KIM TÙNG,230,92,0.4,136,2,2026-10-02 14:30:49
5981,51-HCM Hoc Mon/Thi Tran Hub,in-house,Full-Time,140115,NGUYỄN MINH TRUNG,108,43,0.3981,64,1,2026-10-02 14:30:49
5981,51-HCM Hoc Mon/Thi Tran Hub,in-house,Full-Time,147964,NGUYỄN NHỨT TRÍ,115,24,0.2087,84,7,2026-10-02 14:30:49
4624,51-HCM Hoc Mon/Thoi Tam Thon Hub,in-house,Full-Time,75516,LÊ TẤN VŨ,164,154,0.939,10,0,2026-10-02 14:30:49
4624,51-HCM Hoc Mon/Thoi Tam Thon Hub,in-house,Full-Time,80920,NGŨ CẨM TÀI,208,189,0.9087,17,2,2026-10-02 14:30:49
4624,51-HCM Hoc Mon/Thoi Tam Thon Hub,in-house,Full-Time,71331,NGUYỄN VĂN PHƯƠNG,246,215,0.874,27,4,2026-10-02 14:30:49
4624,51-HCM Hoc Mon/Thoi Tam Thon Hub,in-house,Full-Time,119195,NGUYỄN HOÀNG NHÂN,156,130,0.8333,23,3,2026-10-02 14:30:49
4624,51-HCM Hoc Mon/Thoi Tam Thon Hub,in-house,Full-Time,101059,HOÀNG XUÂN ĐẠI DƯƠNG,183,145,0.7923,33,5,2026-10-02 14:30:49
4624,51-HCM Hoc Mon/Thoi Tam Thon Hub,in-house,Full-Time,107357,HUỲNH HỮU NHÂN,199,160,0.804,37,2,2026-10-02 14:30:49
4624,51-HCM Hoc Mon/Thoi Tam Thon Hub,in-house,Full-Time,122195,PHAN TRỌNG NHÂN,209,161,0.7703,41,7,2026-10-02 14:30:49
4624,51-HCM Hoc Mon/Thoi Tam Thon Hub,in-house,Full-Time,19830,NGUYỄN TRUNG THIỆN,171,121,0.7076,47,3,2026-10-02 14:30:49
4624,51-HCM Hoc Mon/Thoi Tam Thon Hub,in-house,Full-Time,4756,NGUYỄN TẤN HƯNG,210,148,0.7048,60,2,2026-10-02 14:30:49
4624,51-HCM Hoc Mon/Thoi Tam Thon Hub,in-house,Full-Time,91776,TRẦN LÂM,161,110,0.6832,49,2,2026-10-02 14:30:49
4624,51-HCM Hoc Mon/Thoi Tam Thon Hub,in-house,Full-Time,52432,NGUYỄN MINH VŨ,225,148,0.6578,74,3,2026-10-02 14:30:49
4624,51-HCM Hoc Mon/Thoi Tam Thon Hub,in-house,Full-Time,152859,PHẠM THANH TUẤN,128,82,0.6406,44,2,2026-10-02 14:30:49
4624,51-HCM Hoc Mon/Thoi Tam Thon Hub,in-house,Full-Time,44490,BÙI HOÀI NINH,191,115,0.6021,67,9,2026-10-02 14:30:49
4624,51-HCM Hoc Mon/Thoi Tam Thon Hub,in-house,Full-Time,30156,LÝ HOÀNG LONG,238,151,0.6345,86,1,2026-10-02 14:30:49
4624,51-HCM Hoc Mon/Thoi Tam Thon Hub,in-house,Full-Time,53263,TRẦN NHẤT NGỌC HẢI,190,116,0.6105,69,5,2026-10-02 14:30:49
4624,51-HCM Hoc Mon/Thoi Tam Thon Hub,in-house,Full-Time,143631,NGUYỄN TRƯỜNG GIANG,154,91,0.5909,56,7,2026-10-02 14:30:49
4624,51-HCM Hoc Mon/Thoi Tam Thon Hub,in-house,Full-Time,72155,NGUYỄN NHẬT HÀO,196,112,0.5714,78,6,2026-10-02 14:30:49
4624,51-HCM Hoc Mon/Thoi Tam Thon Hub,in-house,Full-Time,156461,LÊ PHAN HOÀI LINH,144,81,0.5625,60,3,2026-10-02 14:30:49
4624,51-HCM Hoc Mon/Thoi Tam Thon Hub,in-house,Full-Time,79595,NGUYỄN CÔNG DANH,213,105,0.493,93,15,2026-10-02 14:30:49
4624,51-HCM Hoc Mon/Thoi Tam Thon Hub,in-house,Full-Time,30907,TRẦN ANH TUẤN,177,79,0.4463,97,1,2026-10-02 14:30:49
4624,51-HCM Hoc Mon/Thoi Tam Thon Hub,in-house,Full-Time,117104,NGUYỄN ĐĂNG KHOA,406,167,0.4113,238,1,2026-10-02 14:30:49
4624,51-HCM Hoc Mon/Thoi Tam Thon Hub,in-house,Full-Time,69344,TRẦN ANH KHOA,0,0,0,0,0,2026-10-02 14:30:49
4624,51-HCM Hoc Mon/Thoi Tam Thon Hub,in-house,Full-Time,107268,NGUYỄN HOÀNG MINH ĐỨC,0,0,0,0,0,2026-10-02 14:30:49
4012,51-HCM Hoc Mon/Xuan Thoi Son Hub,in-house,Full-Time,8858,TRẦN DUY NGỌC,155,139,0.8968,0,16,2026-10-02 14:30:49
4012,51-HCM Hoc Mon/Xuan Thoi Son Hub,in-house,Full-Time,19741,ĐẶNG VÕ THANH TÚ,119,115,0.9664,0,4,2026-10-02 14:30:49
4012,51-HCM Hoc Mon/Xuan Thoi Son Hub,in-house,Full-Time,47002,NGUYỄN VĂN THUẬN,202,197,0.9752,0,5,2026-10-02 14:30:49
4012,51-HCM Hoc Mon/Xuan Thoi Son Hub,in-house,Full-Time,65221,HUỲNH VĂN HUY,229,228,0.9956,0,1,2026-10-02 14:30:49
4012,51-HCM Hoc Mon/Xuan Thoi Son Hub,in-house,Full-Time,121030,VÕ KIM VŨ,2,2,1,0,0,2026-10-02 14:30:49
4012,51-HCM Hoc Mon/Xuan Thoi Son Hub,in-house,Full-Time,153246,NGUYỄN CHÍ DỮNG,121,112,0.9256,0,9,2026-10-02 14:30:49
4012,51-HCM Hoc Mon/Xuan Thoi Son Hub,in-house,Full-Time,157799,ĐẶNG PHƯỚC LỘC,3,3,1,0,0,2026-10-02 14:30:49
4012,51-HCM Hoc Mon/Xuan Thoi Son Hub,in-house,Full-Time,84041,PHAN QUỐC CƯỜNG,224,220,0.9821,1,3,2026-10-02 14:30:49
4012,51-HCM Hoc Mon/Xuan Thoi Son Hub,in-house,Full-Time,35734,VÕ MINH HIẾU,266,250,0.9398,2,14,2026-10-02 14:30:49
4012,51-HCM Hoc Mon/Xuan Thoi Son Hub,in-house,Full-Time,7598,LÝ ĐẠI LONG,136,123,0.9044,9,4,2026-10-02 14:30:49
4012,51-HCM Hoc Mon/Xuan Thoi Son Hub,in-house,Full-Time,125901,PHẠM NGỌC TUẤN VŨ,165,148,0.897,12,5,2026-10-02 14:30:49
4012,51-HCM Hoc Mon/Xuan Thoi Son Hub,in-house,Full-Time,140087,CHÂU THÀNH VINH,128,112,0.875,15,1,2026-10-02 14:30:49
4012,51-HCM Hoc Mon/Xuan Thoi Son Hub,in-house,Full-Time,59606,LÊ CÔNG BẢO KHOA,161,140,0.8696,19,2,2026-10-02 14:30:49
4012,51-HCM Hoc Mon/Xuan Thoi Son Hub,in-house,Full-Time,92497,NGUYỄN DUY TIẾN,239,208,0.8703,31,0,2026-10-02 14:30:49
4012,51-HCM Hoc Mon/Xuan Thoi Son Hub,in-house,Full-Time,61993,MAI TRƯƠNG ĐẠI LỘC,160,122,0.7625,24,14,2026-10-02 14:30:49
4012,51-HCM Hoc Mon/Xuan Thoi Son Hub,in-house,Full-Time,75828,BÙI PHƯƠNG NGUYÊN,197,158,0.802,30,9,2026-10-02 14:30:49
4012,51-HCM Hoc Mon/Xuan Thoi Son Hub,in-house,Full-Time,113069,PHẠM ĐĂNG KHOA,155,127,0.8194,24,4,2026-10-02 14:30:49
4012,51-HCM Hoc Mon/Xuan Thoi Son Hub,in-house,Full-Time,145289,TRẦN VĂN NGUYÊN,133,106,0.797,25,2,2026-10-02 14:30:49
4012,51-HCM Hoc Mon/Xuan Thoi Son Hub,in-house,Full-Time,71452,NGUYỄN THÀNH PHÁT,234,181,0.7735,49,4,2026-10-02 14:30:49
4012,51-HCM Hoc Mon/Xuan Thoi Son Hub,in-house,Full-Time,44251,NGUYỄN QUỐC BẢO,250,193,0.772,53,4,2026-10-02 14:30:49
4012,51-HCM Hoc Mon/Xuan Thoi Son Hub,in-house,Full-Time,110167,TÔ VĂN HIỂN,168,128,0.7619,39,1,2026-10-02 14:30:49
4012,51-HCM Hoc Mon/Xuan Thoi Son Hub,in-house,Full-Time,161986,BÀNG QUỐC PHÚ,109,75,0.6881,30,4,2026-10-02 14:30:49
4012,51-HCM Hoc Mon/Xuan Thoi Son Hub,in-house,Full-Time,72594,LỤC KHẢI MINH,244,158,0.6475,83,3,2026-10-02 14:30:49
1775,51-HCM Hoc Mon/Xuan Thoi Thuong Hub,in-house,Full-Time,8856,VÕ NGỌC TÂN,215,207,0.9628,3,5,2026-10-02 14:30:49
1775,51-HCM Hoc Mon/Xuan Thoi Thuong Hub,in-house,Full-Time,163293,HOÀNG TRIỆU PHÚC,58,55,0.9483,1,2,2026-10-02 14:30:49
1775,51-HCM Hoc Mon/Xuan Thoi Thuong Hub,in-house,Full-Time,85484,NGUYỄN TRƯỜNG HUY,216,204,0.9444,8,4,2026-10-02 14:30:49
1775,51-HCM Hoc Mon/Xuan Thoi Thuong Hub,in-house,Full-Time,74190,NGUYỄN ĐÌNH ANH TUẤN,115,103,0.8957,7,5,2026-10-02 14:30:49
1775,51-HCM Hoc Mon/Xuan Thoi Thuong Hub,in-house,Full-Time,45771,NGUYỄN TIẾN ĐẠT,171,146,0.8588,17,7,2026-10-02 14:30:49
1775,51-HCM Hoc Mon/Xuan Thoi Thuong Hub,in-house,Full-Time,5717,TRƯƠNG CHÍ LINH,172,134,0.7791,33,5,2026-10-02 14:30:49
1775,51-HCM Hoc Mon/Xuan Thoi Thuong Hub,in-house,Full-Time,47003,HUỲNH ĐẠT,203,163,0.803,39,1,2026-10-02 14:30:49
1775,51-HCM Hoc Mon/Xuan Thoi Thuong Hub,in-house,Full-Time,10604,TRẦN VĂN HUY,95,71,0.7474,23,1,2026-10-02 14:30:49
1775,51-HCM Hoc Mon/Xuan Thoi Thuong Hub,in-house,Full-Time,12620,ĐỖ MINH TIẾN,88,61,0.6932,25,2,2026-10-02 14:30:49
1775,51-HCM Hoc Mon/Xuan Thoi Thuong Hub,in-house,Full-Time,10742,TRẦN PHƯƠNG THẮNG,180,111,0.6167,64,5,2026-10-02 14:30:49
1775,51-HCM Hoc Mon/Xuan Thoi Thuong Hub,in-house,Full-Time,23672,TRẦN TIẾN PHÁT,189,115,0.6085,69,5,2026-10-02 14:30:49
1775,51-HCM Hoc Mon/Xuan Thoi Thuong Hub,in-house,Full-Time,130060,NGUYỄN THÀNH TÂM,170,96,0.5647,67,7,2026-10-02 14:30:49
1775,51-HCM Hoc Mon/Xuan Thoi Thuong Hub,in-house,Full-Time,93405,BÙI THÁI HIỂN,166,97,0.5843,67,2,2026-10-02 14:30:49
1775,51-HCM Hoc Mon/Xuan Thoi Thuong Hub,in-house,Full-Time,126774,TRẦN ĐỨC DŨNG,104,55,0.5288,47,2,2026-10-02 14:30:49
1775,51-HCM Hoc Mon/Xuan Thoi Thuong Hub,in-house,Full-Time,50158,TRẦN ĐẠI NAM,211,103,0.4882,102,6,2026-10-02 14:30:49
1775,51-HCM Hoc Mon/Xuan Thoi Thuong Hub,in-house,Full-Time,9580,TRẦN VĂN HIẾU,214,99,0.4626,111,4,2026-10-02 14:30:49
1775,51-HCM Hoc Mon/Xuan Thoi Thuong Hub,in-house,Full-Time,115513,HUỲNH CHÍ THÀNH,106,51,0.4811,55,0,2026-10-02 14:30:49
1775,51-HCM Hoc Mon/Xuan Thoi Thuong Hub,in-house,Full-Time,89864,BÙI HOÀNG LÂM,168,75,0.4464,88,5,2026-10-02 14:30:49
1775,51-HCM Hoc Mon/Xuan Thoi Thuong Hub,in-house,Full-Time,86265,TRẦN PHƯƠNG QUANG,198,83,0.4192,104,11,2026-10-02 14:30:49
5819,51-HCM Nha Be/Hiep Phuoc Hub,in-house,Full-Time,25424,NGUYỄN HUỲNH ĐÔNG,159,136,0.8553,20,3,2026-10-02 14:30:49
5819,51-HCM Nha Be/Hiep Phuoc Hub,in-house,Full-Time,125221,LƯU QUỐC VĨNH,202,123,0.6089,71,8,2026-10-02 14:30:49
5819,51-HCM Nha Be/Hiep Phuoc Hub,in-house,Full-Time,51863,NGUYỄN TUẤN HOÀNG,275,155,0.5636,117,3,2026-10-02 14:30:49
5819,51-HCM Nha Be/Hiep Phuoc Hub,in-house,Full-Time,150204,PHẠM VÕ THIÊN ĐĂNG,140,50,0.3571,86,4,2026-10-02 14:30:49
5819,51-HCM Nha Be/Hiep Phuoc Hub,in-house,Full-Time,152047,TRƯƠNG THANH PHƯƠNG,116,34,0.2931,81,1,2026-10-02 14:30:49
5819,51-HCM Nha Be/Hiep Phuoc Hub,in-house,Full-Time,138165,NGUYỄN CHÍ LINH,0,0,0,0,0,2026-10-02 14:30:49
2423,51-HCM Nha Be/Phu Xuan Hub,in-house,Full-Time,153025,NGÔ HOÀNG TÂM,14,13,0.9286,0,1,2026-10-02 14:30:49
2423,51-HCM Nha Be/Phu Xuan Hub,in-house,Full-Time,148080,ĐINH HỒNG LINH,182,152,0.8352,25,5,2026-10-02 14:30:49
2423,51-HCM Nha Be/Phu Xuan Hub,in-house,Full-Time,59236,PHẠM KHÁNH DUY,362,289,0.7983,65,8,2026-10-02 14:30:49
2423,51-HCM Nha Be/Phu Xuan Hub,in-house,Full-Time,149434,PHẠM XUÂN VŨ,222,172,0.7748,42,8,2026-10-02 14:30:49
2423,51-HCM Nha Be/Phu Xuan Hub,in-house,Full-Time,97504,TRẦN CÔNG DANH,228,179,0.7851,45,4,2026-10-02 14:30:49
2423,51-HCM Nha Be/Phu Xuan Hub,in-house,Full-Time,161470,NGUYỄN THÀNH TRUNG,110,77,0.7,22,11,2026-10-02 14:30:49
2423,51-HCM Nha Be/Phu Xuan Hub,in-house,Full-Time,147074,NGUYỄN TRUNG ĐỊNH,258,194,0.7519,56,8,2026-10-02 14:30:49
2423,51-HCM Nha Be/Phu Xuan Hub,in-house,Full-Time,18325,MAI TUẤN VỸ,235,176,0.7489,53,6,2026-10-02 14:30:49
2423,51-HCM Nha Be/Phu Xuan Hub,in-house,Full-Time,7153,TRẦN HOÀI PHƯƠNG,267,203,0.7603,63,1,2026-10-02 14:30:49
2423,51-HCM Nha Be/Phu Xuan Hub,in-house,Full-Time,152120,HUỲNH NGỌC LÂM,187,135,0.7219,48,4,2026-10-02 14:30:49
2423,51-HCM Nha Be/Phu Xuan Hub,in-house,Full-Time,68015,NGUYỄN CHÍ TÂM,247,181,0.7328,64,2,2026-10-02 14:30:49
2423,51-HCM Nha Be/Phu Xuan Hub,in-house,Full-Time,73063,NGUYỄN THÁI TIẾN,147,104,0.7075,39,4,2026-10-02 14:30:49
2423,51-HCM Nha Be/Phu Xuan Hub,in-house,Full-Time,130536,NGUYỄN THÀNH HIỆP,210,142,0.6762,58,10,2026-10-02 14:30:49
2423,51-HCM Nha Be/Phu Xuan Hub,in-house,Full-Time,155808,LƯU NHẬT HUY,153,102,0.6667,45,6,2026-10-02 14:30:49
2423,51-HCM Nha Be/Phu Xuan Hub,in-house,Full-Time,151244,HUỲNH HOÀNG HẢI,216,146,0.6759,68,2,2026-10-02 14:30:49
2423,51-HCM Nha Be/Phu Xuan Hub,in-house,Full-Time,155166,BÙI TIẾN MẠNH,179,96,0.5363,57,26,2026-10-02 14:30:49
2423,51-HCM Nha Be/Phu Xuan Hub,in-house,Full-Time,93134,NGUYỄN THANH NHÃ,228,150,0.6579,76,2,2026-10-02 14:30:49
2423,51-HCM Nha Be/Phu Xuan Hub,in-house,Full-Time,54634,NGUYỄN TUẤN VŨ,284,183,0.6444,96,5,2026-10-02 14:30:49
2423,51-HCM Nha Be/Phu Xuan Hub,in-house,Full-Time,146156,NGUYỄN MINH PHONG,259,167,0.6448,90,2,2026-10-02 14:30:49
2423,51-HCM Nha Be/Phu Xuan Hub,in-house,Full-Time,46785,TRẦN ĐỨC PHƯƠNG,230,145,0.6304,83,2,2026-10-02 14:30:49
2423,51-HCM Nha Be/Phu Xuan Hub,in-house,Full-Time,149784,LƯƠNG HOÀNG LONG,249,152,0.6104,92,5,2026-10-02 14:30:49
2423,51-HCM Nha Be/Phu Xuan Hub,in-house,Full-Time,149432,NGUYỄN HỮU VINH,243,149,0.6132,92,2,2026-10-02 14:30:49
2423,51-HCM Nha Be/Phu Xuan Hub,in-house,Full-Time,150587,VÕ ĐẠI THẮNG,242,142,0.5868,95,5,2026-10-02 14:30:49
2423,51-HCM Nha Be/Phu Xuan Hub,in-house,Full-Time,154311,NGUYỄN PHỤC LONG,210,127,0.6048,83,0,2026-10-02 14:30:49
2423,51-HCM Nha Be/Phu Xuan Hub,in-house,Full-Time,156304,NGUYỄN HOÀNG KHA,132,72,0.5455,58,2,2026-10-02 14:30:49
2423,51-HCM Nha Be/Phu Xuan Hub,in-house,Full-Time,29735,HUỲNH CÔNG ĐẠT,215,111,0.5163,100,4,2026-10-02 14:30:49
2423,51-HCM Nha Be/Phu Xuan Hub,in-house,Full-Time,33649,TRẦN TỴ,202,102,0.505,98,2,2026-10-02 14:30:49
2423,51-HCM Nha Be/Phu Xuan Hub,in-house,Full-Time,133076,NGUYỄN THIÊN TƯỜNG,164,10,0.061,126,28,2026-10-02 14:30:49
2019,51-HCM Nha Be/Phuoc Kien Hub,in-house,Full-Time,52769,PHẠM VĂN LỢI,148,145,0.9797,0,3,2026-10-02 14:30:49
2019,51-HCM Nha Be/Phuoc Kien Hub,in-house,Full-Time,100524,TRƯƠNG MINH DŨNG,141,140,0.9929,0,1,2026-10-02 14:30:49
2019,51-HCM Nha Be/Phuoc Kien Hub,in-house,Full-Time,66677,TRẦN HỮU HÒA,194,193,0.9948,1,0,2026-10-02 14:30:49
2019,51-HCM Nha Be/Phuoc Kien Hub,in-house,Full-Time,6546,NGUYỄN NGỌC TÂM,357,339,0.9496,2,16,2026-10-02 14:30:49
2019,51-HCM Nha Be/Phuoc Kien Hub,in-house,Full-Time,140080,NGUYỄN KHẮC HUY,198,193,0.9747,3,2,2026-10-02 14:30:49
2019,51-HCM Nha Be/Phuoc Kien Hub,in-house,Full-Time,145288,NGUYỄN PHẠM PHÚC THỊNH,64,59,0.9219,1,4,2026-10-02 14:30:49
2019,51-HCM Nha Be/Phuoc Kien Hub,in-house,Full-Time,161331,NGUYỄN HỮU NHÂN,62,48,0.7742,1,13,2026-10-02 14:30:49
2019,51-HCM Nha Be/Phuoc Kien Hub,in-house,Full-Time,130380,TỐNG MẠNH HUY,249,223,0.8956,7,19,2026-10-02 14:30:49
2019,51-HCM Nha Be/Phuoc Kien Hub,in-house,Full-Time,29509,ĐOÀN CÔNG CƯỜNG,116,105,0.9052,4,7,2026-10-02 14:30:49
2019,51-HCM Nha Be/Phuoc Kien Hub,in-house,Full-Time,159641,VÕ TRUNG NHÂN,64,56,0.875,4,4,2026-10-02 14:30:49
2019,51-HCM Nha Be/Phuoc Kien Hub,in-house,Full-Time,16178,VÕ TIẾN DŨNG,289,256,0.8858,22,11,2026-10-02 14:30:49
2019,51-HCM Nha Be/Phuoc Kien Hub,in-house,Full-Time,162112,ĐOÀN MINH HƯNG,77,66,0.8571,6,5,2026-10-02 14:30:49
2019,51-HCM Nha Be/Phuoc Kien Hub,in-house,Full-Time,161047,TRƯƠNG ĐỨC TÀI,137,120,0.8759,11,6,2026-10-02 14:30:49
2019,51-HCM Nha Be/Phuoc Kien Hub,in-house,Full-Time,59697,HUỲNH VĂN CƯỜNG,173,154,0.8902,19,0,2026-10-02 14:30:49
2019,51-HCM Nha Be/Phuoc Kien Hub,in-house,Full-Time,144300,TRẦN NGUYỄN ANH LÂN,161,136,0.8447,18,7,2026-10-02 14:30:49
2019,51-HCM Nha Be/Phuoc Kien Hub,in-house,Full-Time,44785,SƠN KIẾN TÀI,212,185,0.8726,24,3,2026-10-02 14:30:49
2019,51-HCM Nha Be/Phuoc Kien Hub,in-house,Full-Time,53933,PHẠM VĂN MINH,151,125,0.8278,19,7,2026-10-02 14:30:49
2019,51-HCM Nha Be/Phuoc Kien Hub,in-house,Full-Time,86158,PHẠM TUẤN THANH,310,261,0.8419,40,9,2026-10-02 14:30:49
2019,51-HCM Nha Be/Phuoc Kien Hub,in-house,Full-Time,54020,NGUYỄN NGỌC TRUYỀN,185,151,0.8162,24,10,2026-10-02 14:30:49
2019,51-HCM Nha Be/Phuoc Kien Hub,in-house,Full-Time,105109,ĐOÀN CÔNG MỸ,197,165,0.8376,27,5,2026-10-02 14:30:49
2019,51-HCM Nha Be/Phuoc Kien Hub,in-house,Full-Time,6547,DIỆP QUỐC VINH,216,178,0.8241,34,4,2026-10-02 14:30:49
2019,51-HCM Nha Be/Phuoc Kien Hub,in-house,Full-Time,145103,PHỒNG TRƯỜNG VŨ,185,144,0.7784,33,8,2026-10-02 14:30:49
2019,51-HCM Nha Be/Phuoc Kien Hub,in-house,Full-Time,73059,HUỲNH MINH THUẬN,217,164,0.7558,42,11,2026-10-02 14:30:49
2019,51-HCM Nha Be/Phuoc Kien Hub,in-house,Full-Time,117616,ĐỖ TUẤN KIỆT,229,177,0.7729,45,7,2026-10-02 14:30:49
2019,51-HCM Nha Be/Phuoc Kien Hub,in-house,Full-Time,130532,NGUYỄN TUẤN KIỆT,287,223,0.777,58,6,2026-10-02 14:30:49
2019,51-HCM Nha Be/Phuoc Kien Hub,in-house,Full-Time,94772,ĐẶNG DUY QUANG,238,179,0.7521,51,8,2026-10-02 14:30:49
2019,51-HCM Nha Be/Phuoc Kien Hub,in-house,Full-Time,2543,DIỆP BẢO NGỌC,310,230,0.7419,69,11,2026-10-02 14:30:49
2019,51-HCM Nha Be/Phuoc Kien Hub,in-house,Full-Time,105111,THẠCH GIA BẢO,104,73,0.7019,24,7,2026-10-02 14:30:49
2019,51-HCM Nha Be/Phuoc Kien Hub,in-house,Full-Time,160006,LÊ PHƯƠNG HẢI,200,131,0.655,47,22,2026-10-02 14:30:49
2019,51-HCM Nha Be/Phuoc Kien Hub,in-house,Full-Time,52890,CAO HỮU THẮNG,256,189,0.7383,61,6,2026-10-02 14:30:49
2019,51-HCM Nha Be/Phuoc Kien Hub,in-house,Full-Time,8392,LÊ QUANG THÁI,132,92,0.697,34,6,2026-10-02 14:30:49
2019,51-HCM Nha Be/Phuoc Kien Hub,in-house,Full-Time,117621,PHẠM THANH NHÀN,129,87,0.6744,35,7,2026-10-02 14:30:49
2019,51-HCM Nha Be/Phuoc Kien Hub,in-house,Full-Time,153242,PHAN ANH TOÀN,184,115,0.625,51,18,2026-10-02 14:30:49
2019,51-HCM Nha Be/Phuoc Kien Hub,in-house,Full-Time,151251,MAI THANH THÀNH,187,127,0.6791,54,6,2026-10-02 14:30:49
2019,51-HCM Nha Be/Phuoc Kien Hub,in-house,Full-Time,86498,NGUYỄN QUYẾT TIẾN,320,219,0.6844,93,8,2026-10-02 14:30:49
2019,51-HCM Nha Be/Phuoc Kien Hub,in-house,Full-Time,161043,THÁI LÊ MINH THANH,88,60,0.6818,27,1,2026-10-02 14:30:49
2019,51-HCM Nha Be/Phuoc Kien Hub,in-house,Full-Time,163287,ĐẶNG GIA THÍCH,101,60,0.5941,37,4,2026-10-02 14:30:49
2019,51-HCM Nha Be/Phuoc Kien Hub,in-house,Full-Time,93674,HOÀNG THỊ TƯ,35,22,0.6286,13,0,2026-10-02 14:30:49
2019,51-HCM Nha Be/Phuoc Kien Hub,in-house,Full-Time,157575,NGUYỄN QUỐC ĐỨC,210,126,0.6,78,6,2026-10-02 14:30:49
2019,51-HCM Nha Be/Phuoc Kien Hub,in-house,Full-Time,161983,VŨ DUY KHANG,169,92,0.5444,68,9,2026-10-02 14:30:49
2019,51-HCM Nha Be/Phuoc Kien Hub,in-house,Full-Time,162619,NGUYỄN TẤN TRỌNG,80,39,0.4875,34,7,2026-10-02 14:30:49
2019,51-HCM Nha Be/Phuoc Kien Hub,in-house,Full-Time,68657,LÊ TUẤN KIỆT,168,81,0.4821,72,15,2026-10-02 14:30:49
2019,51-HCM Nha Be/Phuoc Kien Hub,in-house,Full-Time,160016,TRANG SĨ NGUYÊN,154,53,0.3442,88,13,2026-10-02 14:30:49
2019,51-HCM Nha Be/Phuoc Kien Hub,in-house,Full-Time,149676,NGÔ TRÚC GIANG,251,96,0.3825,146,9,2026-10-02 14:30:49
2019,51-HCM Nha Be/Phuoc Kien Hub,in-house,Full-Time,56589,PHẠM NGỌC VẼ VANG,129,50,0.3876,78,1,2026-10-02 14:30:49
2019,51-HCM Nha Be/Phuoc Kien Hub,in-house,Full-Time,153568,NGUYỄN TRUNG KIÊN,140,44,0.3143,90,6,2026-10-02 14:30:49
2019,51-HCM Nha Be/Phuoc Kien Hub,in-house,Full-Time,143247,TRẦN NAM KHA,245,73,0.298,160,12,2026-10-02 14:30:49
2019,51-HCM Nha Be/Phuoc Kien Hub,in-house,Full-Time,145710,NGUYỄN TÀI,126,16,0.127,110,0,2026-10-02 14:30:49
2291,51-HCM Phu Nhuan/Phan Xich Long Hub,in-house,Full-Time,22884,TRỊNH MINH PHÁT,247,235,0.9514,0,12,2026-10-02 14:30:49
2291,51-HCM Phu Nhuan/Phan Xich Long Hub,in-house,Full-Time,41828,PHẠM HOÀNG HẢI,174,166,0.954,0,8,2026-10-02 14:30:49
2291,51-HCM Phu Nhuan/Phan Xich Long Hub,in-house,Full-Time,76968,NGUYỄN TRẦN HOÀNG VŨ,6,6,1,0,0,2026-10-02 14:30:49
2291,51-HCM Phu Nhuan/Phan Xich Long Hub,in-house,Full-Time,48970,NGUYỄN QUỐC ĐAN BI,212,203,0.9575,3,6,2026-10-02 14:30:49
2291,51-HCM Phu Nhuan/Phan Xich Long Hub,in-house,Full-Time,8293,TRẦN TỬ PHÁT,151,138,0.9139,8,5,2026-10-02 14:30:49
2291,51-HCM Phu Nhuan/Phan Xich Long Hub,in-house,Full-Time,16618,PHẠM BÁ HUỲNH,264,230,0.8712,26,8,2026-10-02 14:30:49
2291,51-HCM Phu Nhuan/Phan Xich Long Hub,in-house,Full-Time,7252,LÔ BẠCH TỬ THANH,268,206,0.7687,53,9,2026-10-02 14:30:49
2291,51-HCM Phu Nhuan/Phan Xich Long Hub,in-house,Full-Time,67016,HÀ TRÍ QUYỀN,307,176,0.5733,89,42,2026-10-02 14:30:49
2291,51-HCM Phu Nhuan/Phan Xich Long Hub,in-house,Full-Time,19779,VÕ MINH NHỰT,197,125,0.6345,66,6,2026-10-02 14:30:49
2291,51-HCM Phu Nhuan/Phan Xich Long Hub,in-house,Full-Time,40902,ĐÁI HUỲNH ĐỨC NHÃ,315,162,0.5143,152,1,2026-10-02 14:30:49
2291,51-HCM Phu Nhuan/Phan Xich Long Hub,in-house,Full-Time,20025,MAI ANH KHOA,261,85,0.3257,175,1,2026-10-02 14:30:49
2291,51-HCM Phu Nhuan/Phan Xich Long Hub,in-house,Full-Time,25053,TRẦN HOÀI PHI,209,53,0.2536,154,2,2026-10-02 14:30:49
2379,51-HCM Phu Nhuan/Truong Sa Hub,in-house,Full-Time,4825,PHẠM MINH HIỆP,211,210,0.9953,0,1,2026-10-02 14:30:49
2379,51-HCM Phu Nhuan/Truong Sa Hub,in-house,Full-Time,149962,TRẦN ĐỨC MẠNH,217,209,0.9631,1,7,2026-10-02 14:30:49
2379,51-HCM Phu Nhuan/Truong Sa Hub,in-house,Full-Time,145436,HOÀNG ANH TUẤN,182,166,0.9121,16,0,2026-10-02 14:30:49
2379,51-HCM Phu Nhuan/Truong Sa Hub,in-house,Full-Time,147878,NGUYỄN THANH HƯƠNG,170,147,0.8647,20,3,2026-10-02 14:30:49
2379,51-HCM Phu Nhuan/Truong Sa Hub,in-house,Full-Time,123886,BÙI VĂN SĨ,212,181,0.8538,28,3,2026-10-02 14:30:49
2379,51-HCM Phu Nhuan/Truong Sa Hub,in-house,Full-Time,155446,ĐỖ TUẤN ANH,190,150,0.7895,36,4,2026-10-02 14:30:49
2379,51-HCM Phu Nhuan/Truong Sa Hub,in-house,Full-Time,80583,TRẦN VŨ QUANG,252,176,0.6984,65,11,2026-10-02 14:30:49
4229,51-HCM PN/Cau Kieu Hub,in-house,Full-Time,8400,CAO HUY,250,221,0.884,18,11,2026-10-02 14:30:49
4229,51-HCM PN/Cau Kieu Hub,in-house,Full-Time,145433,TRẦN THÀNH NHÂN,209,167,0.799,33,9,2026-10-02 14:30:49
4229,51-HCM PN/Cau Kieu Hub,in-house,Full-Time,116405,TRỊNH HOÀI ĐỨC,197,156,0.7919,36,5,2026-10-02 14:30:49
4229,51-HCM PN/Cau Kieu Hub,in-house,Full-Time,5423,ĐÀO ANH TUẤN,191,148,0.7749,35,8,2026-10-02 14:30:49
4229,51-HCM PN/Cau Kieu Hub,in-house,Full-Time,82095,ĐINH THÀNH ĐẠT,213,170,0.7981,40,3,2026-10-02 14:30:49
4229,51-HCM PN/Cau Kieu Hub,in-house,Full-Time,22658,NGUYỄN THÀNH LONG,231,174,0.7532,44,13,2026-10-02 14:30:49
4229,51-HCM PN/Cau Kieu Hub,in-house,Full-Time,129190,TRƯƠNG THÀNH ĐẠT,120,94,0.7833,25,1,2026-10-02 14:30:49
4229,51-HCM PN/Cau Kieu Hub,in-house,Full-Time,18726,PHẠM VĂN PHÁN,293,225,0.7679,63,5,2026-10-02 14:30:49
4229,51-HCM PN/Cau Kieu Hub,in-house,Full-Time,11761,HUỲNH THANH SANG,263,186,0.7072,63,14,2026-10-02 14:30:49
4229,51-HCM PN/Cau Kieu Hub,in-house,Full-Time,22721,HOÀNG VŨ LINH,219,128,0.5845,90,1,2026-10-02 14:30:49
4229,51-HCM PN/Cau Kieu Hub,in-house,Full-Time,33759,LẠI ANH TÀI,218,122,0.5596,92,4,2026-10-02 14:30:49
4229,51-HCM PN/Cau Kieu Hub,in-house,Full-Time,79750,ĐOÀN HUY ĐĂNG,239,111,0.4644,126,2,2026-10-02 14:30:49
5023,51-HCM Tan Binh/Bay Hien Hub,in-house,Full-Time,49816,HOÀNG MINH KHA,151,117,0.7748,0,34,2026-10-02 14:30:50
5023,51-HCM Tan Binh/Bay Hien Hub,in-house,Full-Time,78266,HOÀNG TRUNG NAM,154,150,0.974,0,4,2026-10-02 14:30:50
5023,51-HCM Tan Binh/Bay Hien Hub,in-house,Full-Time,873,NGUYỄN PHƯỚC HAI,173,164,0.948,4,5,2026-10-02 14:30:50
5023,51-HCM Tan Binh/Bay Hien Hub,in-house,Full-Time,158319,HUỲNH HOÀNG PHÚC,160,150,0.9375,5,5,2026-10-02 14:30:50
5023,51-HCM Tan Binh/Bay Hien Hub,in-house,Full-Time,78426,TRẦN MINH TRƯỜNG,187,173,0.9251,10,4,2026-10-02 14:30:50
5023,51-HCM Tan Binh/Bay Hien Hub,in-house,Full-Time,52706,TRẦN XUÂN QUYỀN,174,141,0.8103,24,9,2026-10-02 14:30:50
5023,51-HCM Tan Binh/Bay Hien Hub,in-house,Full-Time,31786,HỒ TIỂU BẢO,285,232,0.814,52,1,2026-10-02 14:30:50
5023,51-HCM Tan Binh/Bay Hien Hub,in-house,Full-Time,316,LÂM THÀNH PHƯỢNG,141,108,0.766,28,5,2026-10-02 14:30:50
5023,51-HCM Tan Binh/Bay Hien Hub,in-house,Full-Time,31828,NGUYỄN QUỐC KHA,226,172,0.7611,51,3,2026-10-02 14:30:50
5023,51-HCM Tan Binh/Bay Hien Hub,in-house,Full-Time,22869,NGUYỄN QUỐC ĐỊNH,162,123,0.7593,37,2,2026-10-02 14:30:50
5023,51-HCM Tan Binh/Bay Hien Hub,in-house,Full-Time,18375,NGUYỄN NGỌC KHANG,242,176,0.7273,56,10,2026-10-02 14:30:50
5023,51-HCM Tan Binh/Bay Hien Hub,in-house,Full-Time,33035,ĐẶNG TẤN NHỰT,334,249,0.7455,81,4,2026-10-02 14:30:50
5023,51-HCM Tan Binh/Bay Hien Hub,in-house,Full-Time,158803,NGUYỄN HỒNG PHÁT,144,106,0.7361,36,2,2026-10-02 14:30:50
5023,51-HCM Tan Binh/Bay Hien Hub,in-house,Full-Time,10230,NGUYỄN PHONG PHÚ,67,41,0.6119,20,6,2026-10-02 14:30:50
5023,51-HCM Tan Binh/Bay Hien Hub,in-house,Full-Time,88078,NGUYỄN NHẬT THIÊN,280,179,0.6393,88,13,2026-10-02 14:30:50
5023,51-HCM Tan Binh/Bay Hien Hub,in-house,Full-Time,53759,PHẠM THẾ PHƯỚC,327,217,0.6636,107,3,2026-10-02 14:30:50
5023,51-HCM Tan Binh/Bay Hien Hub,in-house,Full-Time,32685,TRẦN VĂN TƯƠI,337,188,0.5579,133,16,2026-10-02 14:30:50
5023,51-HCM Tan Binh/Bay Hien Hub,in-house,Full-Time,34623,ĐÀO VŨ ANH KỲ,395,189,0.4785,195,11,2026-10-02 14:30:50
5023,51-HCM Tan Binh/Bay Hien Hub,in-house,Full-Time,72596,TRẦN NGỌC QUÝ,440,213,0.4841,224,3,2026-10-02 14:30:50
5023,51-HCM Tan Binh/Bay Hien Hub,in-house,Full-Time,7955,LÊ LONG ĐỈNH,271,95,0.3506,176,0,2026-10-02 14:30:50
2238,51-HCM Tan Binh/Phuong 14 Hub,in-house,Full-Time,18995,LÊ HOÀNG CÔNG THÀNH,185,176,0.9514,0,9,2026-10-02 14:30:50
2238,51-HCM Tan Binh/Phuong 14 Hub,in-house,Full-Time,27889,TRẦN LỘC SƠN,197,196,0.9949,0,1,2026-10-02 14:30:50
2238,51-HCM Tan Binh/Phuong 14 Hub,in-house,Full-Time,34569,LÝ THÁI PHÁT,191,174,0.911,0,17,2026-10-02 14:30:50
2238,51-HCM Tan Binh/Phuong 14 Hub,in-house,Full-Time,71750,NGUYỄN TUẤN VŨ,116,110,0.9483,0,6,2026-10-02 14:30:50
2238,51-HCM Tan Binh/Phuong 14 Hub,in-house,Full-Time,136137,VŨ CÔNG HƯNG,131,119,0.9084,0,12,2026-10-02 14:30:50
2238,51-HCM Tan Binh/Phuong 14 Hub,in-house,Full-Time,919,HOÀNG HỒNG ÂN,253,244,0.9644,1,8,2026-10-02 14:30:50
2238,51-HCM Tan Binh/Phuong 14 Hub,in-house,Full-Time,8071,TRẦN HỮU LỢI,233,227,0.9742,1,5,2026-10-02 14:30:50
2238,51-HCM Tan Binh/Phuong 14 Hub,in-house,Full-Time,5749,PHAN QUANG VĂN,187,177,0.9465,1,9,2026-10-02 14:30:50
2238,51-HCM Tan Binh/Phuong 14 Hub,in-house,Full-Time,71871,NGUYỄN ANH TRÍ,200,186,0.93,2,12,2026-10-02 14:30:50
2238,51-HCM Tan Binh/Phuong 14 Hub,in-house,Full-Time,21382,NGUYỄN TRÁC TRUNG HIẾU,193,187,0.9689,3,3,2026-10-02 14:30:50
2238,51-HCM Tan Binh/Phuong 14 Hub,in-house,Full-Time,161985,LẠI ĐỨC ANH,122,117,0.959,3,2,2026-10-02 14:30:50
2238,51-HCM Tan Binh/Phuong 14 Hub,in-house,Full-Time,12757,NGUYỄN HOÀNG KHÁNH,229,209,0.9127,16,4,2026-10-02 14:30:50
2238,51-HCM Tan Binh/Phuong 14 Hub,in-house,Full-Time,26911,ĐINH QUỐC MINH,231,190,0.8225,27,14,2026-10-02 14:30:50
2238,51-HCM Tan Binh/Phuong 14 Hub,in-house,Full-Time,3827,TRẦN MINH TRÍ,238,206,0.8655,32,0,2026-10-02 14:30:50
2238,51-HCM Tan Binh/Phuong 14 Hub,in-house,Full-Time,99000,VOÒNG BẢO QUYỀN,186,158,0.8495,27,1,2026-10-02 14:30:50
2238,51-HCM Tan Binh/Phuong 14 Hub,in-house,Full-Time,156222,NGUYỄN ẢNH MINH,185,150,0.8108,34,1,2026-10-02 14:30:50
2238,51-HCM Tan Binh/Phuong 14 Hub,in-house,Full-Time,26450,HUỲNH KIẾN PHƯỚC,329,248,0.7538,79,2,2026-10-02 14:30:50
2238,51-HCM Tan Binh/Phuong 14 Hub,in-house,Full-Time,134044,NGUYỄN GIA KHÁNH,197,137,0.6954,52,8,2026-10-02 14:30:50
2238,51-HCM Tan Binh/Phuong 14 Hub,in-house,Full-Time,109413,PHẠM THÀNH CÔNG,431,303,0.703,125,3,2026-10-02 14:30:50
2238,51-HCM Tan Binh/Phuong 14 Hub,in-house,Full-Time,125924,TRẦN VĂN NĂM,249,168,0.6747,73,8,2026-10-02 14:30:50
2238,51-HCM Tan Binh/Phuong 14 Hub,in-house,Full-Time,119527,DƯƠNG PHÚ QUÍ,233,156,0.6695,74,3,2026-10-02 14:30:50
2238,51-HCM Tan Binh/Phuong 14 Hub,in-house,Full-Time,132077,NGUYỄN HUỲNH TRUNG HIẾU,254,163,0.6417,82,9,2026-10-02 14:30:50
2238,51-HCM Tan Binh/Phuong 14 Hub,in-house,Full-Time,1592,LÊ CHÍ BẢO,159,101,0.6352,52,6,2026-10-02 14:30:50
2238,51-HCM Tan Binh/Phuong 14 Hub,in-house,Full-Time,132191,CAO VĂN TRƯỜNG TUYẾN,263,166,0.6312,87,10,2026-10-02 14:30:50
2238,51-HCM Tan Binh/Phuong 14 Hub,in-house,Full-Time,160629,PHẠM THÁI SÁNG,66,8,0.1212,58,0,2026-10-02 14:30:50
4438,51-HCM Tan Binh/Tan Son Hoa Hub,in-house,Full-Time,653,NGUYỄN THÁI SƠN,269,248,0.9219,0,21,2026-10-02 14:30:50
4438,51-HCM Tan Binh/Tan Son Hoa Hub,in-house,Full-Time,12196,TRỊNH QUANG BẢO,165,161,0.9758,0,4,2026-10-02 14:30:50
4438,51-HCM Tan Binh/Tan Son Hoa Hub,in-house,Full-Time,30334,NGUYỄN NGỌC SƠN,299,295,0.9866,0,4,2026-10-02 14:30:50
4438,51-HCM Tan Binh/Tan Son Hoa Hub,in-house,Full-Time,61851,LÊ ANH TUẤN,138,123,0.8913,0,15,2026-10-02 14:30:50
4438,51-HCM Tan Binh/Tan Son Hoa Hub,in-house,Full-Time,65429,ĐỖ MINH THIỆN,32,32,1,0,0,2026-10-02 14:30:50
4438,51-HCM Tan Binh/Tan Son Hoa Hub,in-house,Full-Time,83734,NGUYỄN PHÚ SỶ TÍNH,230,230,1,0,0,2026-10-02 14:30:50
4438,51-HCM Tan Binh/Tan Son Hoa Hub,in-house,Full-Time,81370,NGUYỄN VĂN SÁNG,196,192,0.9796,2,2,2026-10-02 14:30:50
4438,51-HCM Tan Binh/Tan Son Hoa Hub,in-house,Full-Time,26244,TRẦN THỦY HOÀNG,84,79,0.9405,1,4,2026-10-02 14:30:50
4438,51-HCM Tan Binh/Tan Son Hoa Hub,in-house,Full-Time,20004,LÊ BÌNH AN,191,185,0.9686,4,2,2026-10-02 14:30:50
4438,51-HCM Tan Binh/Tan Son Hoa Hub,in-house,Full-Time,91976,LÊ MINH CHÍ,198,177,0.8939,6,15,2026-10-02 14:30:50
4438,51-HCM Tan Binh/Tan Son Hoa Hub,in-house,Full-Time,6941,TRỊNH QUỐC VINH,243,200,0.823,8,35,2026-10-02 14:30:50
4438,51-HCM Tan Binh/Tan Son Hoa Hub,in-house,Full-Time,21942,LÊ NGỌC TUẤN,206,190,0.9223,9,7,2026-10-02 14:30:50
4438,51-HCM Tan Binh/Tan Son Hoa Hub,in-house,Full-Time,49817,NGUYỄN CÔNG TUẤN,243,224,0.9218,13,6,2026-10-02 14:30:50
4438,51-HCM Tan Binh/Tan Son Hoa Hub,in-house,Full-Time,739,PHAN KIẾN HIỆP,187,165,0.8824,11,11,2026-10-02 14:30:50
4438,51-HCM Tan Binh/Tan Son Hoa Hub,in-house,Full-Time,62468,TRƯƠNG TUẤN THÀNH,268,245,0.9142,16,7,2026-10-02 14:30:50
4438,51-HCM Tan Binh/Tan Son Hoa Hub,in-house,Full-Time,83449,NGUYỄN HOÀNG SƠN,235,216,0.9191,15,4,2026-10-02 14:30:50
4438,51-HCM Tan Binh/Tan Son Hoa Hub,in-house,Full-Time,152856,NGUYỄN HỮU PHI,174,152,0.8736,13,9,2026-10-02 14:30:50
4438,51-HCM Tan Binh/Tan Son Hoa Hub,in-house,Full-Time,5428,NGUYỄN THÀNH MINH,236,209,0.8856,22,5,2026-10-02 14:30:50
4438,51-HCM Tan Binh/Tan Son Hoa Hub,in-house,Full-Time,26329,VÕ TẤN PHÁT,292,245,0.839,28,19,2026-10-02 14:30:50
4438,51-HCM Tan Binh/Tan Son Hoa Hub,in-house,Full-Time,79755,NGUYỄN THÀNH TRUNG,209,182,0.8708,21,6,2026-10-02 14:30:50
4438,51-HCM Tan Binh/Tan Son Hoa Hub,in-house,Full-Time,133328,HỒ NGỌC MỪNG,192,161,0.8385,20,11,2026-10-02 14:30:50
4438,51-HCM Tan Binh/Tan Son Hoa Hub,in-house,Full-Time,1485,NGUYỄN THÀNH LONG,217,192,0.8848,23,2,2026-10-02 14:30:50
4438,51-HCM Tan Binh/Tan Son Hoa Hub,in-house,Full-Time,102615,CAO BÌNH NGUYÊN,237,207,0.8734,27,3,2026-10-02 14:30:50
4438,51-HCM Tan Binh/Tan Son Hoa Hub,in-house,Full-Time,16946,NGUYỄN VIỆT HÙNG,229,200,0.8734,28,1,2026-10-02 14:30:50
4438,51-HCM Tan Binh/Tan Son Hoa Hub,in-house,Full-Time,19977,LÊ VIẾT PHÁT,241,207,0.8589,32,2,2026-10-02 14:30:50
4438,51-HCM Tan Binh/Tan Son Hoa Hub,in-house,Full-Time,157597,NGUYỄN VĂN LỢI,200,170,0.85,27,3,2026-10-02 14:30:50
4438,51-HCM Tan Binh/Tan Son Hoa Hub,in-house,Full-Time,95885,NGUYỄN THÁI BẢO,257,221,0.8599,35,1,2026-10-02 14:30:50
4438,51-HCM Tan Binh/Tan Son Hoa Hub,in-house,Full-Time,53728,NGUYỄN TRUNG KIÊN,228,176,0.7719,32,20,2026-10-02 14:30:50
4438,51-HCM Tan Binh/Tan Son Hoa Hub,in-house,Full-Time,16182,PHAN ĐỨC HUY,280,231,0.825,41,8,2026-10-02 14:30:50
4438,51-HCM Tan Binh/Tan Son Hoa Hub,in-house,Full-Time,21774,TRẦN LƯƠNG TUẤN TÚ,264,207,0.7841,39,18,2026-10-02 14:30:50
4438,51-HCM Tan Binh/Tan Son Hoa Hub,in-house,Full-Time,140089,TÒNG NGUYỄN HOÀI THƯƠNG,239,201,0.841,37,1,2026-10-02 14:30:50
4438,51-HCM Tan Binh/Tan Son Hoa Hub,in-house,Full-Time,25024,NGUYỄN TRUNG HIẾU,221,174,0.7873,35,12,2026-10-02 14:30:50
4438,51-HCM Tan Binh/Tan Son Hoa Hub,in-house,Full-Time,117301,LÊ QUỐC ANH,253,201,0.7945,41,11,2026-10-02 14:30:50
4438,51-HCM Tan Binh/Tan Son Hoa Hub,in-house,Full-Time,48595,NGUYỄN THIỆN LỘC,196,163,0.8316,33,0,2026-10-02 14:30:50
4438,51-HCM Tan Binh/Tan Son Hoa Hub,in-house,Full-Time,91989,CHUNG MINH CA,204,167,0.8186,36,1,2026-10-02 14:30:50
4438,51-HCM Tan Binh/Tan Son Hoa Hub,in-house,Full-Time,18719,ĐINH HUY NGỌC,248,200,0.8065,44,4,2026-10-02 14:30:50
4438,51-HCM Tan Binh/Tan Son Hoa Hub,in-house,Full-Time,17316,LÂM TẤN TRƯỜNG,207,161,0.7778,38,8,2026-10-02 14:30:50
4438,51-HCM Tan Binh/Tan Son Hoa Hub,in-house,Full-Time,32367,TRƯƠNG CÔNG SANG,184,143,0.7772,34,7,2026-10-02 14:30:50
4438,51-HCM Tan Binh/Tan Son Hoa Hub,in-house,Full-Time,109922,NGUYỄN VĂN HIẾU,211,169,0.8009,41,1,2026-10-02 14:30:50
4438,51-HCM Tan Binh/Tan Son Hoa Hub,in-house,Full-Time,17190,LƯU HUY KIM SƠN,271,202,0.7454,56,13,2026-10-02 14:30:50
4438,51-HCM Tan Binh/Tan Son Hoa Hub,in-house,Full-Time,71232,NGUYỄN ANH HUY,268,200,0.7463,56,12,2026-10-02 14:30:50
4438,51-HCM Tan Binh/Tan Son Hoa Hub,in-house,Full-Time,115526,DƯƠNG VĂN MINH,261,195,0.7471,62,4,2026-10-02 14:30:50
4438,51-HCM Tan Binh/Tan Son Hoa Hub,in-house,Full-Time,144541,TRẦN NHẬT TÂN,226,153,0.677,58,15,2026-10-02 14:30:50
4438,51-HCM Tan Binh/Tan Son Hoa Hub,in-house,Full-Time,17022,LÊ NHÂN TIẾN,280,208,0.7429,72,0,2026-10-02 14:30:50
4438,51-HCM Tan Binh/Tan Son Hoa Hub,in-house,Full-Time,18202,NGUYỄN ĐÌNH MINH QUÍ,299,221,0.7391,77,1,2026-10-02 14:30:50
4438,51-HCM Tan Binh/Tan Son Hoa Hub,in-house,Full-Time,40947,LÊ QUANG DIỄN,276,198,0.7174,73,5,2026-10-02 14:30:50
4438,51-HCM Tan Binh/Tan Son Hoa Hub,in-house,Full-Time,117364,NGUYỄN TRỌNG VĨ,246,170,0.6911,66,10,2026-10-02 14:30:50
4438,51-HCM Tan Binh/Tan Son Hoa Hub,in-house,Full-Time,35262,NGUYỄN CÔNG VIÊN,245,164,0.6694,67,14,2026-10-02 14:30:50
4438,51-HCM Tan Binh/Tan Son Hoa Hub,in-house,Full-Time,40243,NGUYỄN QUỐC DUY,323,217,0.6718,90,16,2026-10-02 14:30:50
4438,51-HCM Tan Binh/Tan Son Hoa Hub,in-house,Full-Time,839,LÊ THANH HẢI,301,204,0.6777,90,7,2026-10-02 14:30:50
4438,51-HCM Tan Binh/Tan Son Hoa Hub,in-house,Full-Time,59604,PHẠM HUỲNH KHANG,134,89,0.6642,42,3,2026-10-02 14:30:50
4438,51-HCM Tan Binh/Tan Son Hoa Hub,in-house,Full-Time,21518,LÊ MINH HẢI,255,167,0.6549,81,7,2026-10-02 14:30:50
4438,51-HCM Tan Binh/Tan Son Hoa Hub,in-house,Full-Time,28709,HUỲNH THANH LONG,217,138,0.6359,71,8,2026-10-02 14:30:50
4438,51-HCM Tan Binh/Tan Son Hoa Hub,in-house,Full-Time,620,BỒ TRƯƠNG ĐẠI VIỆT,208,132,0.6346,69,7,2026-10-02 14:30:50
4438,51-HCM Tan Binh/Tan Son Hoa Hub,in-house,Full-Time,44300,ĐOÀN NGỌC THANH,203,129,0.6355,71,3,2026-10-02 14:30:50
4438,51-HCM Tan Binh/Tan Son Hoa Hub,in-house,Full-Time,65083,ĐẶNG MINH CẢNH,263,170,0.6464,92,1,2026-10-02 14:30:50
4438,51-HCM Tan Binh/Tan Son Hoa Hub,in-house,Full-Time,66422,VÕ KHÁNH HÙNG,332,211,0.6355,118,3,2026-10-02 14:30:50
4438,51-HCM Tan Binh/Tan Son Hoa Hub,in-house,Full-Time,142278,THÁI CƯỜNG THÀNH,205,124,0.6049,74,7,2026-10-02 14:30:50
4438,51-HCM Tan Binh/Tan Son Hoa Hub,in-house,Full-Time,2020,NGUYỄN TẤN QUANG,193,117,0.6062,71,5,2026-10-02 14:30:50
4438,51-HCM Tan Binh/Tan Son Hoa Hub,in-house,Full-Time,153994,NGUYỄN MINH TIẾN,188,112,0.5957,74,2,2026-10-02 14:30:50
4438,51-HCM Tan Binh/Tan Son Hoa Hub,in-house,Full-Time,142412,TRẦN VĂN TUYẾN,344,206,0.5988,137,1,2026-10-02 14:30:50
4438,51-HCM Tan Binh/Tan Son Hoa Hub,in-house,Full-Time,24001,PHÙNG VĂN ĐỦ,309,181,0.5858,124,4,2026-10-02 14:30:50
4438,51-HCM Tan Binh/Tan Son Hoa Hub,in-house,Full-Time,100255,NGUYỄN HỮU TOÀN,176,103,0.5852,72,1,2026-10-02 14:30:50
4438,51-HCM Tan Binh/Tan Son Hoa Hub,in-house,Full-Time,162111,NGUYỄN HÙNG MINH,235,129,0.5489,100,6,2026-10-02 14:30:50
4438,51-HCM Tan Binh/Tan Son Hoa Hub,in-house,Full-Time,151360,VƯƠNG GIA HÙNG,243,134,0.5514,107,2,2026-10-02 14:30:50
4438,51-HCM Tan Binh/Tan Son Hoa Hub,in-house,Full-Time,158157,HUỲNH NGỌC ĐỨC,209,108,0.5167,94,7,2026-10-02 14:30:50
4438,51-HCM Tan Binh/Tan Son Hoa Hub,in-house,Full-Time,159636,ĐẶNG VĂN PHÚC,182,95,0.522,86,1,2026-10-02 14:30:50
4438,51-HCM Tan Binh/Tan Son Hoa Hub,in-house,Full-Time,141953,TIÊU NGỌC THANH TRÍ,359,163,0.454,183,13,2026-10-02 14:30:50
4438,51-HCM Tan Binh/Tan Son Hoa Hub,in-house,Full-Time,25049,PHẠM HOÀNG NHẬT THÀNH,310,148,0.4774,161,1,2026-10-02 14:30:50
4438,51-HCM Tan Binh/Tan Son Hoa Hub,in-house,Full-Time,65971,ĐÀM DANH NGHĨA,271,122,0.4502,148,1,2026-10-02 14:30:50
4438,51-HCM Tan Binh/Tan Son Hoa Hub,in-house,Full-Time,134513,LÂM ANH HUY,245,94,0.3837,135,16,2026-10-02 14:30:50
4438,51-HCM Tan Binh/Tan Son Hoa Hub,in-house,Full-Time,162506,NGUYỄN HỮU LỘC,139,50,0.3597,87,2,2026-10-02 14:30:50
4940,51-HCM Tan Binh/Tan Son Nhat Hub,in-house,Full-Time,260,TẠ THANH NAM,1,1,1,0,0,2026-10-02 14:30:50
4940,51-HCM Tan Binh/Tan Son Nhat Hub,in-house,Full-Time,39264,CHÂU QUỐC CƯỜNG,56,55,0.9821,0,1,2026-10-02 14:30:50
4940,51-HCM Tan Binh/Tan Son Nhat Hub,in-house,Full-Time,34881,HÀ QUỐC HIẾU,267,242,0.9064,16,9,2026-10-02 14:30:50
4940,51-HCM Tan Binh/Tan Son Nhat Hub,in-house,Full-Time,161051,LÊ TUẤN TÀI,199,162,0.8141,33,4,2026-10-02 14:30:50
4940,51-HCM Tan Binh/Tan Son Nhat Hub,in-house,Full-Time,46492,NGUYỄN QUỐC ANH,299,229,0.7659,61,9,2026-10-02 14:30:50
4940,51-HCM Tan Binh/Tan Son Nhat Hub,in-house,Full-Time,31819,CAO MẠNH HÙNG,235,176,0.7489,56,3,2026-10-02 14:30:50
4940,51-HCM Tan Binh/Tan Son Nhat Hub,in-house,Full-Time,148505,TRẦN PHƯỚC TIẾN,238,172,0.7227,60,6,2026-10-02 14:30:50
4940,51-HCM Tan Binh/Tan Son Nhat Hub,in-house,Full-Time,161176,ĐIỀN THANH TÀI,196,134,0.6837,50,12,2026-10-02 14:30:50
4940,51-HCM Tan Binh/Tan Son Nhat Hub,in-house,Full-Time,8848,GIANG CẨM HIỀN,261,181,0.6935,73,7,2026-10-02 14:30:50
4940,51-HCM Tan Binh/Tan Son Nhat Hub,in-house,Full-Time,33908,LÊ MINH KHÁNH,257,165,0.642,76,16,2026-10-02 14:30:50
4940,51-HCM Tan Binh/Tan Son Nhat Hub,in-house,Full-Time,88496,TRẦN NGỌC BẢO,276,187,0.6775,82,7,2026-10-02 14:30:50
4940,51-HCM Tan Binh/Tan Son Nhat Hub,in-house,Full-Time,14799,NGUYỄN QUANG SANG,294,195,0.6633,95,4,2026-10-02 14:30:50
4940,51-HCM Tan Binh/Tan Son Nhat Hub,in-house,Full-Time,142997,NGUYỄN TẤN ĐẠT,270,167,0.6185,91,12,2026-10-02 14:30:50
4940,51-HCM Tan Binh/Tan Son Nhat Hub,in-house,Full-Time,14896,TRẦN ĐÌNH PHI,248,156,0.629,87,5,2026-10-02 14:30:50
4940,51-HCM Tan Binh/Tan Son Nhat Hub,in-house,Full-Time,147734,NGUYỄN VĨNH PHONG,242,152,0.6281,86,4,2026-10-02 14:30:50
4940,51-HCM Tan Binh/Tan Son Nhat Hub,in-house,Full-Time,113898,VÕ ĐÌNH CHIÊU,253,145,0.5731,101,7,2026-10-02 14:30:50
4940,51-HCM Tan Binh/Tan Son Nhat Hub,in-house,Full-Time,157982,HUỲNH KIM SUNG,275,151,0.5491,121,3,2026-10-02 14:30:50
4940,51-HCM Tan Binh/Tan Son Nhat Hub,in-house,Full-Time,95022,NGUYỄN PHƯƠNG TÚ,280,151,0.5393,128,1,2026-10-02 14:30:50
4940,51-HCM Tan Binh/Tan Son Nhat Hub,in-house,Full-Time,81687,PHẠM ĐỨC TRUNG HIẾU,267,136,0.5094,125,6,2026-10-02 14:30:50
4940,51-HCM Tan Binh/Tan Son Nhat Hub,in-house,Full-Time,158948,PHAN NGUYỄN HOÀNG LONG,248,116,0.4677,130,2,2026-10-02 14:30:50
5421,51-HCM Tan Binh/Truong Chinh Hub,in-house,Full-Time,136652,PHẠM HOÀNG MINH,136,132,0.9706,0,4,2026-10-02 14:30:50
5421,51-HCM Tan Binh/Truong Chinh Hub,in-house,Full-Time,95100,LÊ ĐÌNH KIÊN NHẨN,214,206,0.9626,2,6,2026-10-02 14:30:50
5421,51-HCM Tan Binh/Truong Chinh Hub,in-house,Full-Time,77403,DƯƠNG TẤN THUẬN,229,220,0.9607,3,6,2026-10-02 14:30:50
5421,51-HCM Tan Binh/Truong Chinh Hub,in-house,Full-Time,55568,TRẦN DŨNG TÀI,242,222,0.9174,13,7,2026-10-02 14:30:50
5421,51-HCM Tan Binh/Truong Chinh Hub,in-house,Full-Time,94775,ĐỖ THANH QUANG,213,193,0.9061,16,4,2026-10-02 14:30:50
5421,51-HCM Tan Binh/Truong Chinh Hub,in-house,Full-Time,3406,TRẦN VĂN DŨNG,253,217,0.8577,27,9,2026-10-02 14:30:50
5421,51-HCM Tan Binh/Truong Chinh Hub,in-house,Full-Time,52070,NGUYỄN VÕ KHẮC NHẬT,226,186,0.823,35,5,2026-10-02 14:30:50
5421,51-HCM Tan Binh/Truong Chinh Hub,in-house,Full-Time,108150,LƯU VĨNH CƯỜNG,236,195,0.8263,38,3,2026-10-02 14:30:50
5421,51-HCM Tan Binh/Truong Chinh Hub,in-house,Full-Time,50798,HUỲNH VINH HÙNG,210,169,0.8048,34,7,2026-10-02 14:30:50
5421,51-HCM Tan Binh/Truong Chinh Hub,in-house,Full-Time,62,TĂNG NGUYỄN DUY ANH,242,192,0.7934,46,4,2026-10-02 14:30:50
5421,51-HCM Tan Binh/Truong Chinh Hub,in-house,Full-Time,2093,NGUYỄN CHÂN,180,136,0.7556,36,8,2026-10-02 14:30:50
5421,51-HCM Tan Binh/Truong Chinh Hub,in-house,Full-Time,13984,NGUYỄN TUẤN KIỆT,310,233,0.7516,68,9,2026-10-02 14:30:50
5421,51-HCM Tan Binh/Truong Chinh Hub,in-house,Full-Time,26265,CÁP HỮU CƯỜNG,367,272,0.7411,92,3,2026-10-02 14:30:50
5421,51-HCM Tan Binh/Truong Chinh Hub,in-house,Full-Time,43309,PHẠM VĂN CƯƠNG,176,128,0.7273,48,0,2026-10-02 14:30:50
5421,51-HCM Tan Binh/Truong Chinh Hub,in-house,Full-Time,51480,PHAN VĂN THỊNH,276,197,0.7138,76,3,2026-10-02 14:30:50
5421,51-HCM Tan Binh/Truong Chinh Hub,in-house,Full-Time,86737,VĂN TRỌNG SƯƠNG,293,192,0.6553,94,7,2026-10-02 14:30:50
5421,51-HCM Tan Binh/Truong Chinh Hub,in-house,Full-Time,35955,NGUYỄN NGỌC ĐÌNH THUẬN,382,242,0.6335,123,17,2026-10-02 14:30:50
5421,51-HCM Tan Binh/Truong Chinh Hub,in-house,Full-Time,13759,NGUYỄN DƯƠNG PHƯƠNG NAM,205,125,0.6098,68,12,2026-10-02 14:30:50
5421,51-HCM Tan Binh/Truong Chinh Hub,in-house,Full-Time,127168,LÊ CÔNG TẤN TÀI,266,161,0.6053,95,10,2026-10-02 14:30:50
5421,51-HCM Tan Binh/Truong Chinh Hub,in-house,Full-Time,13060,LƯU GIA BẢO,274,173,0.6314,98,3,2026-10-02 14:30:50
5421,51-HCM Tan Binh/Truong Chinh Hub,in-house,Full-Time,888,NGUYỄN KHẮC HÒA,400,221,0.5525,178,1,2026-10-02 14:30:50
5421,51-HCM Tan Binh/Truong Chinh Hub,in-house,Full-Time,14847,NGUYỄN THÀNH ĐẠT,406,215,0.5296,190,1,2026-10-02 14:30:50
5421,51-HCM Tan Binh/Truong Chinh Hub,in-house,Full-Time,53964,NGUYỄN HỒ TUẤN DĨ,391,183,0.468,198,10,2026-10-02 14:30:50
2883,51-HCM Tan Phu/Kenh Tan Hoa Hub,in-house,Full-Time,3990,TRẦN KỲ CHÂU,2,2,1,0,0,2026-10-02 14:30:50
2883,51-HCM Tan Phu/Kenh Tan Hoa Hub,in-house,Full-Time,50069,TẠ QUANG DUY,236,231,0.9788,0,5,2026-10-02 14:30:50
2883,51-HCM Tan Phu/Kenh Tan Hoa Hub,in-house,Full-Time,58504,TRẦN TRÍ HÙNG,170,151,0.8882,0,19,2026-10-02 14:30:50
2883,51-HCM Tan Phu/Kenh Tan Hoa Hub,in-house,Full-Time,104859,TRANG VĂN ĐỨC,1,1,1,0,0,2026-10-02 14:30:50
2883,51-HCM Tan Phu/Kenh Tan Hoa Hub,in-house,Full-Time,132935,LƯƠNG HOÀNG THẾ QUÂN,237,206,0.8692,0,31,2026-10-02 14:30:50
2883,51-HCM Tan Phu/Kenh Tan Hoa Hub,in-house,Full-Time,8571,LÊ ANH,241,224,0.9295,1,16,2026-10-02 14:30:50
2883,51-HCM Tan Phu/Kenh Tan Hoa Hub,in-house,Full-Time,53261,PHÙNG PHAN KHỞI HUY,160,148,0.925,6,6,2026-10-02 14:30:50
2883,51-HCM Tan Phu/Kenh Tan Hoa Hub,in-house,Full-Time,53567,NGUYỄN VĂN THIỆN,255,221,0.8667,27,7,2026-10-02 14:30:50
2883,51-HCM Tan Phu/Kenh Tan Hoa Hub,in-house,Full-Time,70819,ĐINH QUANG TRÍ,218,174,0.7982,41,3,2026-10-02 14:30:50
2883,51-HCM Tan Phu/Kenh Tan Hoa Hub,in-house,Full-Time,152440,TRẦN MINH TÚ,135,105,0.7778,26,4,2026-10-02 14:30:50
2883,51-HCM Tan Phu/Kenh Tan Hoa Hub,in-house,Full-Time,43730,LƯƠNG CẨM TRUNG,342,262,0.7661,72,8,2026-10-02 14:30:50
2883,51-HCM Tan Phu/Kenh Tan Hoa Hub,in-house,Full-Time,62723,PHẠM HOÀNG VIỆT,316,226,0.7152,78,12,2026-10-02 14:30:50
2883,51-HCM Tan Phu/Kenh Tan Hoa Hub,in-house,Full-Time,11022,NGUYỄN TRƯỜNG GIANG,286,211,0.7378,74,1,2026-10-02 14:30:50
2883,51-HCM Tan Phu/Kenh Tan Hoa Hub,in-house,Full-Time,65960,PHẠM QUANG TRƯỜNG,249,163,0.6546,65,21,2026-10-02 14:30:50
2883,51-HCM Tan Phu/Kenh Tan Hoa Hub,in-house,Full-Time,155441,TÔ VĂN KHOA,277,195,0.704,77,5,2026-10-02 14:30:50
2883,51-HCM Tan Phu/Kenh Tan Hoa Hub,in-house,Full-Time,30016,TRẦN MINH HÙNG,188,127,0.6755,53,8,2026-10-02 14:30:50
2883,51-HCM Tan Phu/Kenh Tan Hoa Hub,in-house,Full-Time,7182,NGUYỄN VĂN VŨ,193,136,0.7047,56,1,2026-10-02 14:30:50
2883,51-HCM Tan Phu/Kenh Tan Hoa Hub,in-house,Full-Time,108414,TĂNG QUÍ HÒA,257,172,0.6693,82,3,2026-10-02 14:30:50
2883,51-HCM Tan Phu/Kenh Tan Hoa Hub,in-house,Full-Time,91636,ĐẶNG HOÀNG TRÍ,307,199,0.6482,101,7,2026-10-02 14:30:50
2883,51-HCM Tan Phu/Kenh Tan Hoa Hub,in-house,Full-Time,89579,TRẦN VĂN HẢI,257,150,0.5837,92,15,2026-10-02 14:30:50
2883,51-HCM Tan Phu/Kenh Tan Hoa Hub,in-house,Full-Time,159056,SÚ HUỆ LONG,175,107,0.6114,65,3,2026-10-02 14:30:50
2883,51-HCM Tan Phu/Kenh Tan Hoa Hub,in-house,Full-Time,24579,ĐẶNG BÁ THẮNG,207,125,0.6039,77,5,2026-10-02 14:30:50
2883,51-HCM Tan Phu/Kenh Tan Hoa Hub,in-house,Full-Time,129181,TRỊNH VĂN SÁNG,232,132,0.569,97,3,2026-10-02 14:30:50
2883,51-HCM Tan Phu/Kenh Tan Hoa Hub,in-house,Full-Time,16080,CAO NHẤT ĐỊNH,216,121,0.5602,92,3,2026-10-02 14:30:50
2883,51-HCM Tan Phu/Kenh Tan Hoa Hub,in-house,Full-Time,52360,PHAN ĐỨC LẬP,214,107,0.5,103,4,2026-10-02 14:30:50
2883,51-HCM Tan Phu/Kenh Tan Hoa Hub,in-house,Full-Time,51722,HÀ MINH PHÚ,283,143,0.5053,137,3,2026-10-02 14:30:50
2883,51-HCM Tan Phu/Kenh Tan Hoa Hub,in-house,Full-Time,24663,LÊ VĂN TRIỀU,315,157,0.4984,154,4,2026-10-02 14:30:50
2883,51-HCM Tan Phu/Kenh Tan Hoa Hub,in-house,Full-Time,145565,LÝ HÒA THĂNG,207,34,0.1643,172,1,2026-10-02 14:30:50
2064,51-HCM Tan Phu/Le Trong Tan Hub,in-house,Full-Time,4118,ĐỖ GIANG SƠN,160,139,0.8688,0,21,2026-10-02 14:30:50
2064,51-HCM Tan Phu/Le Trong Tan Hub,in-house,Full-Time,51959,NGUYỄN HOÀNG TUẤN,233,218,0.9356,14,1,2026-10-02 14:30:50
2064,51-HCM Tan Phu/Le Trong Tan Hub,in-house,Full-Time,74709,NGUYỄN MẠNH CƯỜNG,128,110,0.8594,10,8,2026-10-02 14:30:50
2064,51-HCM Tan Phu/Le Trong Tan Hub,in-house,Full-Time,67495,NGUYỄN VĂN HUY,155,119,0.7677,13,23,2026-10-02 14:30:50
2064,51-HCM Tan Phu/Le Trong Tan Hub,in-house,Full-Time,92929,LÊ THỪA QUỐC,170,149,0.8765,16,5,2026-10-02 14:30:50
2064,51-HCM Tan Phu/Le Trong Tan Hub,in-house,Full-Time,32374,LÊ PHƯỚC THÀNH,226,195,0.8628,30,1,2026-10-02 14:30:50
2064,51-HCM Tan Phu/Le Trong Tan Hub,in-house,Full-Time,89582,NGUYỄN VIẾT TRUNG,156,132,0.8462,21,3,2026-10-02 14:30:50
2064,51-HCM Tan Phu/Le Trong Tan Hub,in-house,Full-Time,84123,NGÔ MINH TUẤN,141,116,0.8227,21,4,2026-10-02 14:30:50
2064,51-HCM Tan Phu/Le Trong Tan Hub,in-house,Full-Time,116869,LƯU VIẾT HẢO,183,152,0.8306,30,1,2026-10-02 14:30:50
2064,51-HCM Tan Phu/Le Trong Tan Hub,in-house,Full-Time,161052,PHAN MINH TIẾN,189,142,0.7513,44,3,2026-10-02 14:30:50
2064,51-HCM Tan Phu/Le Trong Tan Hub,in-house,Full-Time,48013,NGUYỄN HỒ MINH TÀI,245,182,0.7429,59,4,2026-10-02 14:30:50
2064,51-HCM Tan Phu/Le Trong Tan Hub,in-house,Full-Time,98130,NGUYỄN THỊ TỐ TRINH,195,138,0.7077,50,7,2026-10-02 14:30:50
2064,51-HCM Tan Phu/Le Trong Tan Hub,in-house,Full-Time,8851,HÀ TỀ TRANG,196,133,0.6786,51,12,2026-10-02 14:30:50
2064,51-HCM Tan Phu/Le Trong Tan Hub,in-house,Full-Time,57994,LÊ ĐÌNH TRƯỜNG SƠN,174,125,0.7184,47,2,2026-10-02 14:30:50
2064,51-HCM Tan Phu/Le Trong Tan Hub,in-house,Full-Time,2403,THI TẤN BÌNH,183,127,0.694,51,5,2026-10-02 14:30:50
2064,51-HCM Tan Phu/Le Trong Tan Hub,in-house,Full-Time,95887,NGUYỄN NĂNG HÙNG,226,159,0.7035,63,4,2026-10-02 14:30:50
2064,51-HCM Tan Phu/Le Trong Tan Hub,in-house,Full-Time,125893,LƯ LẬP ĐẠT,182,124,0.6813,55,3,2026-10-02 14:30:50
2064,51-HCM Tan Phu/Le Trong Tan Hub,in-house,Full-Time,21912,HÒA QUANG ĐẠI DƯƠNG,226,152,0.6726,70,4,2026-10-02 14:30:50
2064,51-HCM Tan Phu/Le Trong Tan Hub,in-house,Full-Time,107683,ĐOÀN VŨ ĐĂNG KHOA,231,149,0.645,73,9,2026-10-02 14:30:50
2064,51-HCM Tan Phu/Le Trong Tan Hub,in-house,Full-Time,136975,NGUYỄN MINH LUÂN,174,108,0.6207,58,8,2026-10-02 14:30:50
2064,51-HCM Tan Phu/Le Trong Tan Hub,in-house,Full-Time,58355,LƯU HOÀI KHA,180,115,0.6389,65,0,2026-10-02 14:30:50
2064,51-HCM Tan Phu/Le Trong Tan Hub,in-house,Full-Time,105414,ĐOÀN THIỆN PHÚC,230,137,0.5957,91,2,2026-10-02 14:30:50
2064,51-HCM Tan Phu/Le Trong Tan Hub,in-house,Full-Time,48012,HỒ CÔNG CHIẾN,251,146,0.5817,105,0,2026-10-02 14:30:50
2064,51-HCM Tan Phu/Le Trong Tan Hub,in-house,Full-Time,118782,LÊ QUANG TÂM,247,140,0.5668,104,3,2026-10-02 14:30:50
2064,51-HCM Tan Phu/Le Trong Tan Hub,in-house,Full-Time,147219,LÂM TRÍ HY,214,111,0.5187,99,4,2026-10-02 14:30:50
2064,51-HCM Tan Phu/Le Trong Tan Hub,in-house,Full-Time,32197,NGUYỄN TẤN HOÀNG,225,115,0.5111,105,5,2026-10-02 14:30:50
2064,51-HCM Tan Phu/Le Trong Tan Hub,in-house,Full-Time,30867,TRẦN HƯNG CƯỜNG,248,113,0.4556,134,1,2026-10-02 14:30:50
2064,51-HCM Tan Phu/Le Trong Tan Hub,in-house,Full-Time,31122,LƯU KIM LOAN,261,111,0.4253,150,0,2026-10-02 14:30:50
2064,51-HCM Tan Phu/Le Trong Tan Hub,in-house,Full-Time,10112,DIỆP CẨM PHƯƠNG,0,0,0,0,0,2026-10-02 14:30:50
2289,51-HCM Tan Phu/Phan Anh Hub,in-house,Full-Time,17442,VÒNG TẤN KIÊN,117,115,0.9829,0,2,2026-10-02 14:30:50
2289,51-HCM Tan Phu/Phan Anh Hub,in-house,Full-Time,93853,TRẦN VĨNH HUY,200,179,0.895,16,5,2026-10-02 14:30:50
2289,51-HCM Tan Phu/Phan Anh Hub,in-house,Full-Time,67423,ĐÔNG MINH PHÁT,173,148,0.8555,22,3,2026-10-02 14:30:50
2289,51-HCM Tan Phu/Phan Anh Hub,in-house,Full-Time,147962,TRƯƠNG NGỌC GIA HUY,146,114,0.7808,32,0,2026-10-02 14:30:50
2289,51-HCM Tan Phu/Phan Anh Hub,in-house,Full-Time,17561,PHẠM THANH TUẤN,265,196,0.7396,60,9,2026-10-02 14:30:50
2289,51-HCM Tan Phu/Phan Anh Hub,in-house,Full-Time,26291,PHAN THANH TUẤN,288,206,0.7153,66,16,2026-10-02 14:30:50
2289,51-HCM Tan Phu/Phan Anh Hub,in-house,Full-Time,11711,TRẦN MINH HOÀNG,204,152,0.7451,51,1,2026-10-02 14:30:50
2289,51-HCM Tan Phu/Phan Anh Hub,in-house,Full-Time,95015,NGUYỄN MẠC TIẾN THÀNH,206,150,0.7282,54,2,2026-10-02 14:30:50
2289,51-HCM Tan Phu/Phan Anh Hub,in-house,Full-Time,6424,NGUYỄN HỮU KIM PHÚC,197,140,0.7107,54,3,2026-10-02 14:30:50
2289,51-HCM Tan Phu/Phan Anh Hub,in-house,Full-Time,129182,NGUYỄN HUỆ,226,147,0.6504,75,4,2026-10-02 14:30:50
2289,51-HCM Tan Phu/Phan Anh Hub,in-house,Full-Time,139283,PHẠM VĂN TÀI,197,124,0.6294,68,5,2026-10-02 14:30:50
2289,51-HCM Tan Phu/Phan Anh Hub,in-house,Full-Time,25026,DƯƠNG TUẤN PHÚC,170,102,0.6,65,3,2026-10-02 14:30:50
2289,51-HCM Tan Phu/Phan Anh Hub,in-house,Full-Time,113893,VÕ TRẦN TUẤN ĐẠT,172,100,0.5814,68,4,2026-10-02 14:30:50
2289,51-HCM Tan Phu/Phan Anh Hub,in-house,Full-Time,67430,TRẦN MINH TÚ,241,137,0.5685,100,4,2026-10-02 14:30:50
2289,51-HCM Tan Phu/Phan Anh Hub,in-house,Full-Time,30020,VÕ ĐỨC PHÚ,171,84,0.4912,82,5,2026-10-02 14:30:50
2292,51-HCM Tan Phu/Phu Tho Hoa Hub,in-house,Full-Time,85485,NGUYỄN THÀNH HƯNG,182,176,0.967,0,6,2026-10-02 14:30:50
2292,51-HCM Tan Phu/Phu Tho Hoa Hub,in-house,Full-Time,105110,TĂNG QUỐC HUY,214,210,0.9813,0,4,2026-10-02 14:30:50
2292,51-HCM Tan Phu/Phu Tho Hoa Hub,in-house,Full-Time,139029,LƯU QUỐC THÀNH,130,129,0.9923,0,1,2026-10-02 14:30:50
2292,51-HCM Tan Phu/Phu Tho Hoa Hub,in-house,Full-Time,66800,HUỲNH TRỌNG TÍNH,154,146,0.9481,1,7,2026-10-02 14:30:50
2292,51-HCM Tan Phu/Phu Tho Hoa Hub,in-house,Full-Time,140764,NGUYỄN HOÀNG NHỰT,134,128,0.9552,1,5,2026-10-02 14:30:50
2292,51-HCM Tan Phu/Phu Tho Hoa Hub,in-house,Full-Time,75509,NGUYỄN HOÀI NAM,132,126,0.9545,1,5,2026-10-02 14:30:50
2292,51-HCM Tan Phu/Phu Tho Hoa Hub,in-house,Full-Time,46107,TRẦN VĂN ĐOÀN,128,124,0.9688,1,3,2026-10-02 14:30:50
2292,51-HCM Tan Phu/Phu Tho Hoa Hub,in-house,Full-Time,109097,NGÔ HOÀNG ĐĂNG KHOA,162,152,0.9383,2,8,2026-10-02 14:30:50
2292,51-HCM Tan Phu/Phu Tho Hoa Hub,in-house,Full-Time,57998,NGUYỄN TUẤN THANH,151,146,0.9669,2,3,2026-10-02 14:30:50
2292,51-HCM Tan Phu/Phu Tho Hoa Hub,in-house,Full-Time,71233,PHAN THANH LONG,202,197,0.9752,3,2,2026-10-02 14:30:50
2292,51-HCM Tan Phu/Phu Tho Hoa Hub,in-house,Full-Time,121742,NGUYỄN NHỰT AN,126,116,0.9206,3,7,2026-10-02 14:30:50
2292,51-HCM Tan Phu/Phu Tho Hoa Hub,in-house,Full-Time,3168,TRẦN ANH HOÀNG TUẤN,161,154,0.9565,4,3,2026-10-02 14:30:50
2292,51-HCM Tan Phu/Phu Tho Hoa Hub,in-house,Full-Time,19744,MÃ NGỌC TIẾN,194,182,0.9381,5,7,2026-10-02 14:30:50
2292,51-HCM Tan Phu/Phu Tho Hoa Hub,in-house,Full-Time,146029,PHAN VIỆT HOÀNG,186,166,0.8925,6,14,2026-10-02 14:30:50
2292,51-HCM Tan Phu/Phu Tho Hoa Hub,in-house,Full-Time,139771,NGUYỄN LƯU GIA BẢO,134,128,0.9552,5,1,2026-10-02 14:30:50
2292,51-HCM Tan Phu/Phu Tho Hoa Hub,in-house,Full-Time,75205,NGUYỄN HOÀI THANH,146,132,0.9041,10,4,2026-10-02 14:30:50
2292,51-HCM Tan Phu/Phu Tho Hoa Hub,in-house,Full-Time,119865,TRẦN HUY HÙNG,152,132,0.8684,14,6,2026-10-02 14:30:50
2292,51-HCM Tan Phu/Phu Tho Hoa Hub,in-house,Full-Time,132615,HÀ VĂN TOÀN,179,149,0.8324,19,11,2026-10-02 14:30:50
2292,51-HCM Tan Phu/Phu Tho Hoa Hub,in-house,Full-Time,36626,TRẦN NGỌC TÂM,246,207,0.8415,27,12,2026-10-02 14:30:50
2292,51-HCM Tan Phu/Phu Tho Hoa Hub,in-house,Full-Time,153243,PHẠM QUANG TRÍ,165,139,0.8424,21,5,2026-10-02 14:30:50
2292,51-HCM Tan Phu/Phu Tho Hoa Hub,in-house,Full-Time,80916,GIÊNG PHÁT TƯỜNG,194,160,0.8247,25,9,2026-10-02 14:30:50
2292,51-HCM Tan Phu/Phu Tho Hoa Hub,in-house,Full-Time,45408,HUỲNH THỊ NGỌC YẾN,201,171,0.8507,28,2,2026-10-02 14:30:50
2292,51-HCM Tan Phu/Phu Tho Hoa Hub,in-house,Full-Time,125563,VĂN TẤN PHƯỚC,186,159,0.8548,27,0,2026-10-02 14:30:50
2292,51-HCM Tan Phu/Phu Tho Hoa Hub,in-house,Full-Time,111317,LÂM KIẾN HUY,242,196,0.8099,38,8,2026-10-02 14:30:50
2292,51-HCM Tan Phu/Phu Tho Hoa Hub,in-house,Full-Time,12152,THẠCH HUỲNH,158,121,0.7658,33,4,2026-10-02 14:30:50
2292,51-HCM Tan Phu/Phu Tho Hoa Hub,in-house,Full-Time,16103,NGUYỄN THẾ QUI,210,151,0.719,44,15,2026-10-02 14:30:50
2292,51-HCM Tan Phu/Phu Tho Hoa Hub,in-house,Full-Time,9576,TRẦN THẾ VINH,226,165,0.7301,56,5,2026-10-02 14:30:50
2292,51-HCM Tan Phu/Phu Tho Hoa Hub,in-house,Full-Time,142816,CAO NGUYÊN ĐẠT,206,148,0.7184,53,5,2026-10-02 14:30:50
2292,51-HCM Tan Phu/Phu Tho Hoa Hub,in-house,Full-Time,15990,NGUYỄN MẠNH KHANG,239,164,0.6862,64,11,2026-10-02 14:30:50
2292,51-HCM Tan Phu/Phu Tho Hoa Hub,in-house,Full-Time,157669,XÚ CHỨC CƯỜNG,235,170,0.7234,63,2,2026-10-02 14:30:50
2292,51-HCM Tan Phu/Phu Tho Hoa Hub,in-house,Full-Time,87493,LONG CHÍ DŨNG,251,174,0.6932,74,3,2026-10-02 14:30:50
2292,51-HCM Tan Phu/Phu Tho Hoa Hub,in-house,Full-Time,127774,TẠ TRƯỜNG LẠC,224,152,0.6786,67,5,2026-10-02 14:30:50
2292,51-HCM Tan Phu/Phu Tho Hoa Hub,Kiến Vàng,Full-Time,34687,VƯƠNG HIỀN THÔNG,267,182,0.6816,80,5,2026-10-02 14:30:50
2292,51-HCM Tan Phu/Phu Tho Hoa Hub,in-house,Full-Time,22233,HUỲNH NGỌC TÀI,153,99,0.6471,46,8,2026-10-02 14:30:50
2292,51-HCM Tan Phu/Phu Tho Hoa Hub,in-house,Full-Time,8753,ĐINH MINH PHƯƠNG,229,147,0.6419,72,10,2026-10-02 14:30:50
2292,51-HCM Tan Phu/Phu Tho Hoa Hub,in-house,Full-Time,102192,HỒ THỊ THANH THẢO,267,173,0.6479,90,4,2026-10-02 14:30:50
2292,51-HCM Tan Phu/Phu Tho Hoa Hub,in-house,Full-Time,52351,ĐOÀN ĐỨC THIỆN,315,201,0.6381,108,6,2026-10-02 14:30:50
2292,51-HCM Tan Phu/Phu Tho Hoa Hub,in-house,Full-Time,97842,LÊ TÀI QUỐC ANH,309,198,0.6408,111,0,2026-10-02 14:30:50
2292,51-HCM Tan Phu/Phu Tho Hoa Hub,in-house,Full-Time,10111,LÊ NHẤT VIỄN,206,124,0.6019,79,3,2026-10-02 14:30:50
2292,51-HCM Tan Phu/Phu Tho Hoa Hub,in-house,Full-Time,57458,NGUYỄN GIA THỊNH,206,118,0.5728,83,5,2026-10-02 14:30:50
2292,51-HCM Tan Phu/Phu Tho Hoa Hub,in-house,Full-Time,1842,KHƯU HOÀNG TÂM,142,77,0.5423,64,1,2026-10-02 14:30:50
2452,51-HCM Tan Phu/Son Ky Hub,in-house,Full-Time,158541,NGUYỄN HOÀNG MINH,90,81,0.9,0,9,2026-10-02 14:30:50
2452,51-HCM Tan Phu/Son Ky Hub,in-house,Full-Time,70541,TRẦN ĐỨC NGUYÊN,191,182,0.9529,1,8,2026-10-02 14:30:50
2452,51-HCM Tan Phu/Son Ky Hub,in-house,Full-Time,100313,TRẦN NHẬT THANH TÚ,192,177,0.9219,11,4,2026-10-02 14:30:50
2452,51-HCM Tan Phu/Son Ky Hub,in-house,Full-Time,27666,NGUYỄN HOÀNG CHIẾN,246,219,0.8902,24,3,2026-10-02 14:30:50
2452,51-HCM Tan Phu/Son Ky Hub,in-house,Full-Time,123392,THÁI ĐỖ ANH VŨ,185,159,0.8595,21,5,2026-10-02 14:30:50
2452,51-HCM Tan Phu/Son Ky Hub,in-house,Full-Time,1504,NGUYỄN HỮU QUAN,277,238,0.8592,32,7,2026-10-02 14:30:50
2452,51-HCM Tan Phu/Son Ky Hub,in-house,Full-Time,10921,TRƯƠNG ĐẶNG HUY HOÀNG,217,180,0.8295,27,10,2026-10-02 14:30:50
2452,51-HCM Tan Phu/Son Ky Hub,in-house,Full-Time,107359,NGUYỄN VĂN THI,178,153,0.8596,25,0,2026-10-02 14:30:50
2452,51-HCM Tan Phu/Son Ky Hub,in-house,Full-Time,130284,TRẦN MINH DƯƠNG,151,123,0.8146,25,3,2026-10-02 14:30:50
2452,51-HCM Tan Phu/Son Ky Hub,in-house,Full-Time,46842,ĐẶNG HOÀNG QUÂN,247,200,0.8097,46,1,2026-10-02 14:30:50
2452,51-HCM Tan Phu/Son Ky Hub,in-house,Full-Time,115637,HUỲNH THANH VINH,228,180,0.7895,43,5,2026-10-02 14:30:50
2452,51-HCM Tan Phu/Son Ky Hub,in-house,Full-Time,51723,NGUYỄN THÀNH TRUNG,165,128,0.7758,36,1,2026-10-02 14:30:50
2452,51-HCM Tan Phu/Son Ky Hub,in-house,Full-Time,32713,LÊ THÀNH PHÁT,289,205,0.7093,77,7,2026-10-02 14:30:50
2452,51-HCM Tan Phu/Son Ky Hub,in-house,Full-Time,70193,NGUYỄN THÀNH TRUNG,253,182,0.7194,71,0,2026-10-02 14:30:50
2452,51-HCM Tan Phu/Son Ky Hub,in-house,Full-Time,10119,LÊ THANH TÙNG,249,175,0.7028,73,1,2026-10-02 14:30:50
2452,51-HCM Tan Phu/Son Ky Hub,in-house,Full-Time,11362,BÙI TIẾN PHÁT,273,185,0.6777,82,6,2026-10-02 14:30:50
2452,51-HCM Tan Phu/Son Ky Hub,in-house,Full-Time,148654,NGUYỄN BÁ QUANG,172,99,0.5756,66,7,2026-10-02 14:30:50
2452,51-HCM Tan Phu/Son Ky Hub,in-house,Full-Time,118116,NGUYỄN PHƯƠNG DŨNG,406,197,0.4852,200,9,2026-10-02 14:30:50
2452,51-HCM Tan Phu/Son Ky Hub,in-house,Full-Time,108899,TRẦN PHƯỚC ĐẠT,231,107,0.4632,123,1,2026-10-02 14:30:50
2420,51-HCM Tan Phu/Tan Son Nhi Hub,in-house,Full-Time,4119,TRƯƠNG THẾ BẢO,3,3,1,0,0,2026-10-02 14:30:50
2420,51-HCM Tan Phu/Tan Son Nhi Hub,in-house,Full-Time,8563,NGUYỄN VĂN TUÂN,4,4,1,0,0,2026-10-02 14:30:50
2420,51-HCM Tan Phu/Tan Son Nhi Hub,in-house,Full-Time,14766,TRƯƠNG VĂN LÀNH,160,154,0.9625,0,6,2026-10-02 14:30:50
2420,51-HCM Tan Phu/Tan Son Nhi Hub,in-house,Full-Time,141591,NGUYỄN QUỐC MẠNH,2,2,1,0,0,2026-10-02 14:30:50
2420,51-HCM Tan Phu/Tan Son Nhi Hub,in-house,Full-Time,59507,NGUYỄN QUỐC DŨNG,186,174,0.9355,9,3,2026-10-02 14:30:50
2420,51-HCM Tan Phu/Tan Son Nhi Hub,in-house,Full-Time,7162,PHÙNG VĂN THẮNG,198,185,0.9343,12,1,2026-10-02 14:30:50
2420,51-HCM Tan Phu/Tan Son Nhi Hub,in-house,Full-Time,41922,NGUYỄN HOÀNG CHIÊU,217,169,0.7788,40,8,2026-10-02 14:30:50
2420,51-HCM Tan Phu/Tan Son Nhi Hub,in-house,Full-Time,116871,TRẦM VĂN ÚT CƯNG,219,173,0.79,44,2,2026-10-02 14:30:50
2420,51-HCM Tan Phu/Tan Son Nhi Hub,in-house,Full-Time,141593,NGUYỄN VĂN PHỤNG,174,132,0.7586,39,3,2026-10-02 14:30:50
2420,51-HCM Tan Phu/Tan Son Nhi Hub,in-house,Full-Time,93849,TÔ VĂN BÌNH,268,201,0.75,66,1,2026-10-02 14:30:50
2420,51-HCM Tan Phu/Tan Son Nhi Hub,in-house,Full-Time,33194,VŨ HOÀNG HẢI,196,135,0.6888,57,4,2026-10-02 14:30:50
2420,51-HCM Tan Phu/Tan Son Nhi Hub,in-house,Full-Time,40338,VÕ ANH TUẤN,314,212,0.6752,97,5,2026-10-02 14:30:50
2420,51-HCM Tan Phu/Tan Son Nhi Hub,in-house,Full-Time,48264,NGUYỄN BÙI TUẤN ANH,329,221,0.6717,107,1,2026-10-02 14:30:50
2420,51-HCM Tan Phu/Tan Son Nhi Hub,in-house,Full-Time,80299,NGUYỄN THANH NHÃ,166,108,0.6506,54,4,2026-10-02 14:30:50
2420,51-HCM Tan Phu/Tan Son Nhi Hub,in-house,Full-Time,89160,NGUYỄN BÁ XUÂN THÀNH,302,179,0.5927,113,10,2026-10-02 14:30:50
2420,51-HCM Tan Phu/Tan Son Nhi Hub,in-house,Full-Time,139772,PHẠM VINH,207,122,0.5894,79,6,2026-10-02 14:30:50
2420,51-HCM Tan Phu/Tan Son Nhi Hub,in-house,Full-Time,111831,ĐẶNG NGỌC HẢI,299,164,0.5485,127,8,2026-10-02 14:30:50
2420,51-HCM Tan Phu/Tan Son Nhi Hub,in-house,Full-Time,117620,NGUYỄN VĂN VIẾT,233,114,0.4893,112,7,2026-10-02 14:30:50
2420,51-HCM Tan Phu/Tan Son Nhi Hub,in-house,Full-Time,141590,NGUYỄN TRƯỜNG VŨ,240,106,0.4417,134,0,2026-10-02 14:30:50
2422,51-HCM Tan Phu/Tan Thanh Hub,in-house,Full-Time,3349,NGUYỄN TOÀN THẮNG,203,193,0.9507,0,10,2026-10-02 14:30:50
2422,51-HCM Tan Phu/Tan Thanh Hub,in-house,Full-Time,19915,NGUYỄN THANH TRƯỜNG,172,162,0.9419,0,10,2026-10-02 14:30:50
2422,51-HCM Tan Phu/Tan Thanh Hub,in-house,Full-Time,47243,LÊ VĂN ĐẠI,185,178,0.9622,1,6,2026-10-02 14:30:50
2422,51-HCM Tan Phu/Tan Thanh Hub,in-house,Full-Time,53081,NGUYỄN VĂN HẬU,165,161,0.9758,1,3,2026-10-02 14:30:50
2422,51-HCM Tan Phu/Tan Thanh Hub,in-house,Full-Time,15868,NGUYỄN THÀNH NHÂN,129,119,0.9225,1,9,2026-10-02 14:30:50
2422,51-HCM Tan Phu/Tan Thanh Hub,in-house,Full-Time,48786,PHAN MINH HOÀNG,186,172,0.9247,4,10,2026-10-02 14:30:50
2422,51-HCM Tan Phu/Tan Thanh Hub,in-house,Full-Time,70759,NGUYỄN VĂN KHÁNH,252,229,0.9087,21,2,2026-10-02 14:30:50
2422,51-HCM Tan Phu/Tan Thanh Hub,in-house,Full-Time,6270,NGUYỄN THÀNH TÍN,195,177,0.9077,17,1,2026-10-02 14:30:50
2422,51-HCM Tan Phu/Tan Thanh Hub,in-house,Full-Time,159051,HOÀNG HUỲNH THÀNH ĐẠT,156,136,0.8718,14,6,2026-10-02 14:30:50
2422,51-HCM Tan Phu/Tan Thanh Hub,in-house,Full-Time,40397,HUỲNH DÕNG QUYỀN,219,191,0.8721,22,6,2026-10-02 14:30:50
2422,51-HCM Tan Phu/Tan Thanh Hub,in-house,Full-Time,125896,ĐÀO LÊ NHẬT HÀO,271,231,0.8524,28,12,2026-10-02 14:30:50
2422,51-HCM Tan Phu/Tan Thanh Hub,in-house,Full-Time,130679,NGUYỄN ĐỨC MINH,233,201,0.8627,25,7,2026-10-02 14:30:50
2422,51-HCM Tan Phu/Tan Thanh Hub,in-house,Full-Time,45089,TRẦN HOÀNG MINH,225,190,0.8444,28,7,2026-10-02 14:30:50
2422,51-HCM Tan Phu/Tan Thanh Hub,in-house,Full-Time,46830,LÊ HOÀNG GIANG,216,165,0.7639,40,11,2026-10-02 14:30:50
2422,51-HCM Tan Phu/Tan Thanh Hub,in-house,Full-Time,4056,MAI THANH TRỌNG,240,178,0.7417,59,3,2026-10-02 14:30:50
2422,51-HCM Tan Phu/Tan Thanh Hub,in-house,Full-Time,79025,PHẠM DẦN,240,175,0.7292,59,6,2026-10-02 14:30:50
2422,51-HCM Tan Phu/Tan Thanh Hub,in-house,Full-Time,143030,NGUYỄN KIM BẢO,165,118,0.7152,44,3,2026-10-02 14:30:50
2422,51-HCM Tan Phu/Tan Thanh Hub,in-house,Full-Time,67004,VŨ PHÚ LONG,245,171,0.698,67,7,2026-10-02 14:30:50
2422,51-HCM Tan Phu/Tan Thanh Hub,in-house,Full-Time,110618,TRẦN PHÁT ĐẠT,233,165,0.7082,64,4,2026-10-02 14:30:50
2422,51-HCM Tan Phu/Tan Thanh Hub,in-house,Full-Time,100108,ĐÀO ANH TUẤN,242,173,0.7149,67,2,2026-10-02 14:30:50
2422,51-HCM Tan Phu/Tan Thanh Hub,in-house,Full-Time,67015,VÕ MINH TÂM,222,138,0.6216,69,15,2026-10-02 14:30:50
2422,51-HCM Tan Phu/Tan Thanh Hub,in-house,Full-Time,91632,HOÀNG QUỐC DŨNG,265,171,0.6453,89,5,2026-10-02 14:30:50
2422,51-HCM Tan Phu/Tan Thanh Hub,in-house,Full-Time,112204,NGUYỄN HOÀNG BẢO,246,151,0.6138,87,8,2026-10-02 14:30:50
2422,51-HCM Tan Phu/Tan Thanh Hub,in-house,Full-Time,57769,TRẦN MỸ LINH,280,176,0.6286,103,1,2026-10-02 14:30:50
2422,51-HCM Tan Phu/Tan Thanh Hub,in-house,Full-Time,137665,TRẦN LÝ HỒNG PHÚC,242,140,0.5785,91,11,2026-10-02 14:30:50
2422,51-HCM Tan Phu/Tan Thanh Hub,in-house,Full-Time,74552,NGUYỄN HỮU AN KHANG,257,154,0.5992,98,5,2026-10-02 14:30:50
2422,51-HCM Tan Phu/Tan Thanh Hub,in-house,Full-Time,135833,NGHIÊM TUẤN KHÔI,170,103,0.6059,65,2,2026-10-02 14:30:50
2422,51-HCM Tan Phu/Tan Thanh Hub,in-house,Full-Time,45064,NGUYỄN ĐĂNG KHOA,234,128,0.547,99,7,2026-10-02 14:30:50
2422,51-HCM Tan Phu/Tan Thanh Hub,in-house,Full-Time,70690,BÙI XUÂN VĂN,201,106,0.5274,89,6,2026-10-02 14:30:50
2237,51-HCM Tan Phu/Tan Thoi Hoa Hub,in-house,Full-Time,67892,TSÚ SAY HÙNG,223,213,0.9552,0,10,2026-10-02 14:30:50
2237,51-HCM Tan Phu/Tan Thoi Hoa Hub,in-house,Full-Time,52208,NGUYỄN VĂN TÚ,264,246,0.9318,1,17,2026-10-02 14:30:50
2237,51-HCM Tan Phu/Tan Thoi Hoa Hub,in-house,Full-Time,14904,NGUYỄN ĐỨC THẮNG,285,268,0.9404,12,5,2026-10-02 14:30:50
2237,51-HCM Tan Phu/Tan Thoi Hoa Hub,in-house,Full-Time,70295,HUỲNH VĨ CƯỜNG,322,275,0.854,39,8,2026-10-02 14:30:50
2237,51-HCM Tan Phu/Tan Thoi Hoa Hub,in-house,Full-Time,127398,DIỆC QUYỀN PHÚ,179,141,0.7877,31,7,2026-10-02 14:30:50
2237,51-HCM Tan Phu/Tan Thoi Hoa Hub,in-house,Full-Time,108902,GIANG BỈNH PHÚ,277,202,0.7292,56,19,2026-10-02 14:30:50
2237,51-HCM Tan Phu/Tan Thoi Hoa Hub,in-house,Full-Time,125560,SỲ QUANG NAM,252,188,0.746,57,7,2026-10-02 14:30:50
2237,51-HCM Tan Phu/Tan Thoi Hoa Hub,in-house,Full-Time,10920,PHẠM NGỌC THIỆN,310,232,0.7484,77,1,2026-10-02 14:30:50
2237,51-HCM Tan Phu/Tan Thoi Hoa Hub,in-house,Full-Time,155807,TRƯƠNG VIẾT TUẤN,195,131,0.6718,62,2,2026-10-02 14:30:50
2237,51-HCM Tan Phu/Tan Thoi Hoa Hub,in-house,Full-Time,44848,NGUYỄN THÀNH NHÂN,252,154,0.6111,91,7,2026-10-02 14:30:50
1866,51-HCM Thu Duc/Binh Chieu Hub,in-house,Full-Time,1268,DƯƠNG VĂN VŨ,1,1,1,0,0,2026-10-02 14:30:50
1866,51-HCM Thu Duc/Binh Chieu Hub,in-house,Full-Time,83585,NGUYỄN HỒNG KHIÊM,139,138,0.9928,0,1,2026-10-02 14:30:50
1866,51-HCM Thu Duc/Binh Chieu Hub,in-house,Full-Time,87029,NGUYỄN VĂN THAO,162,161,0.9938,0,1,2026-10-02 14:30:50
1866,51-HCM Thu Duc/Binh Chieu Hub,in-house,Full-Time,89906,PHAN TUẤN VŨ,175,174,0.9943,0,1,2026-10-02 14:30:50
1866,51-HCM Thu Duc/Binh Chieu Hub,in-house,Full-Time,95009,MAI THANH TÂN,175,172,0.9829,0,3,2026-10-02 14:30:50
1866,51-HCM Thu Duc/Binh Chieu Hub,in-house,Full-Time,95010,PHAN TẤN PHONG,173,166,0.9595,0,7,2026-10-02 14:30:50
1866,51-HCM Thu Duc/Binh Chieu Hub,in-house,Full-Time,110849,PHẠM MINH THỐNG,182,178,0.978,0,4,2026-10-02 14:30:50
1866,51-HCM Thu Duc/Binh Chieu Hub,in-house,Full-Time,132182,BÙI MINH ĐẠT,256,249,0.9727,0,7,2026-10-02 14:30:50
1866,51-HCM Thu Duc/Binh Chieu Hub,in-house,Full-Time,155594,ỪNG TRỌNG HIẾU,155,154,0.9935,0,1,2026-10-02 14:30:50
1866,51-HCM Thu Duc/Binh Chieu Hub,in-house,Full-Time,98240,TRẦN THANH HẬU,197,175,0.8883,1,21,2026-10-02 14:30:50
1866,51-HCM Thu Duc/Binh Chieu Hub,in-house,Full-Time,139275,ĐOÀN QUỐC DŨNG,139,134,0.964,1,4,2026-10-02 14:30:50
1866,51-HCM Thu Duc/Binh Chieu Hub,in-house,Full-Time,113074,ĐÀO ĐỖ ĐỨC,186,168,0.9032,3,15,2026-10-02 14:30:50
1866,51-HCM Thu Duc/Binh Chieu Hub,in-house,Full-Time,115005,HỒ NHẬT MINH,148,140,0.9459,3,5,2026-10-02 14:30:50
1866,51-HCM Thu Duc/Binh Chieu Hub,in-house,Full-Time,19719,TRỊNH THÀNH DƯƠNG,235,223,0.9489,6,6,2026-10-02 14:30:50
1866,51-HCM Thu Duc/Binh Chieu Hub,in-house,Full-Time,143626,PHẠM VĂN LÂM,145,129,0.8897,6,10,2026-10-02 14:30:50
1866,51-HCM Thu Duc/Binh Chieu Hub,in-house,Full-Time,98875,NGUYỄN TUẤN ANH,142,129,0.9085,12,1,2026-10-02 14:30:50
1866,51-HCM Thu Duc/Binh Chieu Hub,in-house,Full-Time,75623,HUỲNH VĂN PHƯƠNG,161,128,0.795,15,18,2026-10-02 14:30:50
1866,51-HCM Thu Duc/Binh Chieu Hub,in-house,Full-Time,5404,ĐOÀN THỊ THẢO NGÂN,349,314,0.8997,34,1,2026-10-02 14:30:50
1866,51-HCM Thu Duc/Binh Chieu Hub,in-house,Full-Time,111150,VÕ TRỌNG NGHĨA,175,153,0.8743,20,2,2026-10-02 14:30:50
1866,51-HCM Thu Duc/Binh Chieu Hub,in-house,Full-Time,13672,TRẦN THỤY BÍCH TRÂM,235,197,0.8383,34,4,2026-10-02 14:30:50
1866,51-HCM Thu Duc/Binh Chieu Hub,in-house,Full-Time,75835,NGUYỄN VĂN TÍN,192,141,0.7344,43,8,2026-10-02 14:30:50
1866,51-HCM Thu Duc/Binh Chieu Hub,in-house,Full-Time,7790,NGUYỄN VĂN THANH,198,146,0.7374,50,2,2026-10-02 14:30:50
1866,51-HCM Thu Duc/Binh Chieu Hub,in-house,Full-Time,152643,NGUYỄN VĂN TRỊ,160,103,0.6438,49,8,2026-10-02 14:30:50
1866,51-HCM Thu Duc/Binh Chieu Hub,in-house,Full-Time,33644,TRẦN THỊ MỸ DUYÊN,168,105,0.625,52,11,2026-10-02 14:30:50
1866,51-HCM Thu Duc/Binh Chieu Hub,in-house,Full-Time,108151,LÂM VĂN THUẬN,199,120,0.603,76,3,2026-10-02 14:30:50
1866,51-HCM Thu Duc/Binh Chieu Hub,in-house,Full-Time,2766,NGUYỄN HOÀNG NHÂN,98,0,0,97,1,2026-10-02 14:30:50
2444,51-HCM Thu Duc/Hiep Binh Chanh Hub,in-house,Full-Time,71031,HỒ MINH MẪN,221,214,0.9683,0,7,2026-10-02 14:30:50
2444,51-HCM Thu Duc/Hiep Binh Chanh Hub,in-house,Full-Time,150455,LÊ THANH TÙNG,170,167,0.9824,0,3,2026-10-02 14:30:50
2444,51-HCM Thu Duc/Hiep Binh Chanh Hub,in-house,Full-Time,148400,TRẦN NGỌC HOÀNG,191,189,0.9895,2,0,2026-10-02 14:30:50
2444,51-HCM Thu Duc/Hiep Binh Chanh Hub,in-house,Full-Time,162504,VĂN CÔNG PHÚ,186,181,0.9731,3,2,2026-10-02 14:30:50
2444,51-HCM Thu Duc/Hiep Binh Chanh Hub,in-house,Full-Time,41560,NGUYỄN ĐỨC QUY,340,298,0.8765,32,10,2026-10-02 14:30:50
2444,51-HCM Thu Duc/Hiep Binh Chanh Hub,in-house,Full-Time,139273,NGUYỄN QUỐC DUY,209,188,0.8995,21,0,2026-10-02 14:30:50
2444,51-HCM Thu Duc/Hiep Binh Chanh Hub,in-house,Full-Time,127631,NGUYỄN DUY TÂN,198,169,0.8535,23,6,2026-10-02 14:30:50
2444,51-HCM Thu Duc/Hiep Binh Chanh Hub,in-house,Full-Time,65112,TRẦN VĂN TIÊN,285,236,0.8281,37,12,2026-10-02 14:30:50
2444,51-HCM Thu Duc/Hiep Binh Chanh Hub,in-house,Full-Time,159265,KHỔNG PHẠM HOÀNG HIỆP,96,78,0.8125,13,5,2026-10-02 14:30:50
2444,51-HCM Thu Duc/Hiep Binh Chanh Hub,in-house,Full-Time,108476,LẦM GIA NGHĨA,196,153,0.7806,37,6,2026-10-02 14:30:50
2444,51-HCM Thu Duc/Hiep Binh Chanh Hub,in-house,Full-Time,105295,LÊ MINH DUY,252,200,0.7937,48,4,2026-10-02 14:30:50
2444,51-HCM Thu Duc/Hiep Binh Chanh Hub,in-house,Full-Time,6945,BÙI QUỐC TUẤN,278,225,0.8094,53,0,2026-10-02 14:30:50
2444,51-HCM Thu Duc/Hiep Binh Chanh Hub,in-house,Full-Time,149430,LÊ VIÊN HOÀNG PHÚC,182,141,0.7747,36,5,2026-10-02 14:30:50
2444,51-HCM Thu Duc/Hiep Binh Chanh Hub,in-house,Full-Time,96209,NGUYỄN ĐỨC THẮNG,277,214,0.7726,63,0,2026-10-02 14:30:50
2444,51-HCM Thu Duc/Hiep Binh Chanh Hub,in-house,Full-Time,117899,TRẦN HOÀNG MINH,231,174,0.7532,53,4,2026-10-02 14:30:50
2444,51-HCM Thu Duc/Hiep Binh Chanh Hub,in-house,Full-Time,147545,ĐẶNG QUANG VINH,210,155,0.7381,52,3,2026-10-02 14:30:50
2444,51-HCM Thu Duc/Hiep Binh Chanh Hub,in-house,Full-Time,85376,ĐÀO TẤN TÀI,261,192,0.7356,66,3,2026-10-02 14:30:50
2444,51-HCM Thu Duc/Hiep Binh Chanh Hub,in-house,Full-Time,83915,LÊ THANH TOÀN,221,164,0.7421,57,0,2026-10-02 14:30:50
2444,51-HCM Thu Duc/Hiep Binh Chanh Hub,in-house,Full-Time,100743,ĐÀO ĐỖ CAO SƠN,295,206,0.6983,82,7,2026-10-02 14:30:50
2444,51-HCM Thu Duc/Hiep Binh Chanh Hub,in-house,Full-Time,162919,VÕ TẤN KHƯƠNG,79,55,0.6962,22,2,2026-10-02 14:30:50
2444,51-HCM Thu Duc/Hiep Binh Chanh Hub,in-house,Full-Time,143484,ĐỖ TRẠNG,210,149,0.7095,59,2,2026-10-02 14:30:50
2444,51-HCM Thu Duc/Hiep Binh Chanh Hub,in-house,Full-Time,101161,BÙI PHẠM PHÚ QUÝ,255,175,0.6863,73,7,2026-10-02 14:30:50
2444,51-HCM Thu Duc/Hiep Binh Chanh Hub,in-house,Full-Time,56596,LÊ THANH TUẤN ANH,250,175,0.7,75,0,2026-10-02 14:30:50
2444,51-HCM Thu Duc/Hiep Binh Chanh Hub,in-house,Full-Time,87035,CHÂU HỮU TÀI,154,105,0.6818,48,1,2026-10-02 14:30:50
2444,51-HCM Thu Duc/Hiep Binh Chanh Hub,in-house,Full-Time,54545,HOÀNG TRỌNG HIẾU,220,145,0.6591,71,4,2026-10-02 14:30:50
2444,51-HCM Thu Duc/Hiep Binh Chanh Hub,in-house,Full-Time,31438,NGUYỄN NGỌC VŨ,291,191,0.6564,97,3,2026-10-02 14:30:50
2444,51-HCM Thu Duc/Hiep Binh Chanh Hub,in-house,Full-Time,119077,ĐỖ ĐỨC THỊNH,228,148,0.6491,77,3,2026-10-02 14:30:50
2444,51-HCM Thu Duc/Hiep Binh Chanh Hub,in-house,Full-Time,66669,HUỲNH VĂN THỐNG,287,182,0.6341,98,7,2026-10-02 14:30:50
2444,51-HCM Thu Duc/Hiep Binh Chanh Hub,in-house,Full-Time,82573,LÊ MINH TRIẾT,330,205,0.6212,118,7,2026-10-02 14:30:50
2444,51-HCM Thu Duc/Hiep Binh Chanh Hub,in-house,Full-Time,16745,LÊ QUANG TRUNG,181,113,0.6243,65,3,2026-10-02 14:30:50
2444,51-HCM Thu Duc/Hiep Binh Chanh Hub,in-house,Full-Time,89874,NGUYỄN THIỆN,185,117,0.6324,67,1,2026-10-02 14:30:50
2444,51-HCM Thu Duc/Hiep Binh Chanh Hub,in-house,Full-Time,53837,NGUYỄN THỊ BÍCH NGỌC,177,108,0.6102,65,4,2026-10-02 14:30:50
2444,51-HCM Thu Duc/Hiep Binh Chanh Hub,in-house,Full-Time,19500,TRẦN HỒ GIA HUY,183,114,0.623,69,0,2026-10-02 14:30:50
2444,51-HCM Thu Duc/Hiep Binh Chanh Hub,in-house,Full-Time,107935,PHẠM HẢI ĐỨC,260,151,0.5808,103,6,2026-10-02 14:30:50
2444,51-HCM Thu Duc/Hiep Binh Chanh Hub,in-house,Full-Time,22763,LẠI NGỌC TIẾN,263,157,0.597,106,0,2026-10-02 14:30:50
2444,51-HCM Thu Duc/Hiep Binh Chanh Hub,in-house,Full-Time,31644,NGÔ HOÀNG HỮU HUY,270,153,0.5667,113,4,2026-10-02 14:30:50
2444,51-HCM Thu Duc/Hiep Binh Chanh Hub,in-house,Full-Time,159639,HUỲNH VĂN CƯỜNG,173,98,0.5665,75,0,2026-10-02 14:30:50
2444,51-HCM Thu Duc/Hiep Binh Chanh Hub,in-house,Full-Time,3826,LÂM HỮU KHƯƠNG,184,101,0.5489,80,3,2026-10-02 14:30:50
2444,51-HCM Thu Duc/Hiep Binh Chanh Hub,in-house,Full-Time,160444,HÀ HỒ HẢI,215,119,0.5535,96,0,2026-10-02 14:30:50
2444,51-HCM Thu Duc/Hiep Binh Chanh Hub,in-house,Full-Time,155022,ĐOÀN CÔNG DANH,187,98,0.5241,86,3,2026-10-02 14:30:50
2444,51-HCM Thu Duc/Hiep Binh Chanh Hub,in-house,Full-Time,149674,VÕ THANH DÂN,224,110,0.4911,104,10,2026-10-02 14:30:50
2444,51-HCM Thu Duc/Hiep Binh Chanh Hub,in-house,Full-Time,131640,NGUYỄN TIẾN TÀI,190,99,0.5211,89,2,2026-10-02 14:30:50
2444,51-HCM Thu Duc/Hiep Binh Chanh Hub,in-house,Full-Time,146902,HUỲNH THẾ BẢO,174,89,0.5115,84,1,2026-10-02 14:30:50
2444,51-HCM Thu Duc/Hiep Binh Chanh Hub,in-house,Full-Time,131639,TRƯƠNG NHUẬN NAM,163,69,0.4233,86,8,2026-10-02 14:30:50
2444,51-HCM Thu Duc/Hiep Binh Chanh Hub,in-house,Full-Time,96210,TRƯƠNG NHÂN QUÝ,239,100,0.4184,138,1,2026-10-02 14:30:50
2444,51-HCM Thu Duc/Hiep Binh Chanh Hub,in-house,Full-Time,64568,NGUYỄN LÂM HOÀNG MINH ĐẠT,190,67,0.3526,122,1,2026-10-02 14:30:50
2444,51-HCM Thu Duc/Hiep Binh Chanh Hub,in-house,Full-Time,5231,VÕ MINH TUẤN,217,20,0.0922,197,0,2026-10-02 14:30:50
2239,51-HCM Thu Duc/Linh Dong Hub,in-house,Full-Time,114251,PHẠM NGỌC THANH,164,154,0.939,7,3,2026-10-02 14:30:50
2239,51-HCM Thu Duc/Linh Dong Hub,in-house,Full-Time,5895,ĐỖ MINH NGHĨA,254,201,0.7913,43,10,2026-10-02 14:30:50
2239,51-HCM Thu Duc/Linh Dong Hub,in-house,Full-Time,38163,HUỲNH ANH CAN,240,194,0.8083,43,3,2026-10-02 14:30:50
2239,51-HCM Thu Duc/Linh Dong Hub,in-house,Full-Time,55570,HUỲNH VĂN TRỌNG,220,166,0.7545,45,9,2026-10-02 14:30:50
2239,51-HCM Thu Duc/Linh Dong Hub,in-house,Full-Time,128487,LÊ GIA HUY,148,109,0.7365,31,8,2026-10-02 14:30:50
2239,51-HCM Thu Duc/Linh Dong Hub,in-house,Full-Time,130684,NGUYỄN CÔNG CHÁNH,193,148,0.7668,44,1,2026-10-02 14:30:50
2239,51-HCM Thu Duc/Linh Dong Hub,in-house,Full-Time,87034,PHẠM NGỌC HOAN,289,210,0.7266,66,13,2026-10-02 14:30:50
2239,51-HCM Thu Duc/Linh Dong Hub,in-house,Full-Time,128183,TRẦN NHẬT CẢNH,209,156,0.7464,49,4,2026-10-02 14:30:50
2239,51-HCM Thu Duc/Linh Dong Hub,VGL,Full-Time,13055,LÊ HOÀNG THÁI,212,156,0.7358,51,5,2026-10-02 14:30:50
2239,51-HCM Thu Duc/Linh Dong Hub,in-house,Full-Time,117300,TRƯƠNG HOÀNG TUẤN,192,137,0.7135,47,8,2026-10-02 14:30:50
2239,51-HCM Thu Duc/Linh Dong Hub,in-house,Full-Time,82092,THẠCH MINH TÚ,213,145,0.6808,60,8,2026-10-02 14:30:50
2239,51-HCM Thu Duc/Linh Dong Hub,in-house,Full-Time,41913,NGUYỄN QUỐC BẢO,279,199,0.7133,80,0,2026-10-02 14:30:50
2239,51-HCM Thu Duc/Linh Dong Hub,in-house,Full-Time,66111,LÊ VƯƠNG TRƯỜNG,276,183,0.663,80,13,2026-10-02 14:30:50
2239,51-HCM Thu Duc/Linh Dong Hub,in-house,Full-Time,127402,TRẦN THANH HÒA,214,148,0.6916,64,2,2026-10-02 14:30:50
2239,51-HCM Thu Duc/Linh Dong Hub,in-house,Full-Time,96849,NGUYỄN CHƠN DƯƠNG,187,128,0.6845,58,1,2026-10-02 14:30:50
2239,51-HCM Thu Duc/Linh Dong Hub,in-house,Full-Time,97502,TRẦM MINH THÔNG,217,130,0.5991,76,11,2026-10-02 14:30:50
2239,51-HCM Thu Duc/Linh Dong Hub,in-house,Full-Time,6722,VŨ HOÀNG SƠN,253,140,0.5534,102,11,2026-10-02 14:30:50
2239,51-HCM Thu Duc/Linh Dong Hub,in-house,Full-Time,6261,TRƯƠNG MINH TUẤN,251,144,0.5737,104,3,2026-10-02 14:30:50
2239,51-HCM Thu Duc/Linh Dong Hub,in-house,Full-Time,63599,NGUYỄN HOÀNG MINH,234,123,0.5256,102,9,2026-10-02 14:30:50
2239,51-HCM Thu Duc/Linh Dong Hub,Hoàng Minh,Full-Time,1266,LÝ VŨ DUY PHÚC,402,214,0.5323,184,4,2026-10-02 14:30:50
2239,51-HCM Thu Duc/Linh Dong Hub,in-house,Full-Time,95012,THẠCH THANH BÌNH,209,104,0.4976,97,8,2026-10-02 14:30:50
2239,51-HCM Thu Duc/Linh Dong Hub,in-house,Full-Time,10741,NGUYỄN ĐỨC DUY,278,134,0.482,134,10,2026-10-02 14:30:50
2239,51-HCM Thu Duc/Linh Dong Hub,in-house,Full-Time,53537,LÊ TRÍ CƯỜNG,274,133,0.4854,139,2,2026-10-02 14:30:50
2239,51-HCM Thu Duc/Linh Dong Hub,in-house,Full-Time,37420,NGUYỄN MINH MẪN,254,88,0.3465,163,3,2026-10-02 14:30:50
2239,51-HCM Thu Duc/Linh Dong Hub,in-house,Full-Time,32039,TRẦN ĐỨC HUY,186,55,0.2957,130,1,2026-10-02 14:30:50
2239,51-HCM Thu Duc/Linh Dong Hub,in-house,Full-Time,154554,NGUYỄN HÀ HẢI DƯƠNG,0,0,0,0,0,2026-10-02 14:30:50
2241,51-HCM Thu Duc/Linh Xuan Hub,in-house,Full-Time,73621,LÊ SĨ NGHĨA,16,15,0.9375,0,1,2026-10-02 14:30:50
2241,51-HCM Thu Duc/Linh Xuan Hub,in-house,Full-Time,96216,TRẦN ĐÌNH TÀI,17,17,1,0,0,2026-10-02 14:30:50
2241,51-HCM Thu Duc/Linh Xuan Hub,in-house,Full-Time,109409,TRẦN HẢI,111,96,0.8649,2,13,2026-10-02 14:30:50
2241,51-HCM Thu Duc/Linh Xuan Hub,in-house,Full-Time,41974,TRẦN HOÀNG NGUYÊN,167,149,0.8922,5,13,2026-10-02 14:30:50
2241,51-HCM Thu Duc/Linh Xuan Hub,in-house,Full-Time,13754,NGUYỄN THÀNH CHUẨN,240,227,0.9458,9,4,2026-10-02 14:30:50
2241,51-HCM Thu Duc/Linh Xuan Hub,in-house,Full-Time,16166,NGUYỄN THANH TÂN,159,134,0.8428,16,9,2026-10-02 14:30:50
2241,51-HCM Thu Duc/Linh Xuan Hub,in-house,Full-Time,139279,NGUYỄN THANH TÂN,114,95,0.8333,14,5,2026-10-02 14:30:50
2241,51-HCM Thu Duc/Linh Xuan Hub,in-house,Full-Time,106686,NGUYỄN SỸ NGUYÊN,255,207,0.8118,45,3,2026-10-02 14:30:50
2241,51-HCM Thu Duc/Linh Xuan Hub,in-house,Full-Time,29330,NGUYỄN MINH KHÔI,271,208,0.7675,53,10,2026-10-02 14:30:50
2241,51-HCM Thu Duc/Linh Xuan Hub,in-house,Full-Time,19734,VĂN ĐÌNH ĐĂNG KHOA,212,155,0.7311,54,3,2026-10-02 14:30:50
2241,51-HCM Thu Duc/Linh Xuan Hub,in-house,Full-Time,110150,LÊ CÔNG KHANH,201,131,0.6517,56,14,2026-10-02 14:30:50
2241,51-HCM Thu Duc/Linh Xuan Hub,in-house,Full-Time,4642,NGUYỄN THÁI HƯNG,182,117,0.6429,56,9,2026-10-02 14:30:50
2241,51-HCM Thu Duc/Linh Xuan Hub,in-house,Full-Time,43989,BÀNH THANH PHONG,196,124,0.6327,61,11,2026-10-02 14:30:50
2241,51-HCM Thu Duc/Linh Xuan Hub,in-house,Full-Time,84300,NGUYỄN MINH TRÍ,189,116,0.6138,66,7,2026-10-02 14:30:50
2241,51-HCM Thu Duc/Linh Xuan Hub,in-house,Full-Time,92482,NGUYỄN NGỌC KHÁCH,265,161,0.6075,94,10,2026-10-02 14:30:50
2241,51-HCM Thu Duc/Linh Xuan Hub,in-house,Full-Time,52847,NGUYỄN ANH DANH,246,145,0.5894,91,10,2026-10-02 14:30:50
2241,51-HCM Thu Duc/Linh Xuan Hub,in-house,Full-Time,878,NGUYỄN VĂN CHUNG,311,166,0.5338,128,17,2026-10-02 14:30:50
2241,51-HCM Thu Duc/Linh Xuan Hub,in-house,Full-Time,119716,NGUYỄN VĂN QUÂN,179,92,0.514,83,4,2026-10-02 14:30:50
2241,51-HCM Thu Duc/Linh Xuan Hub,in-house,Full-Time,70927,ĐÀO XUÂN PHÚC,1,0,0,0,0,2026-10-02 14:30:50
2425,51-HCM Thu Duc/Ngo Chi Quoc Hub,in-house,Full-Time,120099,TRÌNH VĂN NAM,82,80,0.9756,0,2,2026-10-02 14:30:50
2425,51-HCM Thu Duc/Ngo Chi Quoc Hub,in-house,Full-Time,147723,DƯƠNG TRÍ TÀI,184,178,0.9674,0,6,2026-10-02 14:30:50
2425,51-HCM Thu Duc/Ngo Chi Quoc Hub,in-house,Full-Time,149673,NGUYỄN PHẠM TOÀN THẮNG,241,221,0.917,11,9,2026-10-02 14:30:50
2425,51-HCM Thu Duc/Ngo Chi Quoc Hub,in-house,Full-Time,156844,LÊ HÙNG SƠN,223,183,0.8206,35,5,2026-10-02 14:30:50
2425,51-HCM Thu Duc/Ngo Chi Quoc Hub,in-house,Full-Time,29289,HUỲNH MINH HUY,261,209,0.8008,43,9,2026-10-02 14:30:50
2425,51-HCM Thu Duc/Ngo Chi Quoc Hub,in-house,Full-Time,126782,TRẦN ĐĂNG KHOA,198,149,0.7525,38,11,2026-10-02 14:30:50
2425,51-HCM Thu Duc/Ngo Chi Quoc Hub,in-house,Full-Time,67003,NGUYỄN TRỌNG TRÍ,216,154,0.713,58,4,2026-10-02 14:30:50
2425,51-HCM Thu Duc/Ngo Chi Quoc Hub,in-house,Full-Time,140300,THẠCH RÁCH THA,218,151,0.6927,64,3,2026-10-02 14:30:50
2425,51-HCM Thu Duc/Ngo Chi Quoc Hub,in-house,Full-Time,99604,ĐẶNG THÀNH LỘC,181,115,0.6354,56,10,2026-10-02 14:30:50
2425,51-HCM Thu Duc/Ngo Chi Quoc Hub,in-house,Full-Time,162282,PHẠM VĂN ĐỒNG,156,104,0.6667,51,1,2026-10-02 14:30:50
2425,51-HCM Thu Duc/Ngo Chi Quoc Hub,in-house,Full-Time,19251,NGUYỄN ĐỨC THIÊN,202,128,0.6337,68,6,2026-10-02 14:30:50
2425,51-HCM Thu Duc/Ngo Chi Quoc Hub,in-house,Full-Time,47271,NGUYỄN VĂN HOÀNG,221,139,0.629,79,3,2026-10-02 14:30:50
2425,51-HCM Thu Duc/Ngo Chi Quoc Hub,in-house,Full-Time,51483,PHẠM ĐÌNH TOẢN,202,124,0.6139,73,5,2026-10-02 14:30:50
2425,51-HCM Thu Duc/Ngo Chi Quoc Hub,in-house,Full-Time,19126,NGUYỄN LƯƠNG MINH PHÚ,231,142,0.6147,84,5,2026-10-02 14:30:50
2425,51-HCM Thu Duc/Ngo Chi Quoc Hub,in-house,Full-Time,82399,VÕ XUÂN GIÀU,195,104,0.5333,77,14,2026-10-02 14:30:50
2425,51-HCM Thu Duc/Ngo Chi Quoc Hub,in-house,Full-Time,19242,BÙI HOÀNG TUẤN,225,124,0.5511,89,12,2026-10-02 14:30:50
2425,51-HCM Thu Duc/Ngo Chi Quoc Hub,in-house,Full-Time,161988,NGUYỄN NGỌC VINH,185,95,0.5135,85,5,2026-10-02 14:30:50
2425,51-HCM Thu Duc/Ngo Chi Quoc Hub,in-house,Full-Time,154310,HUỲNH HỮU QUỐC HÂN,126,63,0.5,59,4,2026-10-02 14:30:50
2425,51-HCM Thu Duc/Ngo Chi Quoc Hub,in-house,Full-Time,129926,PHẠM HOÀNG MINH HIỂN,128,63,0.4922,61,4,2026-10-02 14:30:50
2425,51-HCM Thu Duc/Ngo Chi Quoc Hub,in-house,Full-Time,155811,PHẠM TRƯỜNG THỊNH,157,58,0.3694,80,19,2026-10-02 14:30:50
2425,51-HCM Thu Duc/Ngo Chi Quoc Hub,in-house,Full-Time,155309,HỒ THỊ THÚY NGÂN,176,63,0.358,95,18,2026-10-02 14:30:50
2425,51-HCM Thu Duc/Ngo Chi Quoc Hub,in-house,Full-Time,69644,NGUYỄN VĂN HƯNG,203,75,0.3695,121,7,2026-10-02 14:30:50
4232,52-HCM SDD-01 Hub,in-house,Full-Time,113451,NGUYỄN NGỌC TÌNH,10,10,1,0,0,2026-10-02 14:30:50
4232,52-HCM SDD-01 Hub,in-house,Full-Time,113463,ĐÀO ĐỨC LỘC,12,12,1,0,0,2026-10-02 14:30:50
4232,52-HCM SDD-01 Hub,in-house,Full-Time,113509,NGUYỄN MINH ANH TUẤN,30,29,0.9667,0,1,2026-10-02 14:30:50
4232,52-HCM SDD-01 Hub,in-house,Full-Time,113896,LÝ TRÍ VĂN,20,20,1,0,0,2026-10-02 14:30:50
4232,52-HCM SDD-01 Hub,in-house,Full-Time,113957,NGÔ NGUYỄN DUY ANH,13,13,1,0,0,2026-10-02 14:30:50
4232,52-HCM SDD-01 Hub,in-house,Full-Time,114223,TRƯƠNG VÕ TÀI TRÍ,1,1,1,0,0,2026-10-02 14:30:50
4232,52-HCM SDD-01 Hub,in-house,Full-Time,114467,HỒNG HẢI TRIỀU,30,30,1,0,0,2026-10-02 14:30:50
4232,52-HCM SDD-01 Hub,in-house,Full-Time,114909,HUỲNH THANH THƯƠNG,1,0,0,0,1,2026-10-02 14:30:50
4232,52-HCM SDD-01 Hub,in-house,Full-Time,114912,TRẦN HOÀI VŨ LINH,34,34,1,0,0,2026-10-02 14:30:50
4232,52-HCM SDD-01 Hub,in-house,Full-Time,115115,HUỲNH QUANG NHÂN,22,22,1,0,0,2026-10-02 14:30:50
4232,52-HCM SDD-01 Hub,in-house,Full-Time,115251,TRẦN NHÂN TÔN,20,20,1,0,0,2026-10-02 14:30:50
4232,52-HCM SDD-01 Hub,in-house,Full-Time,115449,NGUYỄN CẢNH NAM,23,23,1,0,0,2026-10-02 14:30:50
4232,52-HCM SDD-01 Hub,in-house,Full-Time,116422,THIÊU HƯNG TÀI,21,21,1,0,0,2026-10-02 14:30:50
4232,52-HCM SDD-01 Hub,in-house,Full-Time,117363,ĐẶNG XUÂN THÔNG,13,13,1,0,0,2026-10-02 14:30:50
4232,52-HCM SDD-01 Hub,in-house,Full-Time,117636,NGUYỄN NGỌC HÂN,14,14,1,0,0,2026-10-02 14:30:50
4232,52-HCM SDD-01 Hub,in-house,Full-Time,117637,NGUYỄN CHÂU THANH,17,17,1,0,0,2026-10-02 14:30:50
4232,52-HCM SDD-01 Hub,in-house,Full-Time,117913,BÙI QUANG THÁI,15,15,1,0,0,2026-10-02 14:30:50
4232,52-HCM SDD-01 Hub,in-house,Full-Time,118297,BỬU VĨNH BẢO LONG,29,29,1,0,0,2026-10-02 14:30:50
4232,52-HCM SDD-01 Hub,in-house,Full-Time,119532,LÊ ĐẠI PHÚC,6,0,0,0,6,2026-10-02 14:30:50
4232,52-HCM SDD-01 Hub,in-house,Full-Time,119533,VÕ ANH KHOA,22,22,1,0,0,2026-10-02 14:30:50
4232,52-HCM SDD-01 Hub,in-house,Full-Time,120723,CHÂU VĂN THUẬN,29,29,1,0,0,2026-10-02 14:30:50
4232,52-HCM SDD-01 Hub,in-house,Full-Time,121382,NGUYỄN THÀNH LẬP,44,44,1,0,0,2026-10-02 14:30:50
4232,52-HCM SDD-01 Hub,in-house,Full-Time,121383,HUỲNH THANH TUẤN,33,31,0.9394,0,2,2026-10-02 14:30:50
4232,52-HCM SDD-01 Hub,in-house,Full-Time,121886,NGUYỄN XUÂN HOÀNG,33,30,0.9091,0,3,2026-10-02 14:30:50
4232,52-HCM SDD-01 Hub,in-house,Full-Time,122070,NGUYỄN TRỌNG DUY,34,34,1,0,0,2026-10-02 14:30:50
4232,52-HCM SDD-01 Hub,in-house,Full-Time,122072,TRẦN QUỐC TUẤN,21,21,1,0,0,2026-10-02 14:30:50
4232,52-HCM SDD-01 Hub,in-house,Full-Time,122073,ĐỖ MINH ĐẠT,18,18,1,0,0,2026-10-02 14:30:50
4232,52-HCM SDD-01 Hub,in-house,Full-Time,122454,NGUYỄN BẢO LỘC,26,26,1,0,0,2026-10-02 14:30:50
4232,52-HCM SDD-01 Hub,in-house,Full-Time,122869,DƯƠNG THÀNH ĐẠT,16,16,1,0,0,2026-10-02 14:30:50
4232,52-HCM SDD-01 Hub,in-house,Full-Time,123360,TRẦN LÊ ĐỨC,29,25,0.8621,0,4,2026-10-02 14:30:50
4232,52-HCM SDD-01 Hub,in-house,Full-Time,123926,VÕ ANH HÀO,20,20,1,0,0,2026-10-02 14:30:50
4232,52-HCM SDD-01 Hub,in-house,Full-Time,124680,LÊ HOÀNG HUY NAM,31,30,0.9677,0,1,2026-10-02 14:30:50
4232,52-HCM SDD-01 Hub,in-house,Full-Time,126615,TRẦN GIA BẢO,16,16,1,0,0,2026-10-02 14:30:50
4232,52-HCM SDD-01 Hub,in-house,Full-Time,126959,LÊ VĂN CƯƠNG,47,47,1,0,0,2026-10-02 14:30:50
4232,52-HCM SDD-01 Hub,in-house,Full-Time,127164,NGUYỄN VĂN ĐÔNG,29,29,1,0,0,2026-10-02 14:30:50
4232,52-HCM SDD-01 Hub,in-house,Full-Time,127368,TRƯƠNG HOÀNG TÂM,22,22,1,0,0,2026-10-02 14:30:50
4232,52-HCM SDD-01 Hub,in-house,Full-Time,127767,ĐINH VĂN TÚ,25,25,1,0,0,2026-10-02 14:30:50
4232,52-HCM SDD-01 Hub,in-house,Full-Time,127900,NGUYỄN THỊ HOÀNG LAN,18,18,1,0,0,2026-10-02 14:30:50
4232,52-HCM SDD-01 Hub,in-house,Full-Time,128150,LÊ HỮU CƯỜNG,30,30,1,0,0,2026-10-02 14:30:50
4232,52-HCM SDD-01 Hub,in-house,Full-Time,129105,TRẦN HƯNG PHÁT,20,20,1,0,0,2026-10-02 14:30:50
4232,52-HCM SDD-01 Hub,in-house,Full-Time,129593,LƯU PHÁT,22,22,1,0,0,2026-10-02 14:30:50
4232,52-HCM SDD-01 Hub,in-house,Full-Time,129679,NGUYỄN VĂN TRỌNG,26,23,0.8846,0,3,2026-10-02 14:30:50
4232,52-HCM SDD-01 Hub,in-house,Full-Time,130167,VŨ QUANG HUY,22,22,1,0,0,2026-10-02 14:30:50
4232,52-HCM SDD-01 Hub,in-house,Full-Time,131116,LÝ NHỰT QUANG,33,30,0.9091,0,3,2026-10-02 14:30:50
4232,52-HCM SDD-01 Hub,in-house,Full-Time,131180,PHAN VĂN HƯNG,1,1,1,0,0,2026-10-02 14:30:50
4232,52-HCM SDD-01 Hub,in-house,Full-Time,131976,NGUYỄN CÔNG DANH,32,32,1,0,0,2026-10-02 14:30:50
4232,52-HCM SDD-01 Hub,in-house,Full-Time,133313,NGUYỄN HOÀNG THIÊN HẬU,23,23,1,0,0,2026-10-02 14:30:50
4232,52-HCM SDD-01 Hub,in-house,Full-Time,133426,TRẦN ANH TUẤN,28,27,0.9643,0,1,2026-10-02 14:30:50
4232,52-HCM SDD-01 Hub,in-house,Full-Time,133550,DANH TIẾN THÀNH,3,3,1,0,0,2026-10-02 14:30:50
4232,52-HCM SDD-01 Hub,in-house,Full-Time,133551,LÝ PHƯỚC CHƯƠNG,23,22,0.9565,0,1,2026-10-02 14:30:50
4232,52-HCM SDD-01 Hub,in-house,Full-Time,136313,NGUYỄN HỒNG PHÚC,32,32,1,0,0,2026-10-02 14:30:50
4232,52-HCM SDD-01 Hub,in-house,Full-Time,136316,PHẠM TĂNG PHÁT,19,19,1,0,0,2026-10-02 14:30:50
4232,52-HCM SDD-01 Hub,in-house,Full-Time,136341,NGUYỄN PHÚC LÂM,25,25,1,0,0,2026-10-02 14:30:50
4232,52-HCM SDD-01 Hub,in-house,Full-Time,136649,LƯ VĨNH TOÀN,1,1,1,0,0,2026-10-02 14:30:50
4232,52-HCM SDD-01 Hub,in-house,Full-Time,137087,PHẠM HUỲNH MINH HUY,1,1,1,0,0,2026-10-02 14:30:50
4232,52-HCM SDD-01 Hub,in-house,Full-Time,138591,VÕ NGUYỄN TRỌNG HIẾU,16,16,1,0,0,2026-10-02 14:30:50
4232,52-HCM SDD-01 Hub,in-house,Full-Time,139219,HÀ NAM HẢI,20,20,1,0,0,2026-10-02 14:30:50
4232,52-HCM SDD-01 Hub,in-house,Full-Time,139233,NGUYỄN CÔNG THUẬN,31,31,1,0,0,2026-10-02 14:30:50
4232,52-HCM SDD-01 Hub,in-house,Full-Time,140312,NGUYỄN THANH PHƯỚC,2,2,1,0,0,2026-10-02 14:30:50
4232,52-HCM SDD-01 Hub,in-house,Full-Time,140530,HỒ THANH HẬU,21,21,1,0,0,2026-10-02 14:30:50
4232,52-HCM SDD-01 Hub,in-house,Full-Time,141094,MẠC CHÍ VINH,32,31,0.9688,0,1,2026-10-02 14:30:50
4232,52-HCM SDD-01 Hub,in-house,Full-Time,141964,PHÙNG TUẤN KIỆT,26,26,1,0,0,2026-10-02 14:30:50
4232,52-HCM SDD-01 Hub,in-house,Full-Time,142323,TRẦN NGỌC MINH,25,22,0.88,0,3,2026-10-02 14:30:50
4232,52-HCM SDD-01 Hub,in-house,Full-Time,142550,HOÀNG LONG,20,20,1,0,0,2026-10-02 14:30:50
4232,52-HCM SDD-01 Hub,in-house,Full-Time,142826,TRẦN HẢI ĐĂNG,33,33,1,0,0,2026-10-02 14:30:50
4232,52-HCM SDD-01 Hub,in-house,Full-Time,143021,NGUYỄN THÀNH ĐẠT,30,29,0.9667,0,1,2026-10-02 14:30:50
4232,52-HCM SDD-01 Hub,in-house,Full-Time,143024,NGUYỄN NGÔ KHÁNH PHI,17,17,1,0,0,2026-10-02 14:30:50
4232,52-HCM SDD-01 Hub,in-house,Full-Time,143236,BÙI ĐỨC VƯƠNG QUY,29,29,1,0,0,2026-10-02 14:30:50
4232,52-HCM SDD-01 Hub,in-house,Full-Time,143237,ĐỖ THÀNH LONG,32,32,1,0,0,2026-10-02 14:30:50
4232,52-HCM SDD-01 Hub,in-house,Full-Time,143519,NGUYỄN MINH THOẠI,15,13,0.8667,0,2,2026-10-02 14:30:50
4232,52-HCM SDD-01 Hub,in-house,Full-Time,143520,NGUYỄN HIẾU TOẠI,20,20,1,0,0,2026-10-02 14:30:50
4232,52-HCM SDD-01 Hub,in-house,Full-Time,143660,ĐINH HÙNG TIẾN,28,28,1,0,0,2026-10-02 14:30:50
4232,52-HCM SDD-01 Hub,in-house,Full-Time,144076,LÝ GIA HUY,28,28,1,0,0,2026-10-02 14:30:50
4232,52-HCM SDD-01 Hub,in-house,Full-Time,144088,TRẦN VĂN MINH NHỰT,35,35,1,0,0,2026-10-02 14:30:50
4232,52-HCM SDD-01 Hub,in-house,Full-Time,144330,LÂM VĂN HUY,21,21,1,0,0,2026-10-02 14:30:50
4232,52-HCM SDD-01 Hub,in-house,Full-Time,144336,QUAN HỒNG CẢNH,29,29,1,0,0,2026-10-02 14:30:50
4232,52-HCM SDD-01 Hub,in-house,Full-Time,144555,NGÔ VĂN LẸ,27,25,0.9259,0,2,2026-10-02 14:30:50
4232,52-HCM SDD-01 Hub,in-house,Full-Time,144643,NGUYỄN HOÀNG ĐẠT,20,20,1,0,0,2026-10-02 14:30:50
4232,52-HCM SDD-01 Hub,in-house,Full-Time,144896,NGUYỄN HOÀNG SANG,19,19,1,0,0,2026-10-02 14:30:50
4232,52-HCM SDD-01 Hub,in-house,Full-Time,145712,LÊ SƠN KHA,20,19,0.95,0,1,2026-10-02 14:30:50
4232,52-HCM SDD-01 Hub,in-house,Full-Time,145723,BÙI XUÂN THUẬN,20,20,1,0,0,2026-10-02 14:30:50
4232,52-HCM SDD-01 Hub,in-house,Full-Time,146151,LÊ MINH KHA,52,52,1,0,0,2026-10-02 14:30:50
4232,52-HCM SDD-01 Hub,in-house,Full-Time,146267,TRƯƠNG QUỐC CƯỜNG,26,26,1,0,0,2026-10-02 14:30:50
4232,52-HCM SDD-01 Hub,in-house,Full-Time,146268,HUỲNH THANH VŨ,40,39,0.975,0,1,2026-10-02 14:30:50
4232,52-HCM SDD-01 Hub,in-house,Full-Time,146363,KIỀU CAO THIÊN,20,20,1,0,0,2026-10-02 14:30:50
4232,52-HCM SDD-01 Hub,in-house,Full-Time,146385,NGUYỄN DUY THANH,19,19,1,0,0,2026-10-02 14:30:50
4232,52-HCM SDD-01 Hub,in-house,Full-Time,146389,TRƯƠNG THỊ NGỌC GIÀU,20,20,1,0,0,2026-10-02 14:30:50
4232,52-HCM SDD-01 Hub,in-house,Full-Time,146709,NGÔ MINH TÂM,39,39,1,0,0,2026-10-02 14:30:50
4232,52-HCM SDD-01 Hub,in-house,Full-Time,146728,LÝ HOÀI PHƯƠNG,24,24,1,0,0,2026-10-02 14:30:50
4232,52-HCM SDD-01 Hub,in-house,Full-Time,146937,NGUYỄN VĂN TIẾN,85,85,1,0,0,2026-10-02 14:30:50
4232,52-HCM SDD-01 Hub,in-house,Full-Time,147085,NGUYỄN QUANG HIẾU,1,1,1,0,0,2026-10-02 14:30:50
4232,52-HCM SDD-01 Hub,in-house,Full-Time,147088,TRẦN TUẤN LỊCH,45,42,0.9333,0,3,2026-10-02 14:30:50
4232,52-HCM SDD-01 Hub,in-house,Full-Time,147096,NGUYỄN VĂN TRUNG,20,19,0.95,0,1,2026-10-02 14:30:50
4232,52-HCM SDD-01 Hub,in-house,Full-Time,147098,NGUYỄN VĂN DŨNG,25,25,1,0,0,2026-10-02 14:30:50
4232,52-HCM SDD-01 Hub,in-house,Full-Time,147410,LƯƠNG HÒA THIỆN,25,24,0.96,0,1,2026-10-02 14:30:50
4232,52-HCM SDD-01 Hub,in-house,Full-Time,147411,NGUYỄN VĂN LÂM,20,20,1,0,0,2026-10-02 14:30:50
4232,52-HCM SDD-01 Hub,in-house,Full-Time,157700,NGUYỄN QUỐC TƯỜNG,36,36,1,0,0,2026-10-02 14:30:50
4232,52-HCM SDD-01 Hub,in-house,Full-Time,157706,PHẠM QUỐC HUY,1,0,0,0,1,2026-10-02 14:30:50
4232,52-HCM SDD-01 Hub,in-house,Full-Time,157821,LÊ HỒNG LUẬN,20,20,1,0,0,2026-10-02 14:30:50
4232,52-HCM SDD-01 Hub,in-house,Full-Time,158001,PHẠM NHẬT TRƯỜNG,29,27,0.931,0,2,2026-10-02 14:30:50
4232,52-HCM SDD-01 Hub,in-house,Full-Time,158002,ĐÀO MẠNH DŨNG,20,20,1,0,0,2026-10-02 14:30:50
4232,52-HCM SDD-01 Hub,in-house,Full-Time,158186,ĐỖ NGỌC QUỲNH NHƯ,36,36,1,0,0,2026-10-02 14:30:50
4232,52-HCM SDD-01 Hub,in-house,Full-Time,158410,VŨ CHÍ TÀI,20,20,1,0,0,2026-10-02 14:30:50
4232,52-HCM SDD-01 Hub,in-house,Full-Time,158417,NGUYỄN ĐĂNG KHOA,11,11,1,0,0,2026-10-02 14:30:50
4232,52-HCM SDD-01 Hub,in-house,Full-Time,158418,ĐÀO DUY THỊNH,30,30,1,0,0,2026-10-02 14:30:50
4232,52-HCM SDD-01 Hub,in-house,Full-Time,158421,TRẦN NGHĨA XUÂN,16,15,0.9375,0,1,2026-10-02 14:30:50
4232,52-HCM SDD-01 Hub,in-house,Full-Time,158548,BÙI QUỐC MINH,37,37,1,0,0,2026-10-02 14:30:50
4232,52-HCM SDD-01 Hub,in-house,Full-Time,158552,NGUYỄN THẾ TÀI,20,20,1,0,0,2026-10-02 14:30:50
4232,52-HCM SDD-01 Hub,in-house,Full-Time,158661,NGUYỄN ANH TUẤN,15,14,0.9333,0,1,2026-10-02 14:30:50
4232,52-HCM SDD-01 Hub,in-house,Full-Time,158668,NGUYỄN ANH TÚ,25,25,1,0,0,2026-10-02 14:30:50
4232,52-HCM SDD-01 Hub,in-house,Full-Time,158670,HỒ ANH TIỀN,20,20,1,0,0,2026-10-02 14:30:50
4232,52-HCM SDD-01 Hub,in-house,Full-Time,158812,ĐẶNG MINH PHÚC,43,43,1,0,0,2026-10-02 14:30:50
4232,52-HCM SDD-01 Hub,in-house,Full-Time,158816,NGUYỄN PHÚC BẮC,31,29,0.9355,0,2,2026-10-02 14:30:50
4232,52-HCM SDD-01 Hub,in-house,Full-Time,158821,LÂM THÁI DUY QUANG,20,20,1,0,0,2026-10-02 14:30:50
4232,52-HCM SDD-01 Hub,in-house,Full-Time,158908,TRẦN HỮU NGHĨA,19,19,1,0,0,2026-10-02 14:30:50
4232,52-HCM SDD-01 Hub,in-house,Full-Time,158938,HÀ TRƯỞNG THANH,17,17,1,0,0,2026-10-02 14:30:50
4232,52-HCM SDD-01 Hub,in-house,Full-Time,158940,TRẦN XUÂN TOÀN,20,18,0.9,0,2,2026-10-02 14:30:50
4232,52-HCM SDD-01 Hub,in-house,Full-Time,159062,NGUYỄN HỒNG PHÚC,20,20,1,0,0,2026-10-02 14:30:50
4232,52-HCM SDD-01 Hub,in-house,Full-Time,159068,NGUYỄN LÊ PHÚ QUÍ,23,21,0.913,0,2,2026-10-02 14:30:50
4232,52-HCM SDD-01 Hub,in-house,Full-Time,159279,PHAN CÔNG TÂN,28,28,1,0,0,2026-10-02 14:30:50
4232,52-HCM SDD-01 Hub,in-house,Full-Time,159281,MAI PHƯỚC QUANG PHÚ,22,17,0.7727,0,5,2026-10-02 14:30:50
4232,52-HCM SDD-01 Hub,in-house,Full-Time,159284,TRẦN VĂN TÍ,25,23,0.92,0,2,2026-10-02 14:30:50
4232,52-HCM SDD-01 Hub,in-house,Full-Time,159285,TRẦN HỮU NGUYỄN,20,20,1,0,0,2026-10-02 14:30:50
4232,52-HCM SDD-01 Hub,in-house,Full-Time,159659,NGUYỄN THANH BÌNH,19,18,0.9474,0,1,2026-10-02 14:30:50
4232,52-HCM SDD-01 Hub,in-house,Full-Time,159662,DƯƠNG THUẬN PHÁT,25,24,0.96,0,1,2026-10-02 14:30:50
4232,52-HCM SDD-01 Hub,in-house,Full-Time,159667,LÊ ĐẠI VƯƠNG,4,2,0.5,0,2,2026-10-02 14:30:50
4232,52-HCM SDD-01 Hub,in-house,Full-Time,160022,HUỲNH KIM THÀNH,21,21,1,0,0,2026-10-02 14:30:50
4232,52-HCM SDD-01 Hub,in-house,Full-Time,160036,BÙI QUANG HOÀN,10,10,1,0,0,2026-10-02 14:30:50
4232,52-HCM SDD-01 Hub,in-house,Full-Time,160042,LÊ THANH NGHĨA,20,20,1,0,0,2026-10-02 14:30:50
4232,52-HCM SDD-01 Hub,in-house,Full-Time,160259,NGUYỄN MINH ĐỨC,20,19,0.95,0,1,2026-10-02 14:30:50
4232,52-HCM SDD-01 Hub,in-house,Full-Time,160267,NGUYỄN MINH TUẤN,20,20,1,0,0,2026-10-02 14:30:50
4232,52-HCM SDD-01 Hub,in-house,Full-Time,160273,VÕ ANH LUÂN,21,20,0.9524,0,1,2026-10-02 14:30:50
4232,52-HCM SDD-01 Hub,in-house,Full-Time,160449,NGUYỄN KA THẮNG,16,16,1,0,0,2026-10-02 14:30:50
4232,52-HCM SDD-01 Hub,in-house,Full-Time,162522,NGUYỄN VĂN CÓ,18,18,1,0,0,2026-10-02 14:30:50
4232,52-HCM SDD-01 Hub,in-house,Full-Time,162660,NGUYỄN PHÁT THÀNH,20,20,1,0,0,2026-10-02 14:30:50
4232,52-HCM SDD-01 Hub,in-house,Full-Time,162663,TÔ TẤN PHÚ,21,19,0.9048,0,2,2026-10-02 14:30:50
4232,52-HCM SDD-01 Hub,in-house,Full-Time,162664,NGUYỄN ẢNH TOÀN,23,22,0.9565,0,1,2026-10-02 14:30:50
4232,52-HCM SDD-01 Hub,in-house,Full-Time,162862,HUỲNH BẢO NGHI,19,19,1,0,0,2026-10-02 14:30:50
4232,52-HCM SDD-01 Hub,in-house,Full-Time,163025,LÊ TẤN TÀI,26,25,0.9615,0,1,2026-10-02 14:30:50
4232,52-HCM SDD-01 Hub,in-house,Full-Time,163030,NGUYỄN HẢI TUẤN,18,18,1,0,0,2026-10-02 14:30:50
4232,52-HCM SDD-01 Hub,in-house,Full-Time,140746,MAI TUẤN KIỆT,48,47,0.9792,1,0,2026-10-02 14:30:50
4232,52-HCM SDD-01 Hub,in-house,Full-Time,158551,TRẦN THANH SANG,41,38,0.9268,1,2,2026-10-02 14:30:50
4232,52-HCM SDD-01 Hub,in-house,Full-Time,130961,LÂM VĂN THUẬN,39,38,0.9744,1,0,2026-10-02 14:30:50
4232,52-HCM SDD-01 Hub,in-house,Full-Time,122445,LÊ TRẦN TRUNG TUẤN,37,36,0.973,1,0,2026-10-02 14:30:50
4232,52-HCM SDD-01 Hub,in-house,Full-Time,127143,VÕ THÀNH LUÂN,34,31,0.9118,1,2,2026-10-02 14:30:50
4232,52-HCM SDD-01 Hub,in-house,Full-Time,130163,TRẦN MINH CƯỜNG,34,32,0.9412,1,1,2026-10-02 14:30:50
4232,52-HCM SDD-01 Hub,in-house,Full-Time,140802,NGUYỄN HUY HOÀNG,34,33,0.9706,1,0,2026-10-02 14:30:50
4232,52-HCM SDD-01 Hub,in-house,Full-Time,157996,TRƯƠNG VĂN ĐẠI,33,32,0.9697,1,0,2026-10-02 14:30:50
4232,52-HCM SDD-01 Hub,in-house,Full-Time,157702,TRẦN VĂN HUY,30,29,0.9667,1,0,2026-10-02 14:30:50
4232,52-HCM SDD-01 Hub,in-house,Full-Time,160834,VŨ CAO HOÀNG BẢO,30,29,0.9667,1,0,2026-10-02 14:30:50
4232,52-HCM SDD-01 Hub,in-house,Full-Time,158198,NGUYỄN DUY KHANG,29,28,0.9655,1,0,2026-10-02 14:30:50
4232,52-HCM SDD-01 Hub,in-house,Full-Time,143234,LƯƠNG THỊ THÚY NHUNG,56,54,0.9643,2,0,2026-10-02 14:30:50
4232,52-HCM SDD-01 Hub,in-house,Full-Time,115452,NGUYỄN BÙI ĐỨC QUÝ,27,26,0.963,1,0,2026-10-02 14:30:50
4232,52-HCM SDD-01 Hub,in-house,Full-Time,140528,TRẦN DUY PHONG,26,25,0.9615,1,0,2026-10-02 14:30:50
4232,52-HCM SDD-01 Hub,in-house,Full-Time,137635,HỒ HOÀNG PHÚC,25,24,0.96,1,0,2026-10-02 14:30:50
4232,52-HCM SDD-01 Hub,in-house,Full-Time,141431,NGUYỄN MINH TUÂN,25,24,0.96,1,0,2026-10-02 14:30:50
4232,52-HCM SDD-01 Hub,in-house,Full-Time,157819,LÊ MINH ANH,25,24,0.96,1,0,2026-10-02 14:30:50
4232,52-HCM SDD-01 Hub,in-house,Full-Time,127160,TRẦN VĨNH PHÁT,24,23,0.9583,1,0,2026-10-02 14:30:50
4232,52-HCM SDD-01 Hub,in-house,Full-Time,143514,LÊ VĂN NGỌC,24,23,0.9583,1,0,2026-10-02 14:30:50
4232,52-HCM SDD-01 Hub,in-house,Full-Time,146152,TRẦN CHẤN HIỆP,48,46,0.9583,2,0,2026-10-02 14:30:50
4232,52-HCM SDD-01 Hub,in-house,Full-Time,159670,DƯƠNG THÀNH THIỆN,24,19,0.7917,1,4,2026-10-02 14:30:50
4232,52-HCM SDD-01 Hub,in-house,Full-Time,157705,HỒ ĐỨC THẾ,23,22,0.9565,1,0,2026-10-02 14:30:50
4232,52-HCM SDD-01 Hub,in-house,Full-Time,157709,PHAN LÊ HOÀNG CẦM,23,22,0.9565,1,0,2026-10-02 14:30:50
4232,52-HCM SDD-01 Hub,in-house,Full-Time,163023,DIỆP HOÀI NAM,23,19,0.8261,1,3,2026-10-02 14:30:50
4232,52-HCM SDD-01 Hub,in-house,Full-Time,149787,LƯU NGHIỆP,22,21,0.9545,1,0,2026-10-02 14:30:50
4232,52-HCM SDD-01 Hub,in-house,Full-Time,158671,PHAN THANH HÒA,22,21,0.9545,1,0,2026-10-02 14:30:50
4232,52-HCM SDD-01 Hub,in-house,Full-Time,159664,NGUYỄN XUÂN QUANG,22,21,0.9545,1,0,2026-10-02 14:30:50
4232,52-HCM SDD-01 Hub,in-house,Full-Time,160024,ĐÀO VĨNH QUAN,22,21,0.9545,1,0,2026-10-02 14:30:50
4232,52-HCM SDD-01 Hub,in-house,Full-Time,115456,NGUYỄN VĂN QUỐC TRUYỀN,21,20,0.9524,1,0,2026-10-02 14:30:50
4232,52-HCM SDD-01 Hub,in-house,Full-Time,127144,DƯƠNG THẾ HẢI,21,19,0.9048,1,1,2026-10-02 14:30:50
4232,52-HCM SDD-01 Hub,in-house,Full-Time,123651,NGUYỄN GIA HUY,20,17,0.85,1,2,2026-10-02 14:30:50
4232,52-HCM SDD-01 Hub,in-house,Full-Time,138931,HUỲNH VĂN ĐẠI,40,38,0.95,2,0,2026-10-02 14:30:50
4232,52-HCM SDD-01 Hub,in-house,Full-Time,144335,LÊ TIẾN ĐẠT,20,19,0.95,1,0,2026-10-02 14:30:50
4232,52-HCM SDD-01 Hub,in-house,Full-Time,157851,TRỊNH LONG VŨ,20,19,0.95,1,0,2026-10-02 14:30:50
4232,52-HCM SDD-01 Hub,in-house,Full-Time,158191,NGUYỄN MINH PHÚC,20,19,0.95,1,0,2026-10-02 14:30:50
4232,52-HCM SDD-01 Hub,in-house,Full-Time,158556,ĐINH QUỐC KHÁNH,20,18,0.9,1,1,2026-10-02 14:30:50
4232,52-HCM SDD-01 Hub,in-house,Full-Time,160624,PHẠM MINH HOÀNG,20,19,0.95,1,0,2026-10-02 14:30:50
4232,52-HCM SDD-01 Hub,in-house,Full-Time,160833,TRỊNH THIÊN BẢO,20,18,0.9,1,1,2026-10-02 14:30:50
4232,52-HCM SDD-01 Hub,in-house,Full-Time,143664,ĐINH VÕ HOÀNG DƯƠNG,19,18,0.9474,1,0,2026-10-02 14:30:50
4232,52-HCM SDD-01 Hub,in-house,Full-Time,137683,VÕ ĐĂNG KHOA,37,34,0.9189,2,1,2026-10-02 14:30:50
4232,52-HCM SDD-01 Hub,in-house,Full-Time,137636,TRẦN DUY KHOA,36,34,0.9444,2,0,2026-10-02 14:30:50
4232,52-HCM SDD-01 Hub,in-house,Full-Time,145316,TRẦN QUANG VINH,18,17,0.9444,1,0,2026-10-02 14:30:50
4232,52-HCM SDD-01 Hub,in-house,Full-Time,160038,TRẦN HỒNG THỊNH,36,33,0.9167,2,1,2026-10-02 14:30:50
4232,52-HCM SDD-01 Hub,in-house,Full-Time,116428,NGUYỄN TRỌNG BÌNH,35,33,0.9429,2,0,2026-10-02 14:30:50
4232,52-HCM SDD-01 Hub,in-house,Full-Time,127369,NGUYỄN MINH,35,33,0.9429,2,0,2026-10-02 14:30:50
4232,52-HCM SDD-01 Hub,in-house,Full-Time,120109,TĂNG HỒNG ÁNH PHÁT,16,15,0.9375,1,0,2026-10-02 14:30:50
4232,52-HCM SDD-01 Hub,in-house,Full-Time,137090,NGUYỄN ĐOÀN ĐỨC LUẬN,15,14,0.9333,1,0,2026-10-02 14:30:50
4232,52-HCM SDD-01 Hub,in-house,Full-Time,138126,BÙI NGỌC THANH PHÁT,15,14,0.9333,1,0,2026-10-02 14:30:50
4232,52-HCM SDD-01 Hub,in-house,Full-Time,143019,TRẦN THÀNH ĐẠT,15,14,0.9333,1,0,2026-10-02 14:30:50
4232,52-HCM SDD-01 Hub,in-house,Full-Time,157704,NGUYỄN PHẠM THANH THANH,30,27,0.9,2,1,2026-10-02 14:30:50
4232,52-HCM SDD-01 Hub,in-house,Full-Time,162861,PHAN VĂN MINH,15,14,0.9333,1,0,2026-10-02 14:30:50
4232,52-HCM SDD-01 Hub,in-house,Full-Time,123654,LÝ VĨNH QUANG,29,25,0.8621,2,2,2026-10-02 14:30:50
4232,52-HCM SDD-01 Hub,in-house,Full-Time,162859,PHAN THANH SANG,29,26,0.8966,2,1,2026-10-02 14:30:50
4232,52-HCM SDD-01 Hub,in-house,Full-Time,158659,LÊ HOÀNG PHÚC,57,53,0.9298,4,0,2026-10-02 14:30:50
4232,52-HCM SDD-01 Hub,in-house,Full-Time,129918,PHẠM CHÍ HIẾU,28,26,0.9286,2,0,2026-10-02 14:30:50
4232,52-HCM SDD-01 Hub,in-house,Full-Time,142824,NGUYỄN HỮU LUÂN,28,26,0.9286,2,0,2026-10-02 14:30:50
4232,52-HCM SDD-01 Hub,in-house,Full-Time,157712,TRƯƠNG NGUYỄN PHÚC ĐỨC,27,25,0.9259,2,0,2026-10-02 14:30:50
4232,52-HCM SDD-01 Hub,in-house,Full-Time,129360,NGUYỄN HỮU HẢI,40,37,0.925,3,0,2026-10-02 14:30:50
4232,52-HCM SDD-01 Hub,in-house,Full-Time,116019,PHAN ĐÌNH HUY,39,36,0.9231,3,0,2026-10-02 14:30:50
4232,52-HCM SDD-01 Hub,in-house,Full-Time,147406,NGUYỄN ĐỨC HIỀN,26,23,0.8846,2,1,2026-10-02 14:30:50
4232,52-HCM SDD-01 Hub,in-house,Full-Time,146264,NGUYỄN VY VƯƠNG,102,93,0.9118,8,1,2026-10-02 14:30:50
4232,52-HCM SDD-01 Hub,in-house,Full-Time,141384,VÕ THANH SƠN,25,23,0.92,2,0,2026-10-02 14:30:50
4232,52-HCM SDD-01 Hub,in-house,Full-Time,158820,NGUYỄN MINH KHOA,50,46,0.92,4,0,2026-10-02 14:30:50
4232,52-HCM SDD-01 Hub,in-house,Full-Time,130078,LỮ THANH LÂM,37,34,0.9189,3,0,2026-10-02 14:30:50
4232,52-HCM SDD-01 Hub,in-house,Full-Time,158199,VÕ HOÀI NAM,12,11,0.9167,1,0,2026-10-02 14:30:50
4232,52-HCM SDD-01 Hub,in-house,Full-Time,159665,NGUYỄN QUỐC TRÍ,24,22,0.9167,2,0,2026-10-02 14:30:50
4232,52-HCM SDD-01 Hub,in-house,Full-Time,163029,LÊ QUANG TIẾN,12,11,0.9167,1,0,2026-10-02 14:30:50
4232,52-HCM SDD-01 Hub,in-house,Full-Time,141830,NGUYỄN DUY TÂN,68,61,0.8971,6,1,2026-10-02 14:30:50
4232,52-HCM SDD-01 Hub,in-house,Full-Time,160041,NGÔ ĐẶNG THÀNH ĐẠT,34,29,0.8529,3,2,2026-10-02 14:30:50
4232,52-HCM SDD-01 Hub,in-house,Full-Time,143499,NGUYỄN NGỌC CHÂU,22,20,0.9091,2,0,2026-10-02 14:30:50
4232,52-HCM SDD-01 Hub,in-house,Full-Time,137089,NGÔ THANH ĐẠT,32,29,0.9063,3,0,2026-10-02 14:30:50
4232,52-HCM SDD-01 Hub,in-house,Full-Time,116021,DƯƠNG TẤT LỄ MINH,31,28,0.9032,3,0,2026-10-02 14:30:50
4232,52-HCM SDD-01 Hub,in-house,Full-Time,142321,NGUYỄN HỒNG LONG,31,27,0.871,3,1,2026-10-02 14:30:50
4232,52-HCM SDD-01 Hub,in-house,Full-Time,145720,QUÁCH HẢI THỌ,20,18,0.9,2,0,2026-10-02 14:30:50
4232,52-HCM SDD-01 Hub,in-house,Full-Time,145920,PHAN PHƯỚC MẪN,30,27,0.9,3,0,2026-10-02 14:30:50
4232,52-HCM SDD-01 Hub,in-house,Full-Time,147091,DANH NGỌC HIỀN,20,18,0.9,2,0,2026-10-02 14:30:50
4232,52-HCM SDD-01 Hub,in-house,Full-Time,160266,PHẠM CAO MINH,20,17,0.85,2,1,2026-10-02 14:30:50
4232,52-HCM SDD-01 Hub,in-house,Full-Time,147234,NGUYỄN TRƯỜNG GIANG,39,35,0.8974,4,0,2026-10-02 14:30:50
4232,52-HCM SDD-01 Hub,in-house,Full-Time,160262,BÙI TẤN PHÁT,67,60,0.8955,7,0,2026-10-02 14:30:50
4232,52-HCM SDD-01 Hub,in-house,Full-Time,122455,TRẦN CÔNG QUỲNH,38,34,0.8947,4,0,2026-10-02 14:30:50
4232,52-HCM SDD-01 Hub,in-house,Full-Time,159660,HUỲNH NHẬT HUY,28,22,0.7857,3,3,2026-10-02 14:30:50
4232,52-HCM SDD-01 Hub,in-house,Full-Time,120893,VÕ THANH HIỂN,26,23,0.8846,3,0,2026-10-02 14:30:50
4232,52-HCM SDD-01 Hub,in-house,Full-Time,129358,LÊ THÁI VINH,26,23,0.8846,3,0,2026-10-02 14:30:50
4232,52-HCM SDD-01 Hub,in-house,Full-Time,157711,PHẠM PHAN TUẤN KIỆT,43,38,0.8837,5,0,2026-10-02 14:30:50
4232,52-HCM SDD-01 Hub,in-house,Full-Time,114471,NGUYỄN VĂN THẢO,16,14,0.875,2,0,2026-10-02 14:30:50
4232,52-HCM SDD-01 Hub,in-house,Full-Time,129106,PHẠM TUẤN AN,32,28,0.875,4,0,2026-10-02 14:30:50
4232,52-HCM SDD-01 Hub,in-house,Full-Time,141632,HỒ TRUNG NGHĨA,31,27,0.871,4,0,2026-10-02 14:30:50
4232,52-HCM SDD-01 Hub,in-house,Full-Time,160040,TỐNG HOÀI NAM,31,26,0.8387,4,1,2026-10-02 14:30:50
4232,52-HCM SDD-01 Hub,in-house,Full-Time,121211,NGUYỄN HOÀNG ÁNH,30,25,0.8333,4,1,2026-10-02 14:30:50
4232,52-HCM SDD-01 Hub,in-house,Full-Time,140745,NGUYỄN VĂN LINH,37,32,0.8649,5,0,2026-10-02 14:30:50
4232,52-HCM SDD-01 Hub,in-house,Full-Time,158003,HUỲNH CÔNG PHÚ,37,32,0.8649,5,0,2026-10-02 14:30:50
4232,52-HCM SDD-01 Hub,in-house,Full-Time,146154,ĐOÀN MINH PHƯƠNG,22,19,0.8636,3,0,2026-10-02 14:30:50
4232,52-HCM SDD-01 Hub,in-house,Full-Time,113900,TRƯƠNG PHÚ NHÂN,28,24,0.8571,4,0,2026-10-02 14:30:50
4232,52-HCM SDD-01 Hub,in-house,Full-Time,118546,NGUYỄN THÀNH ĐẠT,14,12,0.8571,2,0,2026-10-02 14:30:50
4232,52-HCM SDD-01 Hub,in-house,Full-Time,159666,NGUYỄN VĂN VŨ SƠN,20,17,0.85,3,0,2026-10-02 14:30:50
4232,52-HCM SDD-01 Hub,in-house,Full-Time,113901,TRẦN VĂN QUYỀN,26,22,0.8462,4,0,2026-10-02 14:30:50
4232,52-HCM SDD-01 Hub,in-house,Full-Time,158907,NGUYỄN TUẤN TÚ,39,33,0.8462,6,0,2026-10-02 14:30:50
4232,52-HCM SDD-01 Hub,in-house,Full-Time,159067,LÝ BĨNH HƯNG,58,49,0.8448,9,0,2026-10-02 14:30:50
4232,52-HCM SDD-01 Hub,in-house,Full-Time,122453,MAI NGỌC HUY,45,36,0.8,7,2,2026-10-02 14:30:50
4232,52-HCM SDD-01 Hub,in-house,Full-Time,115116,NGUYỄN MẠNH HÙNG,32,25,0.7813,5,2,2026-10-02 14:30:50
4232,52-HCM SDD-01 Hub,in-house,Full-Time,162856,ĐÀO VĂN TIẾN,19,13,0.6842,3,3,2026-10-02 14:30:50
4232,52-HCM SDD-01 Hub,in-house,Full-Time,162855,HUỲNH THANH VŨ,44,36,0.8182,7,1,2026-10-02 14:30:50
4232,52-HCM SDD-01 Hub,in-house,Full-Time,120722,TRẦN DUY BẢO,25,21,0.84,4,0,2026-10-02 14:30:50
4232,52-HCM SDD-01 Hub,in-house,Full-Time,157818,PHẠM ĐĂNG QUANG,25,19,0.76,4,2,2026-10-02 14:30:50
4232,52-HCM SDD-01 Hub,in-house,Full-Time,141627,LƯƠNG TRUNG NHÂN,30,24,0.8,5,1,2026-10-02 14:30:50
4232,52-HCM SDD-01 Hub,in-house,Full-Time,143511,ĐỖ QUANG THANH,54,44,0.8148,9,1,2026-10-02 14:30:50
4232,52-HCM SDD-01 Hub,in-house,Full-Time,158545,HỨA MINH NHỰT,36,30,0.8333,6,0,2026-10-02 14:30:50
4232,52-HCM SDD-01 Hub,in-house,Full-Time,159653,TRẦN CẨM CHÂU,42,35,0.8333,7,0,2026-10-02 14:30:50
4232,52-HCM SDD-01 Hub,in-house,Full-Time,158810,NGUYỄN THANH DUY,29,24,0.8276,5,0,2026-10-02 14:30:50
4232,52-HCM SDD-01 Hub,in-house,Full-Time,123395,VÕ HOÀNG ĐẠT,57,47,0.8246,10,0,2026-10-02 14:30:50
4232,52-HCM SDD-01 Hub,in-house,Full-Time,143671,TRẦN THANH LÂM,28,22,0.7857,5,1,2026-10-02 14:30:50
4232,52-HCM SDD-01 Hub,in-house,Full-Time,159652,LÊ THÀNH DANH,28,19,0.6786,5,4,2026-10-02 14:30:50
4232,52-HCM SDD-01 Hub,in-house,Full-Time,158546,VÒNG MINH PHÁT,11,9,0.8182,2,0,2026-10-02 14:30:50
4232,52-HCM SDD-01 Hub,in-house,Full-Time,137096,LÝ TUẤN DŨNG,27,22,0.8148,5,0,2026-10-02 14:30:50
4232,52-HCM SDD-01 Hub,in-house,Full-Time,144544,PHẠM KEVIN,27,22,0.8148,5,0,2026-10-02 14:30:50
4232,52-HCM SDD-01 Hub,in-house,Full-Time,157710,PHAN MINH TRUNG,27,17,0.6296,5,5,2026-10-02 14:30:50
4232,52-HCM SDD-01 Hub,in-house,Full-Time,141630,NGUYỄN TRẦN KHÁNH PHƯƠNG,16,13,0.8125,3,0,2026-10-02 14:30:50
4232,52-HCM SDD-01 Hub,in-house,Full-Time,113506,NGUYỄN QUỐC VIỆT,26,20,0.7692,5,1,2026-10-02 14:30:50
4232,52-HCM SDD-01 Hub,in-house,Full-Time,123869,VÕ THANH SANG,5,4,0.8,1,0,2026-10-02 14:30:50
4232,52-HCM SDD-01 Hub,in-house,Full-Time,143811,HỒ NGUYỄN VĂN TIẾN QUANG,35,27,0.7714,7,1,2026-10-02 14:30:50
4232,52-HCM SDD-01 Hub,in-house,Full-Time,147239,VÕ HỒNG QUÂN,30,24,0.8,6,0,2026-10-02 14:30:50
4232,52-HCM SDD-01 Hub,in-house,Full-Time,159282,LÊ THÀNH LONG,35,25,0.7143,7,3,2026-10-02 14:30:50
4232,52-HCM SDD-01 Hub,in-house,Full-Time,159290,TRẦN THANH TÚ,20,16,0.8,4,0,2026-10-02 14:30:50
4232,52-HCM SDD-01 Hub,in-house,Full-Time,160452,HỒ NGUYỄN BẢO SANG,35,28,0.8,7,0,2026-10-02 14:30:50
4232,52-HCM SDD-01 Hub,in-house,Full-Time,142329,VĂN VIẾT PHÚC,48,30,0.625,10,8,2026-10-02 14:30:50
4232,52-HCM SDD-01 Hub,in-house,Full-Time,158905,LÊ HOÀNG HIỆP,24,19,0.7917,5,0,2026-10-02 14:30:50
4232,52-HCM SDD-01 Hub,in-house,Full-Time,140336,LÊ TOÀN THẮNG,66,52,0.7879,14,0,2026-10-02 14:30:50
4232,52-HCM SDD-01 Hub,in-house,Full-Time,145915,HUỲNH THANH PHONG,70,53,0.7571,15,2,2026-10-02 14:30:50
4232,52-HCM SDD-01 Hub,in-house,Full-Time,158190,LƯƠNG QUỐC THÀNH,51,39,0.7647,11,1,2026-10-02 14:30:50
4232,52-HCM SDD-01 Hub,in-house,Full-Time,115250,TRÁC QUỐC ANH,37,29,0.7838,8,0,2026-10-02 14:30:50
4232,52-HCM SDD-01 Hub,in-house,Full-Time,114472,LÊ ANH KIỆT,54,42,0.7778,12,0,2026-10-02 14:30:50
4232,52-HCM SDD-01 Hub,in-house,Full-Time,147407,TRƯƠNG CHÍ CƯỜNG,27,21,0.7778,6,0,2026-10-02 14:30:50
4232,52-HCM SDD-01 Hub,in-house,Full-Time,160263,NGUYỄN HOÀNG DŨNG,56,43,0.7679,13,0,2026-10-02 14:30:50
4232,52-HCM SDD-01 Hub,in-house,Full-Time,143661,TRẦN MINH HÙNG,43,33,0.7674,10,0,2026-10-02 14:30:50
4232,52-HCM SDD-01 Hub,in-house,Full-Time,146727,PHÙNG BÍCH HÀO,30,23,0.7667,7,0,2026-10-02 14:30:50
4232,52-HCM SDD-01 Hub,in-house,Full-Time,161582,NGUYỄN THIỆN PHƯỚC,17,13,0.7647,4,0,2026-10-02 14:30:50
4232,52-HCM SDD-01 Hub,in-house,Full-Time,162517,NGUYỄN TRUNG GIỎI,34,20,0.5882,8,6,2026-10-02 14:30:50
4232,52-HCM SDD-01 Hub,in-house,Full-Time,136430,NGUYỄN THỊ HỒNG NHUNG,78,58,0.7436,19,1,2026-10-02 14:30:50
4232,52-HCM SDD-01 Hub,in-house,Full-Time,114547,TRẦN PHƯỚC SANG,28,21,0.75,7,0,2026-10-02 14:30:50
4232,52-HCM SDD-01 Hub,in-house,Full-Time,116020,TRẦN ĐĂNG TRỌNG,36,26,0.7222,9,1,2026-10-02 14:30:50
4232,52-HCM SDD-01 Hub,in-house,Full-Time,124220,BÙI NGUYỄN THÀNH NHÂN,32,24,0.75,8,0,2026-10-02 14:30:50
4232,52-HCM SDD-01 Hub,in-house,Full-Time,138125,NGUYỄN XUÂN HẬU,20,15,0.75,5,0,2026-10-02 14:30:50
4232,52-HCM SDD-01 Hub,in-house,Full-Time,158184,LÝ BỈNH LONG,52,38,0.7308,13,1,2026-10-02 14:30:50
4232,52-HCM SDD-01 Hub,in-house,Full-Time,114225,NGUYỄN TRỊNH THĂNG LONG,39,29,0.7436,10,0,2026-10-02 14:30:50
4232,52-HCM SDD-01 Hub,in-house,Full-Time,138575,VÕ THỊ NGỌC PHƯƠNG,35,26,0.7429,9,0,2026-10-02 14:30:50
4232,52-HCM SDD-01 Hub,in-house,Full-Time,135684,ĐINH NGUYỄN VĨNH HÒA,58,42,0.7241,15,1,2026-10-02 14:30:50
4232,52-HCM SDD-01 Hub,in-house,Full-Time,122456,ĐẶNG TRỌNG NHÂN,27,20,0.7407,7,0,2026-10-02 14:30:50
4232,52-HCM SDD-01 Hub,in-house,Full-Time,146721,TRƯƠNG PHƯƠNG TOÀN,73,54,0.7397,19,0,2026-10-02 14:30:50
4232,52-HCM SDD-01 Hub,in-house,Full-Time,144322,DƯƠNG NGUYỄN NGÂN GIANG,38,27,0.7105,10,1,2026-10-02 14:30:50
4232,52-HCM SDD-01 Hub,in-house,Full-Time,121881,ĐỖ PHƯỚC HẬU,34,25,0.7353,9,0,2026-10-02 14:30:50
4232,52-HCM SDD-01 Hub,in-house,Full-Time,123557,VÕ THANH PHONG,45,31,0.6889,12,2,2026-10-02 14:30:50
4232,52-HCM SDD-01 Hub,in-house,Full-Time,143521,TRẦN HUỲNH TUẤN KHANG,26,18,0.6923,7,1,2026-10-02 14:30:50
4232,52-HCM SDD-01 Hub,in-house,Full-Time,123653,NIN TUẤN VINH,48,35,0.7292,13,0,2026-10-02 14:30:50
4232,52-HCM SDD-01 Hub,in-house,Full-Time,146710,NGUYỄN THÀNH ĐỨC,48,34,0.7083,13,1,2026-10-02 14:30:50
4232,52-HCM SDD-01 Hub,in-house,Full-Time,114462,LẠI PHƯỚC THẮNG,11,8,0.7273,3,0,2026-10-02 14:30:50
4232,52-HCM SDD-01 Hub,in-house,Full-Time,115455,TƯỞNG TẤN DUY,33,24,0.7273,9,0,2026-10-02 14:30:50
4232,52-HCM SDD-01 Hub,in-house,Full-Time,143670,DƯƠNG QUỐC HÙNG,33,24,0.7273,9,0,2026-10-02 14:30:50
4232,52-HCM SDD-01 Hub,in-house,Full-Time,146973,TRẦN VĂN NGÀ,66,48,0.7273,18,0,2026-10-02 14:30:50
4232,52-HCM SDD-01 Hub,in-house,Full-Time,114752,NGUYỄN PHAN BẢO TRÍ,29,21,0.7241,8,0,2026-10-02 14:30:50
4232,52-HCM SDD-01 Hub,in-house,Full-Time,135683,PHAN TẤN VĨ SANG,29,21,0.7241,8,0,2026-10-02 14:30:50
4232,52-HCM SDD-01 Hub,in-house,Full-Time,136142,LÊ PHÚC THẮNG,47,34,0.7234,13,0,2026-10-02 14:30:50
4232,52-HCM SDD-01 Hub,in-house,Full-Time,133312,TRẦN BẢO LONG,83,59,0.7108,23,1,2026-10-02 14:30:50
4232,52-HCM SDD-01 Hub,in-house,Full-Time,145717,TIÊU TẤN TÀI,54,32,0.5926,15,7,2026-10-02 14:30:50
4232,52-HCM SDD-01 Hub,in-house,Full-Time,133552,PHẠM THÀNH PHÁT,25,18,0.72,7,0,2026-10-02 14:30:50
4232,52-HCM SDD-01 Hub,in-house,Full-Time,162863,LÊ ANH TẤN,25,18,0.72,7,0,2026-10-02 14:30:50
4232,52-HCM SDD-01 Hub,in-house,Full-Time,163031,NGUYỄN ANH HÙNG,25,16,0.64,7,2,2026-10-02 14:30:50
4232,52-HCM SDD-01 Hub,in-house,Full-Time,160451,HỒ THẾ LỘC,57,41,0.7193,16,0,2026-10-02 14:30:50
4232,52-HCM SDD-01 Hub,in-house,Full-Time,114749,NGUYỄN MINH HUY,28,20,0.7143,8,0,2026-10-02 14:30:50
4232,52-HCM SDD-01 Hub,in-house,Full-Time,159289,NGUYỄN THÀNH TRUNG,45,32,0.7111,13,0,2026-10-02 14:30:50
4232,52-HCM SDD-01 Hub,in-house,Full-Time,138134,ĐẶNG ANH VŨ,24,17,0.7083,7,0,2026-10-02 14:30:50
4232,52-HCM SDD-01 Hub,in-house,Full-Time,145319,NGUYỄN TẤN LIÊM,72,51,0.7083,21,0,2026-10-02 14:30:50
4232,52-HCM SDD-01 Hub,in-house,Full-Time,141897,ĐẶNG THỊ KIM QUYÊN,51,33,0.6471,15,3,2026-10-02 14:30:50
4232,52-HCM SDD-01 Hub,in-house,Full-Time,158416,NGUYỄN TRỌNG TÂM,34,24,0.7059,10,0,2026-10-02 14:30:50
4232,52-HCM SDD-01 Hub,in-house,Full-Time,137086,HOÀNG VĂN ĐẠM,57,39,0.6842,17,1,2026-10-02 14:30:50
4232,52-HCM SDD-01 Hub,in-house,Full-Time,113490,LÊ THÀNH MÃI,50,34,0.68,15,1,2026-10-02 14:30:50
4232,52-HCM SDD-01 Hub,in-house,Full-Time,116429,LÂM HUỲNH BẢO PHONG,40,28,0.7,12,0,2026-10-02 14:30:50
4232,52-HCM SDD-01 Hub,in-house,Full-Time,122670,NGUYỄN MINH TRỌNG,30,21,0.7,9,0,2026-10-02 14:30:50
4232,52-HCM SDD-01 Hub,in-house,Full-Time,137633,TĂNG TRÍ NHÂN,30,20,0.6667,9,1,2026-10-02 14:30:50
4232,52-HCM SDD-01 Hub,in-house,Full-Time,140531,HUỲNH BÁ THANH SANG,23,16,0.6957,7,0,2026-10-02 14:30:50
4232,52-HCM SDD-01 Hub,in-house,Full-Time,158554,LÊ MINH HOÀNG,23,16,0.6957,7,0,2026-10-02 14:30:50
4232,52-HCM SDD-01 Hub,in-house,Full-Time,142543,HÀ BẢO THỊNH,36,25,0.6944,11,0,2026-10-02 14:30:50
4232,52-HCM SDD-01 Hub,in-house,Full-Time,116016,VÕ CÔNG BẠCH,39,26,0.6667,12,1,2026-10-02 14:30:50
4232,52-HCM SDD-01 Hub,in-house,Full-Time,135685,SẰN KỲ PHÁT,39,27,0.6923,12,0,2026-10-02 14:30:50
4232,52-HCM SDD-01 Hub,in-house,Full-Time,143023,NGUYỄN HỒNG GIANG,26,18,0.6923,8,0,2026-10-02 14:30:50
4232,52-HCM SDD-01 Hub,in-house,Full-Time,158193,NGUYỄN THANH CƯỜNG,39,26,0.6667,12,1,2026-10-02 14:30:50
4232,52-HCM SDD-01 Hub,in-house,Full-Time,158669,DƯƠNG THANH PHƯƠNG,13,9,0.6923,4,0,2026-10-02 14:30:50
4232,52-HCM SDD-01 Hub,in-house,Full-Time,113691,NGUYỄN HOÀNG HUY,32,21,0.6563,10,1,2026-10-02 14:30:50
4232,52-HCM SDD-01 Hub,in-house,Full-Time,144332,DƯƠNG CHÍ CÔNG,16,11,0.6875,5,0,2026-10-02 14:30:50
4232,52-HCM SDD-01 Hub,in-house,Full-Time,137928,PHAN VÕ THƯƠNG THẢO,35,24,0.6857,11,0,2026-10-02 14:30:50
4232,52-HCM SDD-01 Hub,in-house,Full-Time,160028,ĐẶNG ĐÔNG MAI,35,24,0.6857,11,0,2026-10-02 14:30:50
4232,52-HCM SDD-01 Hub,in-house,Full-Time,146722,LÊ DƯƠNG ANH QUỐC,54,37,0.6852,17,0,2026-10-02 14:30:50
4232,52-HCM SDD-01 Hub,in-house,Full-Time,142574,NGUYỄN THẾ VŨ,41,25,0.6098,13,3,2026-10-02 14:30:50
4232,52-HCM SDD-01 Hub,in-house,Full-Time,138928,CHÂU GIA BẢO,63,42,0.6667,20,1,2026-10-02 14:30:50
4232,52-HCM SDD-01 Hub,in-house,Full-Time,158942,NGUYỄN MINH QUANG,53,35,0.6604,17,1,2026-10-02 14:30:50
4232,52-HCM SDD-01 Hub,in-house,Full-Time,146388,HỒ THỊ BÍCH PHỤNG,40,27,0.675,13,0,2026-10-02 14:30:50
4232,52-HCM SDD-01 Hub,in-house,Full-Time,143504,NGÔ THÁI ANH,76,51,0.6711,25,0,2026-10-02 14:30:50
4232,52-HCM SDD-01 Hub,in-house,Full-Time,121707,TRẦN PHONG PHÚ,36,24,0.6667,12,0,2026-10-02 14:30:50
4232,52-HCM SDD-01 Hub,in-house,Full-Time,123558,NGUYỄN THANH TUẤN KHANG,27,17,0.6296,9,1,2026-10-02 14:30:50
4232,52-HCM SDD-01 Hub,in-house,Full-Time,123870,TRẦN VĂN THƯƠNG,21,14,0.6667,7,0,2026-10-02 14:30:50
4232,52-HCM SDD-01 Hub,in-house,Full-Time,142553,NHAN HOÀNG VINH,75,47,0.6267,25,3,2026-10-02 14:30:50
4232,52-HCM SDD-01 Hub,in-house,Full-Time,144894,HUỲNH NGỌC MINH,33,21,0.6364,11,1,2026-10-02 14:30:50
4232,52-HCM SDD-01 Hub,in-house,Full-Time,158667,NGUYỄN CAO TOÀN,24,16,0.6667,8,0,2026-10-02 14:30:50
4232,52-HCM SDD-01 Hub,in-house,Full-Time,160455,VÒNG HỮU NHÂN,30,19,0.6333,10,1,2026-10-02 14:30:50
4232,52-HCM SDD-01 Hub,in-house,Full-Time,158188,PHÙNG VĂN SANG,74,48,0.6486,25,1,2026-10-02 14:30:50
4232,52-HCM SDD-01 Hub,in-house,Full-Time,146725,LÊ TUẤN KIỆT,47,31,0.6596,16,0,2026-10-02 14:30:50
4232,52-HCM SDD-01 Hub,in-house,Full-Time,115110,CAO TRỌNG SANG,44,29,0.6591,15,0,2026-10-02 14:30:50
4232,52-HCM SDD-01 Hub,in-house,Full-Time,142551,BẠCH HUỲNH HƯNG,38,25,0.6579,13,0,2026-10-02 14:30:50
4232,52-HCM SDD-01 Hub,in-house,Full-Time,143662,NGUYỄN HUỲNH THẮNG,35,23,0.6571,12,0,2026-10-02 14:30:50
4232,52-HCM SDD-01 Hub,in-house,Full-Time,141975,DƯƠNG QUẢNG HÀO,29,19,0.6552,10,0,2026-10-02 14:30:50
4232,52-HCM SDD-01 Hub,in-house,Full-Time,113695,NGUYỄN ANH HÀO,26,17,0.6538,9,0,2026-10-02 14:30:50
4232,52-HCM SDD-01 Hub,in-house,Full-Time,158549,VÕ VĂN DUY PHƯỚC,46,29,0.6304,16,1,2026-10-02 14:30:50
4232,52-HCM SDD-01 Hub,in-house,Full-Time,115696,NGUYỄN HOÀNG LONG,37,24,0.6486,13,0,2026-10-02 14:30:50
4232,52-HCM SDD-01 Hub,in-house,Full-Time,122250,TRƯƠNG CÔNG TÂM,37,23,0.6216,13,1,2026-10-02 14:30:50
4232,52-HCM SDD-01 Hub,in-house,Full-Time,158183,LÊ HOÀNG SƠN,65,41,0.6308,23,1,2026-10-02 14:30:50
4232,52-HCM SDD-01 Hub,in-house,Full-Time,143816,PHẠM VĂN THƯỜNG,48,31,0.6458,17,0,2026-10-02 14:30:50
4232,52-HCM SDD-01 Hub,in-house,Full-Time,146149,TRẦN THÀNH ĐẠT,31,20,0.6452,11,0,2026-10-02 14:30:50
4232,52-HCM SDD-01 Hub,in-house,Full-Time,138129,LÊ HOÀNG HƯNG,73,47,0.6438,26,0,2026-10-02 14:30:50
4232,52-HCM SDD-01 Hub,in-house,Full-Time,113456,NGUYỄN MINH ĐỨC,28,18,0.6429,10,0,2026-10-02 14:30:50
4232,52-HCM SDD-01 Hub,in-house,Full-Time,125876,LÊ CHIÊU ĐOAN,28,14,0.5,10,4,2026-10-02 14:30:50
4232,52-HCM SDD-01 Hub,in-house,Full-Time,142326,VŨ PHẠM DUY LONG,28,16,0.5714,10,2,2026-10-02 14:30:50
4232,52-HCM SDD-01 Hub,in-house,Full-Time,142554,HÀ HỮU THẮNG,28,18,0.6429,10,0,2026-10-02 14:30:50
4232,52-HCM SDD-01 Hub,in-house,Full-Time,161578,NGUYỄN TẤN SANG,28,18,0.6429,10,0,2026-10-02 14:30:50
4232,52-HCM SDD-01 Hub,in-house,Full-Time,146384,PHẠM TẤN DŨNG,78,47,0.6026,28,3,2026-10-02 14:30:50
4232,52-HCM SDD-01 Hub,in-house,Full-Time,141961,ĐOÀN TUẤN KIỆT,22,12,0.5455,8,2,2026-10-02 14:30:50
4232,52-HCM SDD-01 Hub,in-house,Full-Time,141966,PHẠM ĐỨC HỒNG,44,28,0.6364,16,0,2026-10-02 14:30:50
4232,52-HCM SDD-01 Hub,in-house,Full-Time,146269,NGUYỄN HỮU NGHĨA,55,34,0.6182,20,1,2026-10-02 14:30:50
4232,52-HCM SDD-01 Hub,in-house,Full-Time,141104,VÕ VĂN DIỆM,41,26,0.6341,15,0,2026-10-02 14:30:50
4232,52-HCM SDD-01 Hub,in-house,Full-Time,158411,HUỲNH CHIÊU BÌNH,41,24,0.5854,15,2,2026-10-02 14:30:50
4232,52-HCM SDD-01 Hub,in-house,Full-Time,123659,LÊ PHI TRỌNG,30,19,0.6333,11,0,2026-10-02 14:30:50
4232,52-HCM SDD-01 Hub,in-house,Full-Time,115445,NGUYỄN SỸ ĐAN,122,77,0.6311,45,0,2026-10-02 14:30:50
4232,52-HCM SDD-01 Hub,in-house,Full-Time,132373,PHẠM MINH TRÍ,27,17,0.6296,10,0,2026-10-02 14:30:50
4232,52-HCM SDD-01 Hub,in-house,Full-Time,144089,NGUYỄN HOÀNG MINH TÚ,72,45,0.625,27,0,2026-10-02 14:30:50
4232,52-HCM SDD-01 Hub,in-house,Full-Time,158187,NGUYỄN MINH ĐẠT,74,46,0.6216,28,0,2026-10-02 14:30:50
4232,52-HCM SDD-01 Hub,in-house,Full-Time,135858,DIỆP TỨ PHÁT,29,18,0.6207,11,0,2026-10-02 14:30:50
4232,52-HCM SDD-01 Hub,in-house,Full-Time,159669,TĂNG NGHĨA SANH,71,44,0.6197,27,0,2026-10-02 14:30:50
4232,52-HCM SDD-01 Hub,in-house,Full-Time,158189,HÀ THANH THẾ,55,33,0.6,21,1,2026-10-02 14:30:50
4232,52-HCM SDD-01 Hub,in-house,Full-Time,160831,TÔ CHÍ CƯỜNG,47,28,0.5957,18,1,2026-10-02 14:30:50
4232,52-HCM SDD-01 Hub,in-house,Full-Time,123397,TRẦN THANH TÂN,26,16,0.6154,10,0,2026-10-02 14:30:50
4232,52-HCM SDD-01 Hub,in-house,Full-Time,160268,HUỲNH ÁNH KHOA,26,16,0.6154,10,0,2026-10-02 14:30:50
4232,52-HCM SDD-01 Hub,in-house,Full-Time,124679,NGHIÊM ĐỨC TUẤN,31,19,0.6129,12,0,2026-10-02 14:30:50
4232,52-HCM SDD-01 Hub,in-house,Full-Time,159060,TRƯƠNG HOÀNG VŨ,62,37,0.5968,24,1,2026-10-02 14:30:50
4232,52-HCM SDD-01 Hub,in-house,Full-Time,159661,GỊP LƯƠNG PHÚC,31,19,0.6129,12,0,2026-10-02 14:30:50
4232,52-HCM SDD-01 Hub,in-house,Full-Time,113701,NGUYỄN CHI BẢO,67,39,0.5821,26,2,2026-10-02 14:30:50
4232,52-HCM SDD-01 Hub,in-house,Full-Time,145719,NGUYỄN VƯƠNG KHÁNH,36,22,0.6111,14,0,2026-10-02 14:30:50
4232,52-HCM SDD-01 Hub,in-house,Full-Time,160453,ĐOÀN THANH LONG,23,13,0.5652,9,1,2026-10-02 14:30:50
4232,52-HCM SDD-01 Hub,in-house,Full-Time,141831,NGUYỄN BẢO KHIÊM,48,29,0.6042,19,0,2026-10-02 14:30:50
4232,52-HCM SDD-01 Hub,in-house,Full-Time,158660,CAO CHÍ HIẾU,53,31,0.5849,21,1,2026-10-02 14:30:50
4232,52-HCM SDD-01 Hub,in-house,Full-Time,162670,LƯU VĂN THÀNH,53,32,0.6038,21,0,2026-10-02 14:30:50
4232,52-HCM SDD-01 Hub,in-house,Full-Time,114469,LÊ THỊ THU HẰNG,55,32,0.5818,22,1,2026-10-02 14:30:50
4232,52-HCM SDD-01 Hub,in-house,Full-Time,124859,TRẦN VĂN TÙNG,25,14,0.56,10,1,2026-10-02 14:30:50
4232,52-HCM SDD-01 Hub,in-house,Full-Time,130522,TRỊNH HOÀNG NGHĨA,35,21,0.6,14,0,2026-10-02 14:30:50
4232,52-HCM SDD-01 Hub,in-house,Full-Time,132216,TRƯƠNG MINH HẬU,40,24,0.6,16,0,2026-10-02 14:30:50
4232,52-HCM SDD-01 Hub,in-house,Full-Time,146547,GIÁP VĂN ANH THẮNG,50,28,0.56,20,2,2026-10-02 14:30:50
4232,52-HCM SDD-01 Hub,in-house,Full-Time,147404,TRẦN HUY,40,24,0.6,16,0,2026-10-02 14:30:50
4232,52-HCM SDD-01 Hub,in-house,Full-Time,158815,ĐỖ THÀNH BÀO,35,20,0.5714,14,1,2026-10-02 14:30:50
4232,52-HCM SDD-01 Hub,in-house,Full-Time,146153,LÂM NGUYỄN QUỐC THỊNH,52,29,0.5577,21,2,2026-10-02 14:30:50
4232,52-HCM SDD-01 Hub,in-house,Full-Time,146947,NGUYỄN TÙNG GIANG,49,27,0.551,20,2,2026-10-02 14:30:50
4232,52-HCM SDD-01 Hub,in-house,Full-Time,141381,LƯƠNG CHÍ THIỆN,39,22,0.5641,16,1,2026-10-02 14:30:50
4232,52-HCM SDD-01 Hub,in-house,Full-Time,141624,TRẦN HỮU THÁI DƯƠNG,34,20,0.5882,14,0,2026-10-02 14:30:50
4232,52-HCM SDD-01 Hub,in-house,Full-Time,159657,NGUYỄN MẠCH TÍN,51,30,0.5882,21,0,2026-10-02 14:30:50
4232,52-HCM SDD-01 Hub,in-house,Full-Time,143517,HUỲNH NGUYỄN QUỐC HỘI,70,41,0.5857,29,0,2026-10-02 14:30:50
4232,52-HCM SDD-01 Hub,in-house,Full-Time,162520,NGUYỄN THÀNH DANH,41,24,0.5854,17,0,2026-10-02 14:30:50
4232,52-HCM SDD-01 Hub,in-house,Full-Time,158939,LÊ ĐÌNH HẠNH,53,28,0.5283,22,3,2026-10-02 14:30:50
4232,52-HCM SDD-01 Hub,in-house,Full-Time,142822,NGUYỄN DUY NGỌC,79,43,0.5443,33,3,2026-10-02 14:30:50
4232,52-HCM SDD-01 Hub,in-house,Full-Time,144808,NGUYỄN THỊ THANH TUYỀN,38,22,0.5789,16,0,2026-10-02 14:30:50
4232,52-HCM SDD-01 Hub,in-house,Full-Time,142677,NGUYỄN BÙI ĐỨC TUẤN,47,27,0.5745,20,0,2026-10-02 14:30:50
4232,52-HCM SDD-01 Hub,in-house,Full-Time,158901,LÊ THIÊN LONG,47,24,0.5106,20,3,2026-10-02 14:30:50
4232,52-HCM SDD-01 Hub,in-house,Full-Time,123354,PHẠM NGUYỄN HOÀNG THỊNH,68,39,0.5735,29,0,2026-10-02 14:30:50
4232,52-HCM SDD-01 Hub,in-house,Full-Time,140798,TRẦN TUẤN ANH,68,37,0.5441,29,2,2026-10-02 14:30:50
4232,52-HCM SDD-01 Hub,in-house,Full-Time,113453,LÊ THANH TÂM,35,20,0.5714,15,0,2026-10-02 14:30:50
4232,52-HCM SDD-01 Hub,in-house,Full-Time,128372,ĐỖ GIA KIỆT,28,16,0.5714,12,0,2026-10-02 14:30:50
4232,52-HCM SDD-01 Hub,in-house,Full-Time,141827,HUỲNH NHẬT NAM,21,12,0.5714,9,0,2026-10-02 14:30:50
4232,52-HCM SDD-01 Hub,in-house,Full-Time,146950,DANH VŨ,28,16,0.5714,12,0,2026-10-02 14:30:50
4232,52-HCM SDD-01 Hub,in-house,Full-Time,158192,LÊ HOÀNG HẢI ĐĂNG,28,16,0.5714,12,0,2026-10-02 14:30:50
4232,52-HCM SDD-01 Hub,in-house,Full-Time,157993,NGUYỄN THÀNH NHÂN,58,32,0.5517,25,1,2026-10-02 14:30:50
4232,52-HCM SDD-01 Hub,in-house,Full-Time,135043,LƯƠNG NGUYỄN SÁNG,51,29,0.5686,22,0,2026-10-02 14:30:50
4232,52-HCM SDD-01 Hub,in-house,Full-Time,141626,ÂU QUỐC THÁI,74,42,0.5676,32,0,2026-10-02 14:30:50
4232,52-HCM SDD-01 Hub,in-house,Full-Time,147089,TRẦN TUẤN TÀI,90,48,0.5333,39,3,2026-10-02 14:30:50
4232,52-HCM SDD-01 Hub,in-house,Full-Time,144093,HUỲNH HỮU TÀI,69,37,0.5362,30,2,2026-10-02 14:30:50
4232,52-HCM SDD-01 Hub,in-house,Full-Time,115458,VÕ TRỌNG NHÂN,39,21,0.5385,17,1,2026-10-02 14:30:50
4232,52-HCM SDD-01 Hub,in-house,Full-Time,138133,NGUYỄN QUỐC THIỆN,39,22,0.5641,17,0,2026-10-02 14:30:50
4232,52-HCM SDD-01 Hub,in-house,Full-Time,146546,TRẦN LÊ QUỐC THẮNG,55,31,0.5636,24,0,2026-10-02 14:30:50
4232,52-HCM SDD-01 Hub,in-house,Full-Time,117362,TRƯƠNG NGỌC TIẾN,57,32,0.5614,25,0,2026-10-02 14:30:50
4232,52-HCM SDD-01 Hub,in-house,Full-Time,141625,CHẾ HOÀI VINH,79,44,0.557,35,0,2026-10-02 14:30:50
4232,52-HCM SDD-01 Hub,in-house,Full-Time,145441,LÝ QUỐC VIỆT,18,9,0.5,8,1,2026-10-02 14:30:50
4232,52-HCM SDD-01 Hub,in-house,Full-Time,146715,NGUYỄN VĂN TÚ,116,64,0.5517,52,0,2026-10-02 14:30:50
4232,52-HCM SDD-01 Hub,in-house,Full-Time,129678,NGUYỄN TUẤN VŨ,31,17,0.5484,14,0,2026-10-02 14:30:50
4232,52-HCM SDD-01 Hub,in-house,Full-Time,115448,TRẦN QUỐC THIỆN,42,23,0.5476,19,0,2026-10-02 14:30:50
4232,52-HCM SDD-01 Hub,in-house,Full-Time,158197,NGUYỄN QUỐC TOÀN,42,22,0.5238,19,1,2026-10-02 14:30:50
4232,52-HCM SDD-01 Hub,in-house,Full-Time,141898,ĐỖ HỮU TUẤN ANH,35,19,0.5429,16,0,2026-10-02 14:30:50
4232,52-HCM SDD-01 Hub,in-house,Full-Time,146040,NGUYỄN CHÍ CƯỜNG,35,19,0.5429,16,0,2026-10-02 14:30:50
4232,52-HCM SDD-01 Hub,in-house,Full-Time,123741,NGUYỄN ĐỨC HUY,24,13,0.5417,11,0,2026-10-02 14:30:50
4232,52-HCM SDD-01 Hub,in-house,Full-Time,133970,DƯƠNG VĂN LỤC,39,21,0.5385,18,0,2026-10-02 14:30:50
4232,52-HCM SDD-01 Hub,in-house,Full-Time,143226,BÙI NGỌC CHIẾN,41,22,0.5366,19,0,2026-10-02 14:30:50
4232,52-HCM SDD-01 Hub,in-house,Full-Time,114466,NGUYỄN HỮU CƯỜNG,28,15,0.5357,13,0,2026-10-02 14:30:50
4232,52-HCM SDD-01 Hub,in-house,Full-Time,160832,NGUYỄN NGỌC NHÂN,71,38,0.5352,33,0,2026-10-02 14:30:50
4232,52-HCM SDD-01 Hub,in-house,Full-Time,141389,NGUYỄN PHONG PHÚ,43,21,0.4884,20,2,2026-10-02 14:30:50
4232,52-HCM SDD-01 Hub,in-house,Full-Time,144077,TRẦN HOÀNG TUẤN ANH,92,49,0.5326,43,0,2026-10-02 14:30:50
4232,52-HCM SDD-01 Hub,in-house,Full-Time,145757,PHAN TẤN ĐẠT,36,19,0.5278,17,0,2026-10-02 14:30:50
4232,52-HCM SDD-01 Hub,in-house,Full-Time,140311,NGUYỄN TẤN VINH,76,40,0.5263,36,0,2026-10-02 14:30:50
4232,52-HCM SDD-01 Hub,in-house,Full-Time,145116,NGUYỄN MINH QUỐC,61,32,0.5246,29,0,2026-10-02 14:30:50
4232,52-HCM SDD-01 Hub,in-house,Full-Time,122188,NGUYỄN HIỂU TRÍ,21,8,0.381,10,3,2026-10-02 14:30:50
4232,52-HCM SDD-01 Hub,in-house,Full-Time,143239,NGUYỄN HỮU TẤN,42,22,0.5238,20,0,2026-10-02 14:30:50
4232,52-HCM SDD-01 Hub,in-house,Full-Time,143506,PHẠM HỮU DƯ,63,33,0.5238,30,0,2026-10-02 14:30:50
4232,52-HCM SDD-01 Hub,in-house,Full-Time,162659,TRƯƠNG NGỌC THANH TRÚC,21,11,0.5238,10,0,2026-10-02 14:30:50
4232,52-HCM SDD-01 Hub,in-house,Full-Time,113711,TRƯƠNG LONG HẢI,44,23,0.5227,21,0,2026-10-02 14:30:50
4232,52-HCM SDD-01 Hub,in-house,Full-Time,128923,VÕ HOÀNG PHÁT,44,23,0.5227,21,0,2026-10-02 14:30:50
4232,52-HCM SDD-01 Hub,in-house,Full-Time,159064,NGUYỄN VĂN TÚ,44,23,0.5227,21,0,2026-10-02 14:30:50
4232,52-HCM SDD-01 Hub,in-house,Full-Time,122868,BÙI PHAN THANH TÍN,46,23,0.5,22,1,2026-10-02 14:30:50
4232,52-HCM SDD-01 Hub,in-house,Full-Time,143534,NGUYỄN THANH TÙNG,25,13,0.52,12,0,2026-10-02 14:30:50
4232,52-HCM SDD-01 Hub,in-house,Full-Time,132617,NGUYỄN THÀNH LẬP,27,14,0.5185,13,0,2026-10-02 14:30:50
4232,52-HCM SDD-01 Hub,in-house,Full-Time,114919,ÂU DƯƠNG MINH TRIẾT,39,19,0.4872,19,1,2026-10-02 14:30:50
4232,52-HCM SDD-01 Hub,in-house,Full-Time,141151,LÊ HOÀNG PHƯƠNG,39,20,0.5128,19,0,2026-10-02 14:30:50
4232,52-HCM SDD-01 Hub,in-house,Full-Time,116702,NGUYỄN VŨ DUY TUẤN,47,24,0.5106,23,0,2026-10-02 14:30:50
4232,52-HCM SDD-01 Hub,in-house,Full-Time,145572,VŨ ĐÌNH LUÂN,49,24,0.4898,24,1,2026-10-02 14:30:50
4232,52-HCM SDD-01 Hub,in-house,Full-Time,158194,HUỲNH GIA HUY,49,25,0.5102,24,0,2026-10-02 14:30:50
4232,52-HCM SDD-01 Hub,in-house,Full-Time,115106,NGUYỄN TRẦN GIA KHÁNH,59,30,0.5085,29,0,2026-10-02 14:30:50
4232,52-HCM SDD-01 Hub,in-house,Full-Time,123877,NGUYỄN LÊ MINH KHÔI,61,31,0.5082,30,0,2026-10-02 14:30:50
4232,52-HCM SDD-01 Hub,in-house,Full-Time,114470,TRẦN DUY NAM,30,15,0.5,15,0,2026-10-02 14:30:50
4232,52-HCM SDD-01 Hub,in-house,Full-Time,116424,LÝ QUỐC HUY,36,18,0.5,18,0,2026-10-02 14:30:50
4232,52-HCM SDD-01 Hub,in-house,Full-Time,141379,TRẦN NGỌC BẢO TRÂN,72,36,0.5,36,0,2026-10-02 14:30:50
4232,52-HCM SDD-01 Hub,in-house,Full-Time,143053,NGUYỄN THANH HIẾU,32,16,0.5,16,0,2026-10-02 14:30:50
4232,52-HCM SDD-01 Hub,in-house,Full-Time,146946,NGUYỄN TRÍ TÀI,42,21,0.5,21,0,2026-10-02 14:30:50
4232,52-HCM SDD-01 Hub,in-house,Full-Time,159654,NHỮ THẾ HIỂN,22,11,0.5,11,0,2026-10-02 14:30:50
4232,52-HCM SDD-01 Hub,in-house,Full-Time,159658,VÕ TRUNG HẬU,26,13,0.5,13,0,2026-10-02 14:30:50
4232,52-HCM SDD-01 Hub,in-house,Full-Time,160264,NGUYỄN DUY THANH,38,19,0.5,19,0,2026-10-02 14:30:50
4232,52-HCM SDD-01 Hub,in-house,Full-Time,162521,TRẦN XUÂN LONG,50,23,0.46,25,2,2026-10-02 14:30:50
4232,52-HCM SDD-01 Hub,in-house,Full-Time,161003,NGUYỄN QUỐC DŨNG,73,36,0.4932,37,0,2026-10-02 14:30:50
4232,52-HCM SDD-01 Hub,in-house,Full-Time,141960,NGÔ HẢI QUÂN,57,27,0.4737,29,1,2026-10-02 14:30:50
4232,52-HCM SDD-01 Hub,in-house,Full-Time,123649,ĐẶNG HOÀNG VŨ,55,27,0.4909,28,0,2026-10-02 14:30:50
4232,52-HCM SDD-01 Hub,in-house,Full-Time,147243,TỐNG HỒNG PHONG,55,27,0.4909,28,0,2026-10-02 14:30:50
4232,52-HCM SDD-01 Hub,in-house,Full-Time,140800,DƯƠNG QUANG TIẾN,53,26,0.4906,27,0,2026-10-02 14:30:50
4232,52-HCM SDD-01 Hub,in-house,Full-Time,122452,NGUYỄN ĐỨC LĂNG,37,18,0.4865,19,0,2026-10-02 14:30:50
4232,52-HCM SDD-01 Hub,in-house,Full-Time,121894,NGUYỄN THƯỢNG TRÍ,35,17,0.4857,18,0,2026-10-02 14:30:50
4232,52-HCM SDD-01 Hub,in-house,Full-Time,123357,NGUYỄN NGỌC TÂN,31,13,0.4194,16,2,2026-10-02 14:30:50
4232,52-HCM SDD-01 Hub,in-house,Full-Time,122865,LÊ THANH LỢI,52,24,0.4615,27,1,2026-10-02 14:30:50
4232,52-HCM SDD-01 Hub,in-house,Full-Time,123650,TĂNG VĨ KIỆT,52,25,0.4808,27,0,2026-10-02 14:30:50
4232,52-HCM SDD-01 Hub,in-house,Full-Time,147095,PHẠM LONG CHÂU,52,25,0.4808,27,0,2026-10-02 14:30:50
4232,52-HCM SDD-01 Hub,in-house,Full-Time,132664,LÊ HOÀNG HẢI ĐĂNG,25,12,0.48,13,0,2026-10-02 14:30:50
4232,52-HCM SDD-01 Hub,in-house,Full-Time,157822,NGUYỄN NHẬT HUY,25,12,0.48,13,0,2026-10-02 14:30:50
4232,52-HCM SDD-01 Hub,in-house,Full-Time,160029,NGUYỄN HOÀNG TÚ,48,20,0.4167,25,3,2026-10-02 14:30:50
4232,52-HCM SDD-01 Hub,in-house,Full-Time,126949,PHAN ANH TÚ,23,10,0.4348,12,1,2026-10-02 14:30:50
4232,52-HCM SDD-01 Hub,in-house,Full-Time,142322,DIỆP MINH TRÍ,46,22,0.4783,24,0,2026-10-02 14:30:50
4232,52-HCM SDD-01 Hub,in-house,Full-Time,146713,HUỲNH PHÁT BẢO,46,21,0.4565,24,1,2026-10-02 14:30:50
4232,52-HCM SDD-01 Hub,in-house,Full-Time,146940,PHẠM VĂN HIẾU,42,20,0.4762,22,0,2026-10-02 14:30:50
4232,52-HCM SDD-01 Hub,in-house,Full-Time,146044,NGUYỄN MINH ANH,17,8,0.4706,9,0,2026-10-02 14:30:50
4232,52-HCM SDD-01 Hub,in-house,Full-Time,158662,LÂM DIỆU THIỆN,66,28,0.4242,35,3,2026-10-02 14:30:50
4232,52-HCM SDD-01 Hub,in-house,Full-Time,142680,BÙI MINH THÔNG,39,18,0.4615,21,0,2026-10-02 14:30:50
4232,52-HCM SDD-01 Hub,in-house,Full-Time,146944,SƠN LÊ THÀNH,50,20,0.4,27,3,2026-10-02 14:30:50
4232,52-HCM SDD-01 Hub,in-house,Full-Time,113452,TRẦN QUANG PHÚC,37,11,0.2973,20,6,2026-10-02 14:30:50
4232,52-HCM SDD-01 Hub,in-house,Full-Time,138122,VÕ THANH HUY,46,21,0.4565,25,0,2026-10-02 14:30:50
4232,52-HCM SDD-01 Hub,in-house,Full-Time,145916,TRẦN HOÀNG QUÂN,92,42,0.4565,50,0,2026-10-02 14:30:50
4232,52-HCM SDD-01 Hub,in-house,Full-Time,160628,LÊ NGUYỄN HUY TOÀN,46,21,0.4565,25,0,2026-10-02 14:30:50
4232,52-HCM SDD-01 Hub,in-house,Full-Time,143238,TRỊNH CÔNG TRÌNH,31,13,0.4194,17,1,2026-10-02 14:30:50
4232,52-HCM SDD-01 Hub,in-house,Full-Time,143507,NGUYỄN MINH SANG,62,26,0.4194,34,2,2026-10-02 14:30:50
4232,52-HCM SDD-01 Hub,in-house,Full-Time,144097,HỒNG HOÀNG LONG,82,37,0.4512,45,0,2026-10-02 14:30:50
4232,52-HCM SDD-01 Hub,in-house,Full-Time,158195,TRẦN THANH VŨ,109,49,0.4495,60,0,2026-10-02 14:30:50
4232,52-HCM SDD-01 Hub,in-house,Full-Time,120724,NGUYỄN TRỌNG THÀNH,49,22,0.449,27,0,2026-10-02 14:30:50
4232,52-HCM SDD-01 Hub,in-house,Full-Time,113455,LÊ TRẦN HÙNG VĨ,38,16,0.4211,21,1,2026-10-02 14:30:50
4232,52-HCM SDD-01 Hub,in-house,Full-Time,139714,HOÀNG HỮU ANH,38,16,0.4211,21,1,2026-10-02 14:30:50
4232,52-HCM SDD-01 Hub,in-house,Full-Time,158807,NGUYỄN THANH SƠN,74,33,0.4459,41,0,2026-10-02 14:30:50
4232,52-HCM SDD-01 Hub,in-house,Full-Time,141100,TRẦN MẠNH HÙNG,36,15,0.4167,20,1,2026-10-02 14:30:50
4232,52-HCM SDD-01 Hub,in-house,Full-Time,146263,ĐOÀN CÔNG PHÁT,59,26,0.4407,33,0,2026-10-02 14:30:50
4232,52-HCM SDD-01 Hub,in-house,Full-Time,122181,LÊ MINH LỢI,41,18,0.439,23,0,2026-10-02 14:30:50
4232,52-HCM SDD-01 Hub,in-house,Full-Time,123655,VÕ TẤN ĐẠT,57,25,0.4386,32,0,2026-10-02 14:30:50
4232,52-HCM SDD-01 Hub,in-house,Full-Time,140747,LÊ HOÀNG PHÚC,48,21,0.4375,27,0,2026-10-02 14:30:50
4232,52-HCM SDD-01 Hub,in-house,Full-Time,120896,LƯƠNG ANH TÀI,39,17,0.4359,22,0,2026-10-02 14:30:50
4232,52-HCM SDD-01 Hub,in-house,Full-Time,142675,NGUYỄN THANH PHÚ,39,17,0.4359,22,0,2026-10-02 14:30:50
4232,52-HCM SDD-01 Hub,in-house,Full-Time,146402,ĐỒNG VÕ KIM PHỤNG,44,18,0.4091,25,1,2026-10-02 14:30:50
4232,52-HCM SDD-01 Hub,in-house,Full-Time,116420,PHAN BÁ LỘC,28,12,0.4286,16,0,2026-10-02 14:30:50
4232,52-HCM SDD-01 Hub,in-house,Full-Time,116710,TRẦN QUỐC PHONG,42,17,0.4048,24,1,2026-10-02 14:30:50
4232,52-HCM SDD-01 Hub,in-house,Full-Time,122671,NGUYỄN TẤN SANG,56,21,0.375,32,3,2026-10-02 14:30:50
4232,52-HCM SDD-01 Hub,in-house,Full-Time,163026,NGUYỄN HOÀNG PHÚC,35,14,0.4,20,1,2026-10-02 14:30:50
4232,52-HCM SDD-01 Hub,in-house,Full-Time,147231,THÁI PHƯƠNG NAM,52,22,0.4231,30,0,2026-10-02 14:30:50
4232,52-HCM SDD-01 Hub,in-house,Full-Time,146147,TRẦN VĂN SƠN,48,20,0.4167,28,0,2026-10-02 14:30:50
4232,52-HCM SDD-01 Hub,in-house,Full-Time,143051,TRẦN MINH HẢI,41,17,0.4146,24,0,2026-10-02 14:30:50
4232,52-HCM SDD-01 Hub,in-house,Full-Time,115249,NGUYỄN VƯƠNG QUỐC,58,23,0.3966,34,1,2026-10-02 14:30:50
4232,52-HCM SDD-01 Hub,in-house,Full-Time,113707,HUỲNH TẤN PHÁT,39,16,0.4103,23,0,2026-10-02 14:30:50
4232,52-HCM SDD-01 Hub,in-house,Full-Time,146387,ĐINH PHÚ TRỌNG,27,11,0.4074,16,0,2026-10-02 14:30:50
4232,52-HCM SDD-01 Hub,in-house,Full-Time,116012,CHẮNG CHÂU CƯỜNG,50,20,0.4,30,0,2026-10-02 14:30:50
4232,52-HCM SDD-01 Hub,in-house,Full-Time,122860,NGUYỄN ĐỨC KHÔI,60,22,0.3667,36,2,2026-10-02 14:30:50
4232,52-HCM SDD-01 Hub,in-house,Full-Time,123874,TRƯƠNG HOÀNG QUÂN,35,14,0.4,21,0,2026-10-02 14:30:50
4232,52-HCM SDD-01 Hub,in-house,Full-Time,157995,TRƯƠNG QUANG SƠN,35,14,0.4,21,0,2026-10-02 14:30:50
4232,52-HCM SDD-01 Hub,in-house,Full-Time,158196,LÊ THÀNH LỢI,5,2,0.4,3,0,2026-10-02 14:30:50
4232,52-HCM SDD-01 Hub,in-house,Full-Time,158414,NGUYỄN THANH YẾN,35,14,0.4,21,0,2026-10-02 14:30:50
4232,52-HCM SDD-01 Hub,in-house,Full-Time,113497,ĐỖ CHUNG HẢI,68,27,0.3971,41,0,2026-10-02 14:30:50
4232,52-HCM SDD-01 Hub,in-house,Full-Time,113461,TRẦN MINH PHÚ,48,19,0.3958,29,0,2026-10-02 14:30:50
4232,52-HCM SDD-01 Hub,in-house,Full-Time,146045,HỒ TRỰC NHÂN,48,19,0.3958,29,0,2026-10-02 14:30:50
4232,52-HCM SDD-01 Hub,in-house,Full-Time,141979,VƯƠNG QUANG TRƯỜNG,28,11,0.3929,17,0,2026-10-02 14:30:50
4232,52-HCM SDD-01 Hub,in-house,Full-Time,139218,BÙI THANH XUYÊN,23,9,0.3913,14,0,2026-10-02 14:30:50
4232,52-HCM SDD-01 Hub,in-house,Full-Time,147409,NGUYỄN HOÀNG KHANG,39,15,0.3846,24,0,2026-10-02 14:30:50
4232,52-HCM SDD-01 Hub,in-house,Full-Time,146367,NGUYỄN HỒ GIA HÂN,47,18,0.383,29,0,2026-10-02 14:30:50
4232,52-HCM SDD-01 Hub,in-house,Full-Time,158547,NGUYỄN HOÀNG THOẠI,47,18,0.383,29,0,2026-10-02 14:30:50
4232,52-HCM SDD-01 Hub,in-house,Full-Time,162515,NGUYỄN LÊ ANH KIỆT,34,12,0.3529,21,1,2026-10-02 14:30:50
4232,52-HCM SDD-01 Hub,in-house,Full-Time,161000,TRẦN ANH TUẤN,84,31,0.369,52,1,2026-10-02 14:30:50
4232,52-HCM SDD-01 Hub,in-house,Full-Time,147232,VŨ ĐĂNG KHÁNH,71,27,0.3803,44,0,2026-10-02 14:30:50
4232,52-HCM SDD-01 Hub,in-house,Full-Time,158208,NGUYỄN PHÚ THIÊN,37,14,0.3784,23,0,2026-10-02 14:30:50
4232,52-HCM SDD-01 Hub,in-house,Full-Time,141629,NGUYỄN CÔNG THÀNH,61,22,0.3607,38,1,2026-10-02 14:30:50
4232,52-HCM SDD-01 Hub,in-house,Full-Time,146707,TRẦN MINH NHỰT,40,15,0.375,25,0,2026-10-02 14:30:50
4232,52-HCM SDD-01 Hub,in-house,Full-Time,157817,LA NHẬT THUẬT,48,18,0.375,30,0,2026-10-02 14:30:50
4232,52-HCM SDD-01 Hub,in-house,Full-Time,145573,TRÀ QUỐC BẢO,51,19,0.3725,32,0,2026-10-02 14:30:50
4232,52-HCM SDD-01 Hub,in-house,Full-Time,113500,VÕ TRẦN THỬ,54,20,0.3704,34,0,2026-10-02 14:30:50
4232,52-HCM SDD-01 Hub,in-house,Full-Time,144321,NGUYỄN TUẤN KIỆT,27,10,0.3704,17,0,2026-10-02 14:30:50
4232,52-HCM SDD-01 Hub,in-house,Full-Time,144328,VŨ NHẬT TÀI,38,14,0.3684,24,0,2026-10-02 14:30:50
4232,52-HCM SDD-01 Hub,in-house,Full-Time,162661,TRẦN THANH SANG,38,14,0.3684,24,0,2026-10-02 14:30:50
4232,52-HCM SDD-01 Hub,in-house,Full-Time,139235,NGUYỄN TRƯƠNG THANH THẢO,44,16,0.3636,28,0,2026-10-02 14:30:50
4232,52-HCM SDD-01 Hub,in-house,Full-Time,143666,NGUYỄN LÂM CƯỜNG QUỐC,44,16,0.3636,28,0,2026-10-02 14:30:50
4232,52-HCM SDD-01 Hub,in-house,Full-Time,144339,NGUYỄN SƠN HÀ,44,16,0.3636,28,0,2026-10-02 14:30:50
4232,52-HCM SDD-01 Hub,in-house,Full-Time,157998,ĐÀO TUẤN KHANG,64,23,0.3594,41,0,2026-10-02 14:30:50
4232,52-HCM SDD-01 Hub,in-house,Full-Time,139234,LÊ QUANG TRƯỞNG,39,13,0.3333,25,1,2026-10-02 14:30:50
4232,52-HCM SDD-01 Hub,in-house,Full-Time,113459,HỒ THỊ MÂY,42,15,0.3571,27,0,2026-10-02 14:30:50
4232,52-HCM SDD-01 Hub,in-house,Full-Time,114753,LẠI NGỌC PHÚ TÚC,56,19,0.3393,36,1,2026-10-02 14:30:50
4232,52-HCM SDD-01 Hub,in-house,Full-Time,141634,LƯƠNG ĐỨC NHÂN,28,10,0.3571,18,0,2026-10-02 14:30:50
4232,52-HCM SDD-01 Hub,in-house,Full-Time,116704,NGUYỄN DUY VƯƠNG,45,16,0.3556,29,0,2026-10-02 14:30:50
4232,52-HCM SDD-01 Hub,in-house,Full-Time,122862,THẠCH CHANH ĐA,31,9,0.2903,20,2,2026-10-02 14:30:50
4232,52-HCM SDD-01 Hub,in-house,Full-Time,158899,TRƯƠNG MẬU PHÁT,31,11,0.3548,20,0,2026-10-02 14:30:50
4232,52-HCM SDD-01 Hub,in-house,Full-Time,146545,NGUYỄN TRUNG KIÊN,57,20,0.3509,37,0,2026-10-02 14:30:50
4232,52-HCM SDD-01 Hub,in-house,Full-Time,145438,LÊ TẤN NHỰT,29,9,0.3103,19,1,2026-10-02 14:30:50
4232,52-HCM SDD-01 Hub,in-house,Full-Time,146037,NGUYỄN HỒNG LĨNH,58,20,0.3448,38,0,2026-10-02 14:30:50
4232,52-HCM SDD-01 Hub,in-house,Full-Time,143668,NGUYỄN TRUNG TÍN,32,11,0.3438,21,0,2026-10-02 14:30:50
4232,52-HCM SDD-01 Hub,in-house,Full-Time,141383,DƯ VĂN THẠNH,35,12,0.3429,23,0,2026-10-02 14:30:50
4232,52-HCM SDD-01 Hub,in-house,Full-Time,158409,TRẦN XUÂN CƯỜNG,35,12,0.3429,23,0,2026-10-02 14:30:50
4232,52-HCM SDD-01 Hub,in-house,Full-Time,162669,NGUYỄN HOÀNG LONG HẢI,38,13,0.3421,25,0,2026-10-02 14:30:50
4232,52-HCM SDD-01 Hub,in-house,Full-Time,131746,HUỲNH NGÔ TUẤN KIỆT,41,14,0.3415,27,0,2026-10-02 14:30:50
4232,52-HCM SDD-01 Hub,in-house,Full-Time,135687,LẠC CHÍ MẪN,82,28,0.3415,54,0,2026-10-02 14:30:50
4232,52-HCM SDD-01 Hub,in-house,Full-Time,143227,NGUYỄN ANH PHƯƠNG,41,13,0.3171,27,1,2026-10-02 14:30:50
4232,52-HCM SDD-01 Hub,in-house,Full-Time,159649,TRẦN NGỌC TRAI,53,15,0.283,35,3,2026-10-02 14:30:50
4232,52-HCM SDD-01 Hub,in-house,Full-Time,146948,TĂNG HỮU LONG,56,19,0.3393,37,0,2026-10-02 14:30:50
4232,52-HCM SDD-01 Hub,in-house,Full-Time,113696,NGUYỄN MINH KHÔI,63,21,0.3333,42,0,2026-10-02 14:30:50
4232,52-HCM SDD-01 Hub,in-house,Full-Time,141622,NGUYỄN DUY,39,13,0.3333,26,0,2026-10-02 14:30:50
4232,52-HCM SDD-01 Hub,in-house,Full-Time,159066,TRẦN MINH ĐỨC,36,12,0.3333,24,0,2026-10-02 14:30:50
4232,52-HCM SDD-01 Hub,in-house,Full-Time,162668,NGUYỄN HOÀNG TUẤN,27,9,0.3333,18,0,2026-10-02 14:30:50
4232,52-HCM SDD-01 Hub,in-house,Full-Time,161581,NGUYỄN XUÂN LONG,127,39,0.3071,85,3,2026-10-02 14:30:50
4232,52-HCM SDD-01 Hub,in-house,Full-Time,122870,TRẦN VŨ HÙNG,61,19,0.3115,41,1,2026-10-02 14:30:50
4232,52-HCM SDD-01 Hub,in-house,Full-Time,127370,CAO ANH TUẤN KHANH,37,12,0.3243,25,0,2026-10-02 14:30:50
4232,52-HCM SDD-01 Hub,in-house,Full-Time,142672,NGUYỄN VĂN VŨ,50,16,0.32,34,0,2026-10-02 14:30:50
4232,52-HCM SDD-01 Hub,in-house,Full-Time,140069,HỒ HIỀN TỪ,41,13,0.3171,28,0,2026-10-02 14:30:50
4232,52-HCM SDD-01 Hub,in-house,Full-Time,143502,VÕ QUỐC CƯỜNG,32,10,0.3125,22,0,2026-10-02 14:30:50
4232,52-HCM SDD-01 Hub,in-house,Full-Time,129914,NGUYỄN HOÀNG GIA BẢO,45,13,0.2889,31,1,2026-10-02 14:30:50
4232,52-HCM SDD-01 Hub,in-house,Full-Time,144333,NGUYỄN HOÀNG VŨ,45,13,0.2889,31,1,2026-10-02 14:30:50
4232,52-HCM SDD-01 Hub,in-house,Full-Time,117908,LÊ THANH TÙNG,42,13,0.3095,29,0,2026-10-02 14:30:50
4232,52-HCM SDD-01 Hub,in-house,Full-Time,122863,NINH NGUYỄN TRƯỜNG NAM,39,12,0.3077,27,0,2026-10-02 14:30:50
4232,52-HCM SDD-01 Hub,in-house,Full-Time,143817,DƯƠNG HOÀNG HUY,39,12,0.3077,27,0,2026-10-02 14:30:50
4232,52-HCM SDD-01 Hub,in-house,Full-Time,147097,ĐOÀN THANH PHONG,65,3,0.0462,45,17,2026-10-02 14:30:50
4232,52-HCM SDD-01 Hub,in-house,Full-Time,146042,LÊ HOÀNG GIA BẢO,46,14,0.3043,32,0,2026-10-02 14:30:50
4232,52-HCM SDD-01 Hub,in-house,Full-Time,146386,TRẦN LÊ HƯNG,69,21,0.3043,48,0,2026-10-02 14:30:50
4232,52-HCM SDD-01 Hub,in-house,Full-Time,162519,CHÂU NHUẬN KHOA,23,7,0.3043,16,0,2026-10-02 14:30:50
4232,52-HCM SDD-01 Hub,in-house,Full-Time,160027,HỨA TRẦN CẨM TÚ,27,8,0.2963,19,0,2026-10-02 14:30:50
4232,52-HCM SDD-01 Hub,in-house,Full-Time,114337,TRẦN QUANG HIẾU,51,15,0.2941,36,0,2026-10-02 14:30:50
4232,52-HCM SDD-01 Hub,in-house,Full-Time,138932,LÊ KIM HOÀNG,34,10,0.2941,24,0,2026-10-02 14:30:50
4232,52-HCM SDD-01 Hub,in-house,Full-Time,114916,DIỆP NGUYỄN HƯNG,89,26,0.2921,63,0,2026-10-02 14:30:50
4232,52-HCM SDD-01 Hub,in-house,Full-Time,141101,LÊ CÔNG VŨ,38,11,0.2895,27,0,2026-10-02 14:30:50
4232,52-HCM SDD-01 Hub,in-house,Full-Time,162665,NGUYỄN THANH TOÀN,39,11,0.2821,28,0,2026-10-02 14:30:50
4232,52-HCM SDD-01 Hub,in-house,Full-Time,146366,TRƯƠNG BẢO DUY,122,33,0.2705,88,1,2026-10-02 14:30:50
4232,52-HCM SDD-01 Hub,in-house,Full-Time,127062,NGÔ TIẾN ĐẠT,36,10,0.2778,26,0,2026-10-02 14:30:50
4232,52-HCM SDD-01 Hub,in-house,Full-Time,160045,LÊ GIA KHANG,54,15,0.2778,39,0,2026-10-02 14:30:50
4232,52-HCM SDD-01 Hub,in-house,Full-Time,125871,DANH TIẾN ĐẠT,40,10,0.25,29,1,2026-10-02 14:30:50
4232,52-HCM SDD-01 Hub,in-house,Full-Time,122660,TRẦN TẤN HẢI,55,15,0.2727,40,0,2026-10-02 14:30:50
4232,52-HCM SDD-01 Hub,in-house,Full-Time,146969,PHAN ANH KHẢI,48,13,0.2708,35,0,2026-10-02 14:30:50
4232,52-HCM SDD-01 Hub,in-house,Full-Time,159288,NGUYỄN QUỐC HIỂN,37,8,0.2162,27,2,2026-10-02 14:30:50
4232,52-HCM SDD-01 Hub,in-house,Full-Time,143673,THÁI QUANG HÙNG,52,14,0.2692,38,0,2026-10-02 14:30:50
4232,52-HCM SDD-01 Hub,in-house,Full-Time,115245,PHẠM THANH HÙNG,41,10,0.2439,30,1,2026-10-02 14:30:50
4232,52-HCM SDD-01 Hub,in-house,Full-Time,122443,TĂNG THỊ NGỌC ÁNH,41,11,0.2683,30,0,2026-10-02 14:30:50
4232,52-HCM SDD-01 Hub,in-house,Full-Time,126071,TRẦN QUANG KHỞI,50,13,0.26,37,0,2026-10-02 14:30:50
4232,52-HCM SDD-01 Hub,in-house,Full-Time,113899,LÂM PHÚC HẬU,27,7,0.2593,20,0,2026-10-02 14:30:50
4232,52-HCM SDD-01 Hub,in-house,Full-Time,123652,TRẦN DUY HOÀNG,43,11,0.2558,32,0,2026-10-02 14:30:50
4232,52-HCM SDD-01 Hub,in-house,Full-Time,141216,NGUYỄN TRUNG HIẾU,56,14,0.25,42,0,2026-10-02 14:30:50
4232,52-HCM SDD-01 Hub,in-house,Full-Time,158413,ĐOÀN MẠCH HIẾU,40,10,0.25,30,0,2026-10-02 14:30:50
4232,52-HCM SDD-01 Hub,in-house,Full-Time,158903,NGUYỄN VĂN Ý,40,9,0.225,30,1,2026-10-02 14:30:50
4232,52-HCM SDD-01 Hub,in-house,Full-Time,113693,NGUYỄN TIẾN TRỌNG ANH,53,10,0.1887,40,3,2026-10-02 14:30:50
4232,52-HCM SDD-01 Hub,in-house,Full-Time,146360,LÊ VĂN CHẤN,49,12,0.2449,37,0,2026-10-02 14:30:50
4232,52-HCM SDD-01 Hub,in-house,Full-Time,139715,LÝ CHÍ HẢI,37,9,0.2432,28,0,2026-10-02 14:30:50
4232,52-HCM SDD-01 Hub,in-house,Full-Time,139713,HUỲNH THANH QUANG,50,10,0.2,38,2,2026-10-02 14:30:50
4232,52-HCM SDD-01 Hub,in-house,Full-Time,143228,NGUYỄN VĂN LỪNG,63,14,0.2222,48,1,2026-10-02 14:30:50
4232,52-HCM SDD-01 Hub,in-house,Full-Time,113503,PHẠM ĐÌNH SƠN,38,8,0.2105,29,1,2026-10-02 14:30:50
4232,52-HCM SDD-01 Hub,in-house,Full-Time,158898,NGUYỄN HOÀNG SƠN,38,9,0.2368,29,0,2026-10-02 14:30:50
4232,52-HCM SDD-01 Hub,in-house,Full-Time,157997,NGUYỄN TRỌNG NGHĨA,34,8,0.2353,26,0,2026-10-02 14:30:50
4232,52-HCM SDD-01 Hub,in-house,Full-Time,141102,VŨ LAM TRƯỜNG,61,13,0.2131,47,1,2026-10-02 14:30:50
4232,52-HCM SDD-01 Hub,in-house,Full-Time,113465,NGUYỄN THANH HUY TUẤN KIỆT,48,11,0.2292,37,0,2026-10-02 14:30:50
4232,52-HCM SDD-01 Hub,in-house,Full-Time,136139,ĐẶNG THANH HÙNG,35,8,0.2286,27,0,2026-10-02 14:30:50
4232,52-HCM SDD-01 Hub,in-house,Full-Time,139236,NGUYỄN HOÀNG VŨ,35,8,0.2286,27,0,2026-10-02 14:30:50
4232,52-HCM SDD-01 Hub,in-house,Full-Time,114468,NGUYỄN NGỌC THỌ,32,7,0.2188,25,0,2026-10-02 14:30:50
4232,52-HCM SDD-01 Hub,in-house,Full-Time,162524,NGUYỄN MINH BÌNH,46,10,0.2174,36,0,2026-10-02 14:30:50
4232,52-HCM SDD-01 Hub,in-house,Full-Time,161579,DƯƠNG CHÍ HÙNG,52,11,0.2115,41,0,2026-10-02 14:30:50
4232,52-HCM SDD-01 Hub,in-house,Full-Time,141106,HÀ HỮU LỢI,68,11,0.1618,54,3,2026-10-02 14:30:50
4232,52-HCM SDD-01 Hub,in-house,Full-Time,141099,HUỲNH NGUYỄN HOÀNG TIẾN,39,8,0.2051,31,0,2026-10-02 14:30:50
4232,52-HCM SDD-01 Hub,in-house,Full-Time,123872,LÂM TẤN ĐẠT,55,8,0.1455,44,3,2026-10-02 14:30:50
4232,52-HCM SDD-01 Hub,in-house,Full-Time,143233,TRẦN PHÚ HIỆP,45,9,0.2,36,0,2026-10-02 14:30:50
4232,52-HCM SDD-01 Hub,in-house,Full-Time,146711,NGUYỄN THANH TUẤN,55,9,0.1636,44,2,2026-10-02 14:30:50
4232,52-HCM SDD-01 Hub,in-house,Full-Time,144078,TRẦN CAO MINH,56,11,0.1964,45,0,2026-10-02 14:30:50
4232,52-HCM SDD-01 Hub,in-house,Full-Time,141623,ĐẶNG HỒ THANH TÀI,41,8,0.1951,33,0,2026-10-02 14:30:50
4232,52-HCM SDD-01 Hub,in-house,Full-Time,121705,NGUYỄN HOÀNG PHI HÙNG,36,7,0.1944,29,0,2026-10-02 14:30:50
4232,52-HCM SDD-01 Hub,in-house,Full-Time,147101,HOÀNG MẠNH CƯỜNG,31,6,0.1935,25,0,2026-10-02 14:30:50
4232,52-HCM SDD-01 Hub,in-house,Full-Time,162857,TRẦN VĂN HỘI,83,14,0.1687,67,2,2026-10-02 14:30:50
4232,52-HCM SDD-01 Hub,in-house,Full-Time,159280,LẠI KHÁNH LINH,53,7,0.1321,43,3,2026-10-02 14:30:50
4232,52-HCM SDD-01 Hub,in-house,Full-Time,122450,ĐINH HOÀNG PHÚC,32,6,0.1875,26,0,2026-10-02 14:30:50
4232,52-HCM SDD-01 Hub,in-house,Full-Time,160261,HÀNG HỮU HẢO,50,8,0.16,41,1,2026-10-02 14:30:50
4232,52-HCM SDD-01 Hub,in-house,Full-Time,128461,LÊ HOÀNG KHÔI,46,8,0.1739,38,0,2026-10-02 14:30:50
4232,52-HCM SDD-01 Hub,in-house,Full-Time,117631,LÊ TIẾN KHẢI,29,5,0.1724,24,0,2026-10-02 14:30:50
4232,52-HCM SDD-01 Hub,in-house,Full-Time,141387,NGUYỄN THẾ DŨNG,58,10,0.1724,48,0,2026-10-02 14:30:50
4232,52-HCM SDD-01 Hub,in-house,Full-Time,142552,NGUYỄN HOÀNG QUỐC,18,3,0.1667,15,0,2026-10-02 14:30:50
4232,52-HCM SDD-01 Hub,in-house,Full-Time,142678,LÊ MINH PHÚC,36,6,0.1667,30,0,2026-10-02 14:30:50
4232,52-HCM SDD-01 Hub,in-house,Full-Time,140067,TRƯƠNG THANH SƠN,38,5,0.1316,32,1,2026-10-02 14:30:50
4232,52-HCM SDD-01 Hub,in-house,Full-Time,162860,TRẦN HOÀNG PHÚC,53,7,0.1321,45,1,2026-10-02 14:30:50
4232,52-HCM SDD-01 Hub,in-house,Full-Time,142547,HUỲNH CAO LÀO,61,8,0.1311,52,1,2026-10-02 14:30:50
4232,52-HCM SDD-01 Hub,in-house,Full-Time,121878,TRẦN NGUYỄN HUY HOÀNG,41,6,0.1463,35,0,2026-10-02 14:30:50
4232,52-HCM SDD-01 Hub,in-house,Full-Time,113493,TRẦN PHAN THANH TÚ,21,3,0.1429,18,0,2026-10-02 14:30:50
4232,52-HCM SDD-01 Hub,in-house,Full-Time,114463,ĐÀO NGỌC XUÂN THÀNH,21,3,0.1429,18,0,2026-10-02 14:30:50
4232,52-HCM SDD-01 Hub,in-house,Full-Time,122662,TĂNG NGHĨA HÙNG,58,8,0.1379,50,0,2026-10-02 14:30:50
4232,52-HCM SDD-01 Hub,in-house,Full-Time,114461,TRƯƠNG HOÀNG MINH,55,7,0.1273,48,0,2026-10-02 14:30:50
4232,52-HCM SDD-01 Hub,in-house,Full-Time,146938,NGUYỄN CÔNG THÀNH,66,1,0.0152,58,7,2026-10-02 14:30:50
4232,52-HCM SDD-01 Hub,in-house,Full-Time,160627,LIÊU THANH DUY,42,5,0.119,37,0,2026-10-02 14:30:50
4232,52-HCM SDD-01 Hub,in-house,Full-Time,117639,LÊ ĐỨC ANH,34,4,0.1176,30,0,2026-10-02 14:30:50
4232,52-HCM SDD-01 Hub,in-house,Full-Time,161002,NGUYỄN MINH TÂM,51,4,0.0784,45,2,2026-10-02 14:30:50
4232,52-HCM SDD-01 Hub,in-house,Full-Time,134699,LÂM THANH HÙNG,52,5,0.0962,46,1,2026-10-02 14:30:50
4232,52-HCM SDD-01 Hub,in-house,Full-Time,159061,VƯƠNG TRỌNG NGHĨA,27,3,0.1111,24,0,2026-10-02 14:30:50
4232,52-HCM SDD-01 Hub,in-house,Full-Time,146266,NGUYỄN THANH TÚ,28,3,0.1071,25,0,2026-10-02 14:30:50
4232,52-HCM SDD-01 Hub,in-house,Full-Time,113484,TRƯƠNG HỮU LÂM,58,6,0.1034,52,0,2026-10-02 14:30:50
4232,52-HCM SDD-01 Hub,in-house,Full-Time,144098,TRẦN HOÀNG PHÚC,39,3,0.0769,35,1,2026-10-02 14:30:50
4232,52-HCM SDD-01 Hub,in-house,Full-Time,158902,NGUYỄN THÀNH ĐẠT,39,4,0.1026,35,0,2026-10-02 14:30:50
4232,52-HCM SDD-01 Hub,in-house,Full-Time,145574,MAI VĂN TUẤN,69,7,0.1014,62,0,2026-10-02 14:30:50
4232,52-HCM SDD-01 Hub,in-house,Full-Time,141386,NGUYỄN TUẤN HUY,51,5,0.098,46,0,2026-10-02 14:30:50
4232,52-HCM SDD-01 Hub,in-house,Full-Time,162523,HOÀNG KIM SƠN,36,3,0.0833,33,0,2026-10-02 14:30:50
4232,52-HCM SDD-01 Hub,in-house,Full-Time,145713,PHẠM VIỆT HẢI,50,1,0.02,47,2,2026-10-02 14:30:50
4232,52-HCM SDD-01 Hub,in-house,Full-Time,160258,HUỲNH BÁ HỘ,20,1,0.05,19,0,2026-10-02 14:30:50
4232,52-HCM SDD-01 Hub,in-house,Full-Time,125875,TRẦN HOÀNG THIÊN,22,1,0.0455,21,0,2026-10-02 14:30:50
4232,52-HCM SDD-01 Hub,in-house,Full-Time,142347,DƯƠNG NGỌC THANH PHI,52,2,0.0385,50,0,2026-10-02 14:30:50
4232,52-HCM SDD-01 Hub,in-house,Full-Time,139709,ĐẶNG QUANG VINH,33,0,0,32,1,2026-10-02 14:30:50
4232,52-HCM SDD-01 Hub,in-house,Full-Time,118545,NGUYỄN NHẬT PHƯƠNG,35,1,0.0286,34,0,2026-10-02 14:30:50
4232,52-HCM SDD-01 Hub,in-house,Full-Time,145115,TRẦN PHƯỚC HẬU,36,1,0.0278,35,0,2026-10-02 14:30:50
4232,52-HCM SDD-01 Hub,in-house,Full-Time,163024,PHẠM NHẬT KHÁNH,39,1,0.0256,38,0,2026-10-02 14:30:50
4232,52-HCM SDD-01 Hub,in-house,Full-Time,116013,NGUYỄN NHƯ ĐĂNG KHOA,54,0,0,53,1,2026-10-02 14:30:50
4232,52-HCM SDD-01 Hub,in-house,Full-Time,139021,TRẦN VĂN TRÍ KHOA,58,0,0,57,1,2026-10-02 14:30:50
4232,52-HCM SDD-01 Hub,in-house,Full-Time,114100,NGUYỄN THANH TÚ,62,1,0.0161,61,0,2026-10-02 14:30:50
4232,52-HCM SDD-01 Hub,in-house,Full-Time,138590,NGUYỄN ẢNH QUỐC,71,0,0,70,1,2026-10-02 14:30:50
4232,52-HCM SDD-01 Hub,in-house,Full-Time,138593,LÂM MINH BỚI,78,0,0,77,1,2026-10-02 14:30:50
4232,52-HCM SDD-01 Hub,in-house,Full-Time,113480,TRẦN MINH THÉP,17,0,0,17,0,2026-10-02 14:30:50
4232,52-HCM SDD-01 Hub,in-house,Full-Time,113492,ĐẶNG MINH THỐNG,18,0,0,18,0,2026-10-02 14:30:50
4232,52-HCM SDD-01 Hub,in-house,Full-Time,113496,NGUYỄN BÌNH MINH,32,0,0,32,0,2026-10-02 14:30:50
4232,52-HCM SDD-01 Hub,in-house,Full-Time,113501,VŨ THIÊN TRIỀU,52,0,0,52,0,2026-10-02 14:30:50
4232,52-HCM SDD-01 Hub,in-house,Full-Time,113502,TRƯƠNG THẾ THANH TOÀN,29,0,0,29,0,2026-10-02 14:30:50
4232,52-HCM SDD-01 Hub,in-house,Full-Time,113703,KIỀU PHI LONG,34,0,0,34,0,2026-10-02 14:30:50
4232,52-HCM SDD-01 Hub,in-house,Full-Time,114222,TRẦN HOÀNG TÂN,5,0,0,5,0,2026-10-02 14:30:50
4232,52-HCM SDD-01 Hub,in-house,Full-Time,114226,PHAN QUỐC THẨM,50,0,0,50,0,2026-10-02 14:30:50
4232,52-HCM SDD-01 Hub,in-house,Full-Time,114334,LƯU KIM SƠN,32,0,0,32,0,2026-10-02 14:30:50
4232,52-HCM SDD-01 Hub,in-house,Full-Time,115444,BÙI QUỐC HÒA,15,0,0,15,0,2026-10-02 14:30:50
4232,52-HCM SDD-01 Hub,in-house,Full-Time,115698,VŨ TRƯỜNG AN,14,0,0,14,0,2026-10-02 14:30:50
4232,52-HCM SDD-01 Hub,in-house,Full-Time,116709,HUỲNH GIA VĨ,49,0,0,49,0,2026-10-02 14:30:50
4232,52-HCM SDD-01 Hub,in-house,Full-Time,118787,NGUYỄN ĐÌNH ĐỨC MẠNH,45,0,0,45,0,2026-10-02 14:30:50
4232,52-HCM SDD-01 Hub,in-house,Full-Time,119717,TRƯƠNG ĐÌNH ĐỨC,42,0,0,42,0,2026-10-02 14:30:50
4232,52-HCM SDD-01 Hub,in-house,Full-Time,120266,VƯƠNG KIM LÂN,35,0,0,35,0,2026-10-02 14:30:50
4232,52-HCM SDD-01 Hub,in-house,Full-Time,121703,LÊ HẢI NGHĨA,18,0,0,18,0,2026-10-02 14:30:50
4232,52-HCM SDD-01 Hub,in-house,Full-Time,121879,QUÁCH NGUYỄN THANH HIẾU,39,0,0,39,0,2026-10-02 14:30:50
4232,52-HCM SDD-01 Hub,in-house,Full-Time,122440,TRẦN NGUYỄN MINH NHỰT,37,0,0,37,0,2026-10-02 14:30:50
4232,52-HCM SDD-01 Hub,in-house,Full-Time,122664,LÊ VĂN TÂM,39,0,0,39,0,2026-10-02 14:30:50
4232,52-HCM SDD-01 Hub,in-house,Full-Time,122666,TRƯƠNG THẾ NHÃ,35,0,0,35,0,2026-10-02 14:30:50
4232,52-HCM SDD-01 Hub,in-house,Full-Time,122667,ĐỖ ANH DŨNG,44,0,0,44,0,2026-10-02 14:30:50
4232,52-HCM SDD-01 Hub,in-house,Full-Time,122859,VŨ ĐỨC HUY,41,0,0,41,0,2026-10-02 14:30:50
4232,52-HCM SDD-01 Hub,in-house,Full-Time,132420,NGUYỄN THỊ HẢI TRẦM,46,0,0,46,0,2026-10-02 14:30:50
4232,52-HCM SDD-01 Hub,in-house,Full-Time,134549,NGÔ THANH TIẾN,24,0,0,24,0,2026-10-02 14:30:50
4232,52-HCM SDD-01 Hub,in-house,Full-Time,135704,LƯU KIẾN HANH,45,0,0,45,0,2026-10-02 14:30:50
4232,52-HCM SDD-01 Hub,in-house,Full-Time,137083,VŨ CÔNG DANH,15,0,0,15,0,2026-10-02 14:30:50
4232,52-HCM SDD-01 Hub,in-house,Full-Time,138924,NGUYỄN THANH LAN,43,0,0,43,0,2026-10-02 14:30:50
4232,52-HCM SDD-01 Hub,in-house,Full-Time,141098,NGUYỄN BÁ VIỆT HƯNG,39,0,0,39,0,2026-10-02 14:30:50
4232,52-HCM SDD-01 Hub,in-house,Full-Time,141103,LÊ ANH DUY,26,0,0,26,0,2026-10-02 14:30:50
4232,52-HCM SDD-01 Hub,in-house,Full-Time,141380,NGUYỄN HOÀNG ÂN,22,0,0,22,0,2026-10-02 14:30:50
4232,52-HCM SDD-01 Hub,in-house,Full-Time,141973,ĐỖ NGUYỄN ĐĂNG QUANG,41,0,0,41,0,2026-10-02 14:30:50
4232,52-HCM SDD-01 Hub,in-house,Full-Time,141977,NGUYỄN NHỰT MINH TRÍ,2,0,0,2,0,2026-10-02 14:30:50
4232,52-HCM SDD-01 Hub,in-house,Full-Time,143231,THÁI ĐÔNG ĐÌNH,43,0,0,43,0,2026-10-02 14:30:50
4232,52-HCM SDD-01 Hub,in-house,Full-Time,143508,HÀ NGUYỄN TÔ NI THÁI,43,0,0,43,0,2026-10-02 14:30:50
4232,52-HCM SDD-01 Hub,in-house,Full-Time,143663,NGUYỄN THÀNH TRUNG,45,0,0,45,0,2026-10-02 14:30:50
4232,52-HCM SDD-01 Hub,in-house,Full-Time,144895,TRƯƠNG TẤN PHÁT,64,0,0,64,0,2026-10-02 14:30:50
4232,52-HCM SDD-01 Hub,in-house,Full-Time,146146,NGUYỄN HÙNG LÂM,47,0,0,47,0,2026-10-02 14:30:50
4232,52-HCM SDD-01 Hub,in-house,Full-Time,146714,NGUYỄN HOÀNG TRUNG,31,0,0,31,0,2026-10-02 14:30:50
4232,52-HCM SDD-01 Hub,in-house,Full-Time,146719,NGUYỄN HỮU TUẤN,24,0,0,24,0,2026-10-02 14:30:50
4232,52-HCM SDD-01 Hub,in-house,Full-Time,157698,ĐỖ TRẦN HOÀNG TIN,45,0,0,45,0,2026-10-02 14:30:50
4232,52-HCM SDD-01 Hub,in-house,Full-Time,157994,TRẦN TẤN CƯỜNG,38,0,0,38,0,2026-10-02 14:30:50
4232,52-HCM SDD-01 Hub,in-house,Full-Time,158664,LÊ THỊ NGỌC GIÀU,35,0,0,35,0,2026-10-02 14:30:50
4232,52-HCM SDD-01 Hub,in-house,Full-Time,158897,NGUYỄN CÔNG HIẾU,29,0,0,29,0,2026-10-02 14:30:50
4232,52-HCM SDD-01 Hub,in-house,Full-Time,159650,THÁI VĨNH NGHI,30,0,0,30,0,2026-10-02 14:30:50
4232,52-HCM SDD-01 Hub,in-house,Full-Time,160046,NGÔ HOÀNG LONG,35,0,0,35,0,2026-10-02 14:30:50
4232,52-HCM SDD-01 Hub,in-house,Full-Time,160450,NGUYỄN VĂN LỘC,61,0,0,61,0,2026-10-02 14:30:50
4232,52-HCM SDD-01 Hub,in-house,Full-Time,160456,TRẦN THỊ THANH TUYỀN,54,0,0,54,0,2026-10-02 14:30:50
4232,52-HCM SDD-01 Hub,in-house,Full-Time,120112,LÊ NGỌC KHÔI NGUYÊN,0,0,0,0,0,2026-10-02 14:30:50
4232,52-HCM SDD-01 Hub,in-house,Full-Time,137094,VÕ THÀNH TRUNG,0,0,0,0,0,2026-10-02 14:30:50
4232,52-HCM SDD-01 Hub,in-house,Full-Time,140803,ĐINH HOÀNG TRUNG,0,0,0,0,0,2026-10-02 14:30:50
4232,52-HCM SDD-01 Hub,in-house,Full-Time,141217,TRẦN QUỐC KHÔI,0,0,0,0,0,2026-10-02 14:30:50
4232,52-HCM SDD-01 Hub,in-house,Full-Time,141962,NGUYỄN BÁ PHÚC,0,0,0,0,0,2026-10-02 14:30:50
4232,52-HCM SDD-01 Hub,in-house,Full-Time,142556,HUỲNH VĂN TÀI,0,0,0,0,0,2026-10-02 14:30:50
4232,52-HCM SDD-01 Hub,in-house,Full-Time,142821,VŨ VINH SANG,0,0,0,0,0,2026-10-02 14:30:50
4232,52-HCM SDD-01 Hub,in-house,Full-Time,143230,LÝ GIA LẠC,0,0,0,0,0,2026-10-02 14:30:50
4232,52-HCM SDD-01 Hub,in-house,Full-Time,146968,ĐOÀN NGUYỄN THIÊN ÂN,0,0,0,0,0,2026-10-02 14:30:50
4232,52-HCM SDD-01 Hub,in-house,Full-Time,159063,NGUYỄN MINH TÚ,0,0,0,0,0,2026-10-02 14:30:50
4232,52-HCM SDD-01 Hub,in-house,Full-Time,159278,HUỲNH KIM QUYỀN,0,0,0,0,0,2026-10-02 14:30:50
4232,52-HCM SDD-01 Hub,in-house,Full-Time,159348,LÝ ĐỨC LONG,0,0,0,0,0,2026-10-02 14:30:50
5667,53-HCM Bulky 02 DC,H-Trucking,Full-Time,134387,PHAN ĐỨC THỊNH,34,30,0.8824,2,2,2026-10-02 14:30:50
5667,53-HCM Bulky 02 DC,H-Trucking,Full-Time,159211,ĐỖ TUẤN AN,36,31,0.8611,3,2,2026-10-02 14:30:50
5667,53-HCM Bulky 02 DC,H-Trucking,Full-Time,128727,TRẦN QUANG NHỰT,55,46,0.8364,6,3,2026-10-02 14:30:50
5667,53-HCM Bulky 02 DC,H-Trucking,Full-Time,150764,NGUYỄN LÊ HOÀNG PHÚC,15,11,0.7333,2,2,2026-10-02 14:30:50
5667,53-HCM Bulky 02 DC,H-Trucking,Full-Time,151838,NGUYỄN NGỌC THÀNH,39,29,0.7632,7,2,2026-10-02 14:30:50
5667,53-HCM Bulky 02 DC,H-Trucking,Full-Time,162170,PHẠM ĐĂNG QUỐC VIỆT,30,18,0.6,8,4,2026-10-02 14:30:50
5667,53-HCM Bulky 02 DC,H-Trucking,Full-Time,135386,LÊ QUÝ TRƯỜNG,50,32,0.64,15,3,2026-10-02 14:30:50
5667,53-HCM Bulky 02 DC,H-Trucking,Full-Time,149060,PHAN ANH DŨNG,48,30,0.625,15,3,2026-10-02 14:30:50
5667,53-HCM Bulky 02 DC,H-Trucking,Full-Time,151834,NGUYỄN CHÍ TRUNG,43,25,0.5814,14,4,2026-10-02 14:30:50
5667,53-HCM Bulky 02 DC,H-Trucking,Full-Time,160071,NGUYỄN MINH TUẤN,60,33,0.55,20,7,2026-10-02 14:30:50
5667,53-HCM Bulky 02 DC,H-Trucking,Full-Time,157418,NGÔ THÀNH NHÂN,54,30,0.5556,19,5,2026-10-02 14:30:50
5667,53-HCM Bulky 02 DC,H-Trucking,Full-Time,128985,HUỲNH THOẠI TRINH,45,28,0.6222,17,0,2026-10-02 14:30:50
5667,53-HCM Bulky 02 DC,H-Trucking,Full-Time,144647,MẠCH VĨ HÙNG,63,29,0.4603,26,8,2026-10-02 14:30:50
5667,53-HCM Bulky 02 DC,H-Trucking,Full-Time,149055,TRẦN NGUYỄN THANH TUẤN,36,20,0.5556,15,1,2026-10-02 14:30:50
5667,53-HCM Bulky 02 DC,H-Trucking,Full-Time,142421,ĐẶNG QUANG BẢO,45,25,0.5556,19,1,2026-10-02 14:30:50
5667,53-HCM Bulky 02 DC,H-Trucking,Full-Time,146415,LÊ TRƯỜNG GIANG,59,20,0.339,25,14,2026-10-02 14:30:50
5667,53-HCM Bulky 02 DC,H-Trucking,Full-Time,141546,NGUYỄN PHI ĐÔNG,36,17,0.4722,16,3,2026-10-02 14:30:50
5667,53-HCM Bulky 02 DC,H-Trucking,Full-Time,153085,NGUYỄN VĂN PHI,63,34,0.5397,28,1,2026-10-02 14:30:50
5667,53-HCM Bulky 02 DC,H-Trucking,Full-Time,145233,NGÔ HOÀNG TẤN,60,32,0.5333,27,1,2026-10-02 14:30:50
5667,53-HCM Bulky 02 DC,H-Trucking,Full-Time,153333,LÊ VĂN NÀO,70,33,0.4714,33,4,2026-10-02 14:30:50
5667,53-HCM Bulky 02 DC,H-Trucking,Full-Time,127322,HUỲNH DƯƠNG GIA BẢO,52,24,0.4615,25,3,2026-10-02 14:30:50
5667,53-HCM Bulky 02 DC,H-Trucking,Full-Time,147270,PHẠM QUỐC THẮNG,57,25,0.4386,28,4,2026-10-02 14:30:50
5667,53-HCM Bulky 02 DC,H-Trucking,Full-Time,144835,LÊ VĂN TUẤN,42,14,0.3333,22,6,2026-10-02 14:30:50
5667,53-HCM Bulky 02 DC,H-Trucking,Full-Time,161886,NGUYỄN PHÚ THUẬN,37,15,0.4054,20,2,2026-10-02 14:30:50
5667,53-HCM Bulky 02 DC,H-Trucking,Full-Time,160076,NGUYỄN VĂN GIÀU,79,10,0.1266,68,1,2026-10-02 14:30:50
5667,53-HCM Bulky 02 DC,H-Trucking,Full-Time,136442,SẦM NGỌC TƯỢNG,0,0,0,0,0,2026-10-02 14:30:50
4297,53-HCM Bulky DC,H-Trucking,Full-Time,117380,VÕ HOÀNG THANH TRÀ,34,33,0.9706,0,1,2026-10-02 14:30:50
4297,53-HCM Bulky DC,H-Trucking,Full-Time,117433,LÊ NHẬT HUY,51,49,0.9608,0,2,2026-10-02 14:30:50
4297,53-HCM Bulky DC,H-Trucking,Full-Time,117600,LẠI NGUYỄN HOÀNG LÂM,45,45,1,0,0,2026-10-02 14:30:50
4297,53-HCM Bulky DC,H-Trucking,Full-Time,120605,NGUYỄN TRƯỜNG CHINH,48,40,0.8333,0,8,2026-10-02 14:30:50
4297,53-HCM Bulky DC,H-Trucking,Full-Time,123380,TRẦN VĂN NHẬT ÂN,43,43,1,0,0,2026-10-02 14:30:50
4297,53-HCM Bulky DC,H-Trucking,Full-Time,128454,CAO TẤN PHÁT,30,27,0.9,0,3,2026-10-02 14:30:50
4297,53-HCM Bulky DC,H-Trucking,Full-Time,132233,NGUYỄN HOÀNG PHÚ,2,2,1,0,0,2026-10-02 14:30:50
4297,53-HCM Bulky DC,H-Trucking,Full-Time,132368,TRẦN ĐỨC ÁI,25,25,1,0,0,2026-10-02 14:30:50
4297,53-HCM Bulky DC,H-Trucking,Full-Time,133988,VŨ HOÀNG TUẤN ANH,43,39,0.907,0,4,2026-10-02 14:30:50
4297,53-HCM Bulky DC,H-Trucking,Full-Time,134102,NGUYỄN ĐỨC MẠNH,52,15,0.2885,0,37,2026-10-02 14:30:50
4297,53-HCM Bulky DC,H-Trucking,Full-Time,138667,NGUYỄN PHƯƠNG THÀNH,17,15,0.8824,0,2,2026-10-02 14:30:50
4297,53-HCM Bulky DC,H-Trucking,Full-Time,143492,NGUYỄN MINH THÀNH,45,40,0.8889,0,5,2026-10-02 14:30:50
4297,53-HCM Bulky DC,H-Trucking,Full-Time,148029,PHẠM NGUYỄN HIẾU TRUNG,47,45,0.9574,0,2,2026-10-02 14:30:50
4297,53-HCM Bulky DC,H-Trucking,Full-Time,149257,LÂM TRƯỜNG,23,22,0.9565,0,1,2026-10-02 14:30:50
4297,53-HCM Bulky DC,H-Trucking,Full-Time,150762,NGUYỄN ĐĂNG DUY,1,0,0,0,1,2026-10-02 14:30:50
4297,53-HCM Bulky DC,H-Trucking,Full-Time,150763,NGUYỄN TRẦN TRÍ ĐẠT,37,36,0.973,0,1,2026-10-02 14:30:50
4297,53-HCM Bulky DC,H-Trucking,Full-Time,152805,ĐỖ TRẦN KHÁNH LONG,32,31,0.9688,0,1,2026-10-02 14:30:50
4297,53-HCM Bulky DC,H-Trucking,Full-Time,153324,HUỲNH PHI HÙNG,16,11,0.6875,0,5,2026-10-02 14:30:50
4297,53-HCM Bulky DC,H-Trucking,Full-Time,156376,NGUYỄN KHÁNH LỰC,23,20,0.8696,0,3,2026-10-02 14:30:50
4297,53-HCM Bulky DC,H-Trucking,Full-Time,158441,TRẦN THANH QUÝ,34,33,0.9706,0,1,2026-10-02 14:30:50
4297,53-HCM Bulky DC,H-Trucking,Full-Time,160066,NGUYỄN NHẬT PHI,24,17,0.7083,0,7,2026-10-02 14:30:50
4297,53-HCM Bulky DC,H-Trucking,Full-Time,160068,NGUYỄN HOÀNG TIẾN,37,36,0.973,0,1,2026-10-02 14:30:50
4297,53-HCM Bulky DC,H-Trucking,Full-Time,161119,ĐOÀN HÀ TIẾN,23,22,0.9565,0,1,2026-10-02 14:30:50
4297,53-HCM Bulky DC,H-Trucking,Full-Time,128833,KIM LÂM TRƯỜNG,61,58,0.9508,1,2,2026-10-02 14:30:50
4297,53-HCM Bulky DC,H-Trucking,Full-Time,141548,TRẦN MẠNH PHI,58,57,0.9828,1,0,2026-10-02 14:30:50
4297,53-HCM Bulky DC,H-Trucking,Full-Time,155543,TRẦN HỮU HOÀ,36,33,0.9167,1,2,2026-10-02 14:30:50
4297,53-HCM Bulky DC,H-Trucking,Full-Time,157607,LÊ MINH THÁI,35,33,0.9429,1,1,2026-10-02 14:30:50
4297,53-HCM Bulky DC,H-Trucking,Full-Time,142759,ĐẶNG NGUYỄN TRỌNG NHÂN,49,39,0.7959,3,7,2026-10-02 14:30:50
4297,53-HCM Bulky DC,H-Trucking,Full-Time,148447,LÊ HIẾU MINH,32,29,0.9063,2,1,2026-10-02 14:30:50
4297,53-HCM Bulky DC,H-Trucking,Full-Time,143491,NGUYỄN ANH KIỆT,44,38,0.8636,4,2,2026-10-02 14:30:50
4297,53-HCM Bulky DC,H-Trucking,Full-Time,160065,TRẦN THÁI HÒA,38,32,0.8421,4,2,2026-10-02 14:30:50
4297,53-HCM Bulky DC,H-Trucking,Full-Time,142413,NGUYỄN XUÂN QUANG,37,33,0.8919,4,0,2026-10-02 14:30:50
4297,53-HCM Bulky DC,H-Trucking,Full-Time,155362,TRẦN HẢI QUANG,62,54,0.871,7,1,2026-10-02 14:30:50
4297,53-HCM Bulky DC,H-Trucking,Full-Time,161887,TRẦN KHÁNH DUY,25,18,0.72,3,4,2026-10-02 14:30:50
4297,53-HCM Bulky DC,H-Trucking,Full-Time,153613,TRẦN VĂN THẮNG,67,55,0.8209,9,3,2026-10-02 14:30:50
4297,53-HCM Bulky DC,H-Trucking,Full-Time,137627,HỒ KHÁNH HOÀNG,49,40,0.8163,7,2,2026-10-02 14:30:50
4297,53-HCM Bulky DC,H-Trucking,Full-Time,125606,MÃ TÚ TÀI,47,36,0.766,7,4,2026-10-02 14:30:50
4297,53-HCM Bulky DC,H-Trucking,Full-Time,140736,NGUYỄN VĂN TUẤN,51,41,0.8039,8,2,2026-10-02 14:30:50
4297,53-HCM Bulky DC,H-Trucking,Full-Time,160070,NGUYỄN TẤN THÀNH,32,26,0.8125,6,0,2026-10-02 14:30:50
4297,53-HCM Bulky DC,H-Trucking,Full-Time,147278,NGUYỄN MẠNH TUẤN,56,42,0.75,11,3,2026-10-02 14:30:50
4297,53-HCM Bulky DC,H-Trucking,Full-Time,160067,TRẦN QUỐC TUẤN,43,28,0.6512,9,6,2026-10-02 14:30:50
4297,53-HCM Bulky DC,H-Trucking,Full-Time,143493,LÊ TRUNG HIẾU,57,39,0.6842,12,6,2026-10-02 14:30:50
4297,53-HCM Bulky DC,H-Trucking,Full-Time,148449,VŨ NGỌC DUY,62,46,0.7419,14,2,2026-10-02 14:30:50
4297,53-HCM Bulky DC,H-Trucking,Full-Time,123378,ĐOÀN MINH PHÚC,54,41,0.7593,13,0,2026-10-02 14:30:50
4297,53-HCM Bulky DC,H-Trucking,Full-Time,130305,NGUYỄN XUÂN NHẬT,45,31,0.6889,11,3,2026-10-02 14:30:50
4297,53-HCM Bulky DC,H-Trucking,Full-Time,132860,NGUYỄN THẾ SƠN,52,29,0.5577,13,10,2026-10-02 14:30:50
4297,53-HCM Bulky DC,H-Trucking,Full-Time,160099,VĂN THANH PHONG,48,35,0.7292,12,1,2026-10-02 14:30:50
4297,53-HCM Bulky DC,H-Trucking,Full-Time,122119,NGUYỄN QUANG HIẾU,47,32,0.6809,12,3,2026-10-02 14:30:50
4297,53-HCM Bulky DC,H-Trucking,Full-Time,148681,LÊ HIẾU,69,48,0.6957,19,2,2026-10-02 14:30:50
4297,53-HCM Bulky DC,H-Trucking,Full-Time,147269,VÕ LÝ GIA BẢO,54,38,0.7037,15,1,2026-10-02 14:30:50
4297,53-HCM Bulky DC,H-Trucking,Full-Time,132613,NGUYỄN ĐÌNH BẢO,60,39,0.65,17,4,2026-10-02 14:30:50
4297,53-HCM Bulky DC,H-Trucking,Full-Time,156947,LÙ VŨ TUẤN KHANG,59,38,0.6441,18,3,2026-10-02 14:30:50
4297,53-HCM Bulky DC,H-Trucking,Full-Time,147280,NGUYỄN HOÀNG NHẬT QUANG,68,45,0.6618,22,1,2026-10-02 14:30:50
4297,53-HCM Bulky DC,H-Trucking,Full-Time,123584,NGUYỄN BẢO PHÚC,71,42,0.5915,23,6,2026-10-02 14:30:50
4297,53-HCM Bulky DC,H-Trucking,Full-Time,150765,NGUYỄN NHỰT THỐNG,50,32,0.64,17,1,2026-10-02 14:30:50
4297,53-HCM Bulky DC,H-Trucking,Full-Time,133457,NGUYỄN MINH THÔNG,65,39,0.6,25,1,2026-10-02 14:30:50
4297,53-HCM Bulky DC,H-Trucking,Full-Time,136438,LÊ KIM CƠ,56,32,0.5714,22,2,2026-10-02 14:30:50
4297,53-HCM Bulky DC,H-Trucking,Full-Time,152352,ĐẶNG HUY HOÀNG,78,40,0.5128,31,7,2026-10-02 14:30:50
4297,53-HCM Bulky DC,H-Trucking,Full-Time,147268,NGUYỄN CHÍ HẢI,46,26,0.5652,19,1,2026-10-02 14:30:50
4297,53-HCM Bulky DC,H-Trucking,Full-Time,137066,LỮ QUỐC CƯỜNG,65,38,0.5846,27,0,2026-10-02 14:30:50
4297,53-HCM Bulky DC,H-Trucking,Full-Time,145235,NGUYỄN XUÂN CẦU,65,35,0.5385,28,2,2026-10-02 14:30:50
4297,53-HCM Bulky DC,H-Trucking,Full-Time,132369,LÊ HOÀNG TUẤN VŨ,40,20,0.5,18,2,2026-10-02 14:30:50
4297,53-HCM Bulky DC,H-Trucking,Full-Time,154343,MAI ĐÌNH LINH,13,5,0.3846,6,2,2026-10-02 14:30:50
4297,53-HCM Bulky DC,H-Trucking,Full-Time,153319,MAI TIẾN DŨNG,56,27,0.4821,26,3,2026-10-02 14:30:50
4297,53-HCM Bulky DC,H-Trucking,Full-Time,143675,ĐÀO VĂN ĐOÀN,68,35,0.5147,32,1,2026-10-02 14:30:50
4297,53-HCM Bulky DC,H-Trucking,Full-Time,151833,NGUYỄN TRẦN TRUNG,34,18,0.5294,16,0,2026-10-02 14:30:50
4297,53-HCM Bulky DC,H-Trucking,Full-Time,145230,NGUYỄN TẤN BẢO,56,22,0.3929,28,6,2026-10-02 14:30:50
4297,53-HCM Bulky DC,H-Trucking,Full-Time,156378,NGUYỄN NGỌC THUẬN,80,40,0.5,40,0,2026-10-02 14:30:50
4297,53-HCM Bulky DC,H-Trucking,Full-Time,157855,NGUYỄN VĂN HIỆP,46,22,0.4783,23,1,2026-10-02 14:30:50
4297,53-HCM Bulky DC,H-Trucking,Full-Time,160075,NGUYỄN PHI KHANH,35,17,0.4857,18,0,2026-10-02 14:30:50
4297,53-HCM Bulky DC,H-Trucking,Full-Time,148448,NGUYỄN VĂN HẬU,50,24,0.48,26,0,2026-10-02 14:30:50
4297,53-HCM Bulky DC,H-Trucking,Full-Time,139168,VŨ ĐOÀN THIÊN TRUỜNG,64,30,0.4688,34,0,2026-10-02 14:30:50
4297,53-HCM Bulky DC,H-Trucking,Full-Time,158731,LÂM VĂN TUẤN,44,19,0.4318,24,1,2026-10-02 14:30:50
4297,53-HCM Bulky DC,H-Trucking,Full-Time,150766,NGÔ BÁ TÙNG,41,15,0.3659,23,3,2026-10-02 14:30:50
4297,53-HCM Bulky DC,H-Trucking,Full-Time,160069,NGUYỄN DUY THÔNG,44,19,0.4318,25,0,2026-10-02 14:30:50
4297,53-HCM Bulky DC,H-Trucking,Full-Time,157606,TRƯƠNG VĂN NGÔN,77,28,0.3636,44,5,2026-10-02 14:30:50
4297,53-HCM Bulky DC,H-Trucking,Full-Time,127381,NGUYỄN HÙNG NHẬT PHI,6,0,0,4,2,2026-10-02 14:30:50
4297,53-HCM Bulky DC,H-Trucking,Full-Time,151186,NGUYỄN THANH TÙNG,43,13,0.3023,29,1,2026-10-02 14:30:50
