station_id,station_name,agency_name,contract_type,driver_id,driver_name,lm_hub_fleet_assigned_order_qty_td,lm_hub_fleet_delivered_order_qty_eod,lm_hub_fleet_delivered_pct_eod,lm_hub_fleet_delivering_in_system_order_qty_eod,lm_hub_fleet_failed_delivery_order_qty_eod,fetched_at
302,50-HCM Binh Chanh/Le Minh Xuan Hub,in-house,Full-Time,66415,PHAN THANH SANG,157,47,0.2994,102,8,2026-10-02 09:15:37
302,50-HCM Binh Chanh/Le Minh Xuan Hub,in-house,Full-Time,88867,NGUYỄN TRUNG TÍNH,189,47,0.2487,132,10,2026-10-02 09:15:37
302,50-HCM Binh Chanh/Le Minh Xuan Hub,in-house,Full-Time,77163,NGUYỄN HUỲNH PHƯỚC,176,51,0.2898,125,0,2026-10-02 09:15:37
302,50-HCM Binh Chanh/Le Minh Xuan Hub,in-house,Full-Time,45419,VÕ MINH KHA,131,33,0.2519,96,2,2026-10-02 09:15:37
302,50-HCM Binh Chanh/Le Minh Xuan Hub,in-house,Full-Time,127770,NGUYỄN THÀNH KHÔN,132,31,0.2348,100,1,2026-10-02 09:15:37
302,50-HCM Binh Chanh/Le Minh Xuan Hub,in-house,Full-Time,153704,NGUYỄN VĂN DŨNG,111,21,0.1892,90,0,2026-10-02 09:15:37
302,50-HCM Binh Chanh/Le Minh Xuan Hub,in-house,Full-Time,140079,NGUYỄN VĂN DŨNG,100,18,0.18,82,0,2026-10-02 09:15:37
302,50-HCM Binh Chanh/Le Minh Xuan Hub,in-house,Full-Time,101792,LÊ QUANG HUẾ,126,20,0.1587,105,1,2026-10-02 09:15:37
302,50-HCM Binh Chanh/Le Minh Xuan Hub,in-house,Full-Time,16632,ĐỖ THÀNH ĐIỆP,133,18,0.1353,113,2,2026-10-02 09:15:37
302,50-HCM Binh Chanh/Le Minh Xuan Hub,in-house,Full-Time,102396,NGUYỄN THẾ DUY,98,13,0.1327,85,0,2026-10-02 09:15:37
302,50-HCM Binh Chanh/Le Minh Xuan Hub,in-house,Full-Time,62848,NGUYỄN VĂN ỨNG,96,2,0.0208,93,1,2026-10-02 09:15:37
302,50-HCM Binh Chanh/Le Minh Xuan Hub,in-house,Full-Time,128161,DƯƠNG CÔNG DANH,83,1,0.012,82,0,2026-10-02 09:15:37
91,50-HCM Binh Chanh/Phong Phu Hub,in-house,Full-Time,5905,LẠI KHÁNH THANH BÌNH,102,102,1,0,0,2026-10-02 09:15:37
91,50-HCM Binh Chanh/Phong Phu Hub,in-house,Full-Time,53198,ĐẶNG TRẦN THANH BẢO,90,84,0.9333,5,1,2026-10-02 09:15:37
91,50-HCM Binh Chanh/Phong Phu Hub,in-house,Full-Time,111619,NGUYỄN HOÀNG ÂN,107,88,0.8224,16,3,2026-10-02 09:15:37
91,50-HCM Binh Chanh/Phong Phu Hub,in-house,Full-Time,48973,NGUYỄN HỮU TRÍ,186,125,0.672,60,1,2026-10-02 09:15:37
91,50-HCM Binh Chanh/Phong Phu Hub,in-house,Full-Time,101167,TRẦN CAO TRÍ,86,51,0.593,34,1,2026-10-02 09:15:37
91,50-HCM Binh Chanh/Phong Phu Hub,in-house,Full-Time,96221,TRẦN VĂN TẤN,152,84,0.5526,65,3,2026-10-02 09:15:37
91,50-HCM Binh Chanh/Phong Phu Hub,in-house,Full-Time,136338,THÁI HOÀI NAM,93,48,0.5161,45,0,2026-10-02 09:15:37
91,50-HCM Binh Chanh/Phong Phu Hub,in-house,Full-Time,155806,NGUYỄN HUỲNH ĐANG,81,38,0.4691,41,2,2026-10-02 09:15:37
91,50-HCM Binh Chanh/Phong Phu Hub,in-house,Full-Time,140767,TRẦN MINH PHƯƠNG,163,77,0.4724,85,1,2026-10-02 09:15:37
91,50-HCM Binh Chanh/Phong Phu Hub,in-house,Full-Time,71641,VĂN KIỆT,114,51,0.4474,63,0,2026-10-02 09:15:37
91,50-HCM Binh Chanh/Phong Phu Hub,in-house,Full-Time,87494,NGUYỄN VĂN KHẢI,163,68,0.4172,93,2,2026-10-02 09:15:37
91,50-HCM Binh Chanh/Phong Phu Hub,in-house,Full-Time,139768,NGUYỄN THANH LẬP,105,45,0.4286,60,0,2026-10-02 09:15:37
91,50-HCM Binh Chanh/Phong Phu Hub,in-house,Full-Time,161048,PHẠM HUỲNH PHÁT,157,66,0.4204,91,0,2026-10-02 09:15:37
91,50-HCM Binh Chanh/Phong Phu Hub,in-house,Full-Time,23291,DƯƠNG HOÀI LONG,168,70,0.4167,98,0,2026-10-02 09:15:37
91,50-HCM Binh Chanh/Phong Phu Hub,in-house,Full-Time,122644,DƯƠNG THANH HƯNG,117,45,0.3846,72,0,2026-10-02 09:15:37
91,50-HCM Binh Chanh/Phong Phu Hub,in-house,Full-Time,128931,HUỲNH CAO QUANG,108,41,0.3796,67,0,2026-10-02 09:15:37
91,50-HCM Binh Chanh/Phong Phu Hub,in-house,Full-Time,73420,TRẦN VĂN TUYỀN,170,61,0.3588,106,3,2026-10-02 09:15:37
91,50-HCM Binh Chanh/Phong Phu Hub,in-house,Full-Time,76790,LÂM TRÍ CƯỜNG,75,28,0.3733,47,0,2026-10-02 09:15:37
91,50-HCM Binh Chanh/Phong Phu Hub,in-house,Full-Time,33763,NGUYỄN CAO THANH,149,48,0.3221,100,1,2026-10-02 09:15:37
91,50-HCM Binh Chanh/Phong Phu Hub,in-house,Full-Time,145900,VŨ THỊ PHƯƠNG DUNG,111,30,0.2703,78,3,2026-10-02 09:15:37
91,50-HCM Binh Chanh/Phong Phu Hub,in-house,Full-Time,45417,PHAN QUỐC KHÁNH,172,47,0.2733,124,1,2026-10-02 09:15:37
91,50-HCM Binh Chanh/Phong Phu Hub,in-house,Full-Time,83445,TRẦN VĂN MẠNH,128,32,0.25,95,1,2026-10-02 09:15:37
91,50-HCM Binh Chanh/Phong Phu Hub,in-house,Full-Time,5401,LÊ QUANG GIÀU,136,29,0.2132,105,2,2026-10-02 09:15:37
91,50-HCM Binh Chanh/Phong Phu Hub,in-house,Full-Time,96483,NGUYỄN VIỆT TIẾN,70,15,0.2143,55,0,2026-10-02 09:15:37
91,50-HCM Binh Chanh/Phong Phu Hub,in-house,Full-Time,87903,PHẠM VĂN PHI,91,15,0.1648,75,1,2026-10-02 09:15:37
91,50-HCM Binh Chanh/Phong Phu Hub,in-house,Full-Time,110166,NGUYỄN THANH CƯỜNG,190,30,0.1579,158,2,2026-10-02 09:15:37
91,50-HCM Binh Chanh/Phong Phu Hub,in-house,Full-Time,116863,NGUYỄN THANH TUẤN,127,17,0.1339,110,0,2026-10-02 09:15:37
91,50-HCM Binh Chanh/Phong Phu Hub,in-house,Full-Time,142662,HUỲNH KHẮC HẬU,173,22,0.1272,151,0,2026-10-02 09:15:37
91,50-HCM Binh Chanh/Phong Phu Hub,in-house,Full-Time,71109,MẠC VĂN KHẢI,115,14,0.1217,101,0,2026-10-02 09:15:37
91,50-HCM Binh Chanh/Phong Phu Hub,in-house,Full-Time,18323,NGUYỄN HỮU LỘC,194,23,0.1186,171,0,2026-10-02 09:15:37
91,50-HCM Binh Chanh/Phong Phu Hub,in-house,Full-Time,5906,TRƯƠNG CHÍ NHÂN,140,14,0.1,125,1,2026-10-02 09:15:37
91,50-HCM Binh Chanh/Phong Phu Hub,in-house,Full-Time,162508,HUỲNH ĐANG THY,62,6,0.0968,56,0,2026-10-02 09:15:37
91,50-HCM Binh Chanh/Phong Phu Hub,in-house,Full-Time,45416,CHUNG TẤN PHÁT,187,9,0.0481,178,0,2026-10-02 09:15:37
91,50-HCM Binh Chanh/Phong Phu Hub,in-house,Full-Time,121898,THÁI NGUYỄN HOÀNG HUY,150,0,0,149,1,2026-10-02 09:15:37
91,50-HCM Binh Chanh/Phong Phu Hub,in-house,Full-Time,116401,MAI THANH TUẤN,98,0,0,98,0,2026-10-02 09:15:37
1047,50-HCM Binh Chanh/Tan Tuc Hub,in-house,Full-Time,89911,NGUYỄN HOÀI THANH PHONG,100,58,0.58,41,1,2026-10-02 09:15:37
1047,50-HCM Binh Chanh/Tan Tuc Hub,in-house,Full-Time,149433,TRẦN VĂN GIÀU,99,51,0.5152,46,2,2026-10-02 09:15:37
1047,50-HCM Binh Chanh/Tan Tuc Hub,in-house,Full-Time,56605,PHAN TRUNG HIẾU,146,56,0.3836,90,0,2026-10-02 09:15:37
1047,50-HCM Binh Chanh/Tan Tuc Hub,in-house,Full-Time,140086,TRẦN THANH HIỂN,52,19,0.3654,33,0,2026-10-02 09:15:37
1047,50-HCM Binh Chanh/Tan Tuc Hub,in-house,Full-Time,116866,PHAN NGỌC TUYẾN,137,30,0.219,102,5,2026-10-02 09:15:37
1047,50-HCM Binh Chanh/Tan Tuc Hub,in-house,Full-Time,102034,BÙI VĂN GIÀU,128,27,0.2109,101,0,2026-10-02 09:15:37
1047,50-HCM Binh Chanh/Tan Tuc Hub,in-house,Full-Time,136337,NGUYỄN PHƯƠNG KHOA,151,29,0.1921,121,1,2026-10-02 09:15:37
1047,50-HCM Binh Chanh/Tan Tuc Hub,in-house,Full-Time,153999,NGUYỄN CÔNG DANH,85,14,0.1647,71,0,2026-10-02 09:15:37
1047,50-HCM Binh Chanh/Tan Tuc Hub,in-house,Full-Time,151245,HÀ MINH TÚ,90,14,0.1556,76,0,2026-10-02 09:15:37
1047,50-HCM Binh Chanh/Tan Tuc Hub,in-house,Full-Time,125889,TRẦN MỸ KIM,121,18,0.1488,103,0,2026-10-02 09:15:37
1047,50-HCM Binh Chanh/Tan Tuc Hub,in-house,Full-Time,96648,LÊ NGUYỄN HOÀNG PHÚC,101,15,0.1485,86,0,2026-10-02 09:15:37
1047,50-HCM Binh Chanh/Tan Tuc Hub,in-house,Full-Time,21476,HUỲNH THANH VÂN,134,17,0.1269,115,2,2026-10-02 09:15:37
1047,50-HCM Binh Chanh/Tan Tuc Hub,in-house,Full-Time,162510,PHẠM THÀNH PHUÔL,45,5,0.1111,39,1,2026-10-02 09:15:37
1047,50-HCM Binh Chanh/Tan Tuc Hub,in-house,Full-Time,150813,PHẠM NGÔ MINH THIỆN,106,12,0.1132,92,2,2026-10-02 09:15:37
1047,50-HCM Binh Chanh/Tan Tuc Hub,in-house,Full-Time,137652,PHẠM GIA KHANG,102,13,0.1275,89,0,2026-10-02 09:15:37
1047,50-HCM Binh Chanh/Tan Tuc Hub,in-house,Full-Time,137658,VÕ VĂN MÙI,249,17,0.1223,122,0,2026-10-02 09:15:37
1047,50-HCM Binh Chanh/Tan Tuc Hub,in-house,Full-Time,72265,LÊ ĐỒNG ĐÔNG,132,13,0.0985,116,3,2026-10-02 09:15:37
1047,50-HCM Binh Chanh/Tan Tuc Hub,in-house,Full-Time,19912,PHAN MẠNH TIẾN,166,19,0.1145,147,0,2026-10-02 09:15:37
1047,50-HCM Binh Chanh/Tan Tuc Hub,in-house,Full-Time,15844,LÊ TẤN LỢI,123,11,0.0894,110,2,2026-10-02 09:15:37
1047,50-HCM Binh Chanh/Tan Tuc Hub,in-house,Full-Time,19882,VÕ THANH CƯỜNG,135,12,0.0889,123,0,2026-10-02 09:15:37
1047,50-HCM Binh Chanh/Tan Tuc Hub,in-house,Full-Time,156600,TRẦN VĂN LỰC,95,7,0.0737,88,0,2026-10-02 09:15:37
1047,50-HCM Binh Chanh/Tan Tuc Hub,in-house,Full-Time,57098,VÕ MINH NHỰT,124,9,0.0726,115,0,2026-10-02 09:15:37
1047,50-HCM Binh Chanh/Tan Tuc Hub,in-house,Full-Time,95284,ĐỔ MINH HIẾU,105,3,0.0286,98,4,2026-10-02 09:15:37
1047,50-HCM Binh Chanh/Tan Tuc Hub,in-house,Full-Time,157250,NGUYỄN XUÂN AN,106,7,0.066,99,0,2026-10-02 09:15:37
1047,50-HCM Binh Chanh/Tan Tuc Hub,in-house,Full-Time,77399,NGUYỄN TRƯỜNG AN,104,5,0.0481,98,1,2026-10-02 09:15:37
1047,50-HCM Binh Chanh/Tan Tuc Hub,in-house,Full-Time,96202,NGUYỄN THANH ĐẠT,137,6,0.0438,131,0,2026-10-02 09:15:37
1047,50-HCM Binh Chanh/Tan Tuc Hub,in-house,Full-Time,156599,NGUYỄN TẤN TRỌNG,69,1,0.0145,66,2,2026-10-02 09:15:37
1047,50-HCM Binh Chanh/Tan Tuc Hub,in-house,Full-Time,75207,NGUYỄN NHẬT BÌNH,125,4,0.032,120,1,2026-10-02 09:15:37
1047,50-HCM Binh Chanh/Tan Tuc Hub,in-house,Full-Time,123586,NGUYỄN TẤN BẢO,154,5,0.0325,149,0,2026-10-02 09:15:37
1047,50-HCM Binh Chanh/Tan Tuc Hub,in-house,Full-Time,162916,TRƯƠNG VÕ THUẬN PHÁT,34,1,0.0294,33,0,2026-10-02 09:15:37
1047,50-HCM Binh Chanh/Tan Tuc Hub,in-house,Full-Time,95283,NGUYỄN MINH VIỆT ANH,138,0,0,134,4,2026-10-02 09:15:37
1047,50-HCM Binh Chanh/Tan Tuc Hub,in-house,Full-Time,136672,LÊ VĂN TÝ,106,0,0,103,3,2026-10-02 09:15:37
1047,50-HCM Binh Chanh/Tan Tuc Hub,in-house,Full-Time,118313,LÊ QUANG HÙNG,109,1,0.0092,106,2,2026-10-02 09:15:37
1047,50-HCM Binh Chanh/Tan Tuc Hub,in-house,Full-Time,133822,HUỲNH NGUYỄN THỪA ÂN,126,0,0,124,2,2026-10-02 09:15:37
1047,50-HCM Binh Chanh/Tan Tuc Hub,in-house,Full-Time,141958,ĐOÀN TẤN TÀI,153,2,0.0131,151,0,2026-10-02 09:15:37
1047,50-HCM Binh Chanh/Tan Tuc Hub,in-house,Full-Time,150202,NGUYỄN PHỤNG HỒNG PHÁT,92,0,0,91,1,2026-10-02 09:15:37
1047,50-HCM Binh Chanh/Tan Tuc Hub,in-house,Full-Time,142271,VÕ THANH NAM,105,0,0,104,1,2026-10-02 09:15:37
1047,50-HCM Binh Chanh/Tan Tuc Hub,in-house,Full-Time,161468,NGUYỄN VĂN NHÀN,109,1,0.0092,108,0,2026-10-02 09:15:37
1047,50-HCM Binh Chanh/Tan Tuc Hub,in-house,Full-Time,95017,TRƯƠNG THÀNH QUÝ,134,0,0,133,1,2026-10-02 09:15:37
1047,50-HCM Binh Chanh/Tan Tuc Hub,in-house,Full-Time,84694,PHẠM DƯƠNG QUỐC,148,1,0.0068,147,0,2026-10-02 09:15:37
1047,50-HCM Binh Chanh/Tan Tuc Hub,in-house,Full-Time,45201,NGUYỄN KHÁNH DUY,163,0,0,162,1,2026-10-02 09:15:37
1047,50-HCM Binh Chanh/Tan Tuc Hub,in-house,Full-Time,24345,LÊ TẤN LỘC,200,0,0,200,0,2026-10-02 09:15:37
1047,50-HCM Binh Chanh/Tan Tuc Hub,in-house,Full-Time,62825,TRẦN MINH HOÀNG,114,0,0,114,0,2026-10-02 09:15:37
1047,50-HCM Binh Chanh/Tan Tuc Hub,in-house,Full-Time,62826,HÀ THANH PHONG,121,0,0,121,0,2026-10-02 09:15:37
1047,50-HCM Binh Chanh/Tan Tuc Hub,in-house,Full-Time,65081,NGUYỄN THÀNH HÂN,138,0,0,138,0,2026-10-02 09:15:37
1047,50-HCM Binh Chanh/Tan Tuc Hub,in-house,Full-Time,66670,NGUYỄN HOÀNG TUẤN ANH,165,0,0,165,0,2026-10-02 09:15:37
1047,50-HCM Binh Chanh/Tan Tuc Hub,in-house,Full-Time,106410,DƯƠNG HIẾU TRUNG,151,0,0,151,0,2026-10-02 09:15:37
1047,50-HCM Binh Chanh/Tan Tuc Hub,in-house,Full-Time,110745,LÊ THÀNH HUY,98,0,0,97,0,2026-10-02 09:15:37
1047,50-HCM Binh Chanh/Tan Tuc Hub,in-house,Full-Time,127511,ĐINH THANH TRỰC,83,0,0,83,0,2026-10-02 09:15:37
1047,50-HCM Binh Chanh/Tan Tuc Hub,in-house,Full-Time,136340,NGUYỄN VĂN KHA,15,0,0,15,0,2026-10-02 09:15:37
1047,50-HCM Binh Chanh/Tan Tuc Hub,in-house,Full-Time,136428,THÁI QUỐC TOÀN,145,0,0,145,0,2026-10-02 09:15:37
1047,50-HCM Binh Chanh/Tan Tuc Hub,in-house,Full-Time,144535,NGUYỄN HỮU PHƯỚC,121,0,0,121,0,2026-10-02 09:15:37
1047,50-HCM Binh Chanh/Tan Tuc Hub,in-house,Full-Time,154196,LÊ VĂN TRẠNG,94,0,0,94,0,2026-10-02 09:15:37
1047,50-HCM Binh Chanh/Tan Tuc Hub,in-house,Full-Time,22374,BÙI MINH TÂM,0,0,0,0,0,2026-10-02 09:15:37
1047,50-HCM Binh Chanh/Tan Tuc Hub,in-house,Full-Time,162836,LÊ HOÀNG PHÁT,0,0,0,0,0,2026-10-02 09:15:37
166,50-HCM Binh Chanh/Vinh Loc Hub,in-house,Full-Time,153808,TRƯƠNG THÀNH LONG,83,35,0.4217,48,0,2026-10-02 09:15:37
166,50-HCM Binh Chanh/Vinh Loc Hub,in-house,Full-Time,150586,PHAN LÊ MINH TUẤN,77,22,0.2857,55,0,2026-10-02 09:15:37
166,50-HCM Binh Chanh/Vinh Loc Hub,in-house,Full-Time,71027,NGUYỄN VĂN TUẤN,117,19,0.1624,90,8,2026-10-02 09:15:37
166,50-HCM Binh Chanh/Vinh Loc Hub,in-house,Full-Time,150681,HỒ THANH PHONG,66,13,0.197,53,0,2026-10-02 09:15:37
166,50-HCM Binh Chanh/Vinh Loc Hub,in-house,Full-Time,93846,TRẦN ĐỨC MINH,114,18,0.1579,94,2,2026-10-02 09:15:37
166,50-HCM Binh Chanh/Vinh Loc Hub,in-house,Full-Time,144290,NGUYỄN VĂN TỚI,86,12,0.1395,73,1,2026-10-02 09:15:37
166,50-HCM Binh Chanh/Vinh Loc Hub,in-house,Full-Time,88933,NGUYỄN HOÀI NHÂN,97,13,0.134,84,0,2026-10-02 09:15:37
166,50-HCM Binh Chanh/Vinh Loc Hub,in-house,Full-Time,139033,NGUYỄN TẤN ĐẠT,147,12,0.0816,135,0,2026-10-02 09:15:37
166,50-HCM Binh Chanh/Vinh Loc Hub,in-house,Full-Time,160012,LƯƠNG THÁI HÒA,73,0,0,68,5,2026-10-02 09:15:37
166,50-HCM Binh Chanh/Vinh Loc Hub,in-house,Full-Time,92002,NGUYỄN HỒNG SƠN,157,0,0,148,9,2026-10-02 09:15:37
166,50-HCM Binh Chanh/Vinh Loc Hub,in-house,Full-Time,152334,TĂNG VĂN QUẸO,118,6,0.0508,112,0,2026-10-02 09:15:37
166,50-HCM Binh Chanh/Vinh Loc Hub,in-house,Full-Time,5417,HUỲNH HOÀI BẢO,117,5,0.0427,112,0,2026-10-02 09:15:37
166,50-HCM Binh Chanh/Vinh Loc Hub,in-house,Full-Time,154312,LƯƠNG QUANG THÁI,63,0,0,61,2,2026-10-02 09:15:37
166,50-HCM Binh Chanh/Vinh Loc Hub,in-house,Full-Time,143858,THÁI ĐÌNH TUẤN,94,0,0,92,2,2026-10-02 09:15:37
166,50-HCM Binh Chanh/Vinh Loc Hub,in-house,Full-Time,138160,NGUYỄN KIM ANH TUẤN,112,0,0,110,2,2026-10-02 09:15:37
166,50-HCM Binh Chanh/Vinh Loc Hub,in-house,Full-Time,146028,BÙI VŨ VIỆT,120,1,0.0083,118,1,2026-10-02 09:15:37
166,50-HCM Binh Chanh/Vinh Loc Hub,in-house,Full-Time,140114,PHẠM THỊ NGỌC LINH,78,1,0.0128,77,0,2026-10-02 09:15:37
166,50-HCM Binh Chanh/Vinh Loc Hub,in-house,Full-Time,148085,TRẦN TRUNG NGHĨA,79,0,0,78,1,2026-10-02 09:15:37
166,50-HCM Binh Chanh/Vinh Loc Hub,in-house,Full-Time,151760,NGUYỄN ĐẠT HUY,81,0,0,80,1,2026-10-02 09:15:37
166,50-HCM Binh Chanh/Vinh Loc Hub,in-house,Full-Time,144068,PHAN HOÀI LÂM,105,0,0,104,1,2026-10-02 09:15:37
166,50-HCM Binh Chanh/Vinh Loc Hub,in-house,Full-Time,10602,TRẦN LÊ QUỐC DŨNG,108,1,0.0093,107,0,2026-10-02 09:15:37
166,50-HCM Binh Chanh/Vinh Loc Hub,in-house,Full-Time,150195,VŨ NGUYỄN HUY HOÀNG,113,0,0,112,1,2026-10-02 09:15:37
166,50-HCM Binh Chanh/Vinh Loc Hub,in-house,Full-Time,64564,HỒ XUÂN LỘC,230,0,0,229,1,2026-10-02 09:15:37
166,50-HCM Binh Chanh/Vinh Loc Hub,in-house,Full-Time,6429,PHẠM THANH TUẤN,2,0,0,2,0,2026-10-02 09:15:37
166,50-HCM Binh Chanh/Vinh Loc Hub,in-house,Full-Time,51552,LÊ THIỆN TÂM,149,0,0,149,0,2026-10-02 09:15:37
166,50-HCM Binh Chanh/Vinh Loc Hub,in-house,Full-Time,51895,TRẦN THÁI HOÀNG QUÊ HƯƠNG,135,0,0,135,0,2026-10-02 09:15:37
166,50-HCM Binh Chanh/Vinh Loc Hub,in-house,Full-Time,64758,TRẦN NAM HƯNG,114,0,0,114,0,2026-10-02 09:15:37
166,50-HCM Binh Chanh/Vinh Loc Hub,in-house,Full-Time,82379,TRẦN THÀNH LỘC,74,0,0,74,0,2026-10-02 09:15:37
166,50-HCM Binh Chanh/Vinh Loc Hub,in-house,Full-Time,84131,LƯƠNG MINH TIẾN,150,0,0,150,0,2026-10-02 09:15:37
166,50-HCM Binh Chanh/Vinh Loc Hub,in-house,Full-Time,96657,TRẦN NGỌC HUYÊN,100,0,0,100,0,2026-10-02 09:15:37
166,50-HCM Binh Chanh/Vinh Loc Hub,in-house,Full-Time,103091,NGUYỄN PHI LONG,92,0,0,92,0,2026-10-02 09:15:37
166,50-HCM Binh Chanh/Vinh Loc Hub,in-house,Full-Time,138152,BẠCH VĂN TRƯỜNG,129,0,0,129,0,2026-10-02 09:15:37
166,50-HCM Binh Chanh/Vinh Loc Hub,in-house,Full-Time,138639,TRẦN HUỲNH BỬU THIỆN,79,0,0,79,0,2026-10-02 09:15:37
166,50-HCM Binh Chanh/Vinh Loc Hub,in-house,Full-Time,147539,NGUYỄN ĐỨC LƯƠNG,106,0,0,106,0,2026-10-02 09:15:37
166,50-HCM Binh Chanh/Vinh Loc Hub,in-house,Full-Time,147724,NGUYỄN VĂN BẢO,79,0,0,79,0,2026-10-02 09:15:37
166,50-HCM Binh Chanh/Vinh Loc Hub,in-house,Full-Time,147732,NGUYỄN THÀNH ÂN,89,0,0,89,0,2026-10-02 09:15:37
166,50-HCM Binh Chanh/Vinh Loc Hub,in-house,Full-Time,148252,VÕ VĂN GIÀU,140,0,0,140,0,2026-10-02 09:15:37
166,50-HCM Binh Chanh/Vinh Loc Hub,in-house,Full-Time,149675,HOÀNG ĐỨC ANH TÀI,99,0,0,99,0,2026-10-02 09:15:37
166,50-HCM Binh Chanh/Vinh Loc Hub,in-house,Full-Time,154921,NGUYỄN MINH HIẾU,140,0,0,140,0,2026-10-02 09:15:37
166,50-HCM Binh Chanh/Vinh Loc Hub,in-house,Full-Time,155163,TRẦN LÊ CHÂN,134,0,0,134,0,2026-10-02 09:15:37
166,50-HCM Binh Chanh/Vinh Loc Hub,in-house,Full-Time,8575,MÌN CHÍ QUYỀN,0,0,0,0,0,2026-10-02 09:15:37
166,50-HCM Binh Chanh/Vinh Loc Hub,in-house,Full-Time,144191,Tk Hub_SPXVN2094_51-HCM Binh Chanh/Vinh Loc A Hub,0,0,0,0,0,2026-10-02 09:15:37
41,50-HCM Binh Tan Hub,in-house,Full-Time,88763,NGUYỄN VĂN THANH,34,32,0.9412,2,0,2026-10-02 09:15:38
41,50-HCM Binh Tan Hub,in-house,Full-Time,140091,QUAN TIẾN THANH,99,36,0.3636,62,1,2026-10-02 09:15:38
41,50-HCM Binh Tan Hub,in-house,Full-Time,95101,TRẦN TẤN ĐẠT,160,34,0.2125,123,3,2026-10-02 09:15:38
41,50-HCM Binh Tan Hub,in-house,Full-Time,89584,TRẦN PHẠM TIẾN PHÁT,133,28,0.2105,105,0,2026-10-02 09:15:38
41,50-HCM Binh Tan Hub,in-house,Full-Time,6427,HỒNG NGỌC HUYỀN TRÂN,165,34,0.2061,131,0,2026-10-02 09:15:38
41,50-HCM Binh Tan Hub,in-house,Full-Time,89230,LÊ TRÍ THÀNH,144,29,0.2014,115,0,2026-10-02 09:15:38
41,50-HCM Binh Tan Hub,in-house,Full-Time,36764,VÕ VĂN HOÀNG VŨ,204,41,0.201,163,0,2026-10-02 09:15:38
41,50-HCM Binh Tan Hub,in-house,Full-Time,93855,TRẦN QUỐC DŨNG,129,24,0.186,104,1,2026-10-02 09:15:38
41,50-HCM Binh Tan Hub,in-house,Full-Time,108471,TRẦN THANH SANG,129,21,0.1628,108,0,2026-10-02 09:15:38
41,50-HCM Binh Tan Hub,in-house,Full-Time,89986,NGUYỄN TRỌNG QUÝ,176,25,0.142,149,2,2026-10-02 09:15:38
41,50-HCM Binh Tan Hub,in-house,Full-Time,13144,LÊ XUÂN QUÝ,140,20,0.1429,120,0,2026-10-02 09:15:38
41,50-HCM Binh Tan Hub,in-house,Full-Time,12153,TRẦN VĂN THANH,160,20,0.125,140,0,2026-10-02 09:15:38
41,50-HCM Binh Tan Hub,in-house,Full-Time,13217,NGUYỂN DUY HIỀN,175,13,0.0743,159,3,2026-10-02 09:15:38
41,50-HCM Binh Tan Hub,in-house,Full-Time,8751,NGUYỄN VĨNH THUẬN,178,16,0.0899,162,0,2026-10-02 09:15:38
41,50-HCM Binh Tan Hub,in-house,Full-Time,123721,LÊ MINH MẪN,200,17,0.085,183,0,2026-10-02 09:15:38
41,50-HCM Binh Tan Hub,in-house,Full-Time,92166,NGUYỄN TRƯỜNG LAM,105,6,0.0571,99,0,2026-10-02 09:15:38
41,50-HCM Binh Tan Hub,in-house,Full-Time,92496,DIỆP MINH HỒNG,163,6,0.0368,155,2,2026-10-02 09:15:38
41,50-HCM Binh Tan Hub,in-house,Full-Time,16194,NGUYỄN MINH ĐỨC,182,5,0.0275,176,1,2026-10-02 09:15:38
41,50-HCM Binh Tan Hub,in-house,Full-Time,71571,HUỲNH THANH TUẤN ANH,123,2,0.0163,119,2,2026-10-02 09:15:38
41,50-HCM Binh Tan Hub,in-house,Full-Time,155312,NGUYỄN MINH TÙNG,177,4,0.0226,173,0,2026-10-02 09:15:38
41,50-HCM Binh Tan Hub,in-house,Full-Time,37487,BÙI TIẾN ĐẠT,159,0,0,156,3,2026-10-02 09:15:38
41,50-HCM Binh Tan Hub,in-house,Full-Time,129733,PHẠM HOÀNG LONG,151,0,0,149,2,2026-10-02 09:15:38
41,50-HCM Binh Tan Hub,in-house,Full-Time,88617,NGUYỄN CHÍ BẢO,152,0,0,151,1,2026-10-02 09:15:38
41,50-HCM Binh Tan Hub,in-house,Full-Time,94500,PHẠM QUANG BẢO,175,0,0,174,1,2026-10-02 09:15:38
41,50-HCM Binh Tan Hub,in-house,Full-Time,99816,LÂM THANH THỊNH,174,0,0,173,1,2026-10-02 09:15:38
41,50-HCM Binh Tan Hub,in-house,Full-Time,55456,ĐÀO NGỌC HẬU,185,0,0,184,1,2026-10-02 09:15:38
41,50-HCM Binh Tan Hub,in-house,Full-Time,89301,LÊ HOÀNG TRUNG,192,0,0,192,0,2026-10-02 09:15:38
41,50-HCM Binh Tan Hub,in-house,Full-Time,89985,TRẦN HOÀNG NAM,177,0,0,177,0,2026-10-02 09:15:38
41,50-HCM Binh Tan Hub,in-house,Full-Time,92164,ĐẶNG MINH QUÂN,216,0,0,216,0,2026-10-02 09:15:38
41,50-HCM Binh Tan Hub,in-house,Full-Time,93415,NGUYỄN THỊ NGỌC HIỀN,169,0,0,169,0,2026-10-02 09:15:38
41,50-HCM Binh Tan Hub,in-house,Full-Time,93671,NGUYỄN BẮC,173,0,0,173,0,2026-10-02 09:15:38
41,50-HCM Binh Tan Hub,in-house,Full-Time,94519,TRẦN THANH PHÚC,129,0,0,129,0,2026-10-02 09:15:38
41,50-HCM Binh Tan Hub,in-house,Full-Time,110845,TRẦN ĐỨC NGUYÊN,195,0,0,195,0,2026-10-02 09:15:38
41,50-HCM Binh Tan Hub,in-house,Full-Time,118321,TRẦN GIA TIẾN,191,0,0,191,0,2026-10-02 09:15:38
41,50-HCM Binh Tan Hub,in-house,Full-Time,122460,NGUYỄN ANH QUỐC,182,0,0,182,0,2026-10-02 09:15:38
41,50-HCM Binh Tan Hub,in-house,Full-Time,122894,VÕ QUỐC CƯỜNG,123,0,0,123,0,2026-10-02 09:15:38
41,50-HCM Binh Tan Hub,in-house,Full-Time,139211,VÕ VĂN LƯỢM,133,0,0,133,0,2026-10-02 09:15:38
41,50-HCM Binh Tan Hub,in-house,Full-Time,152645,PHẠM ANH ĐẠI,98,0,0,98,0,2026-10-02 09:15:38
917,50-HCM Binh Tan/An Lac Hub,in-house,Full-Time,57588,HUỲNH MINH TUẤN,158,20,0.1266,137,1,2026-10-02 09:15:38
917,50-HCM Binh Tan/An Lac Hub,in-house,Full-Time,10126,NGUYỄN NGỌC NHÂN,181,16,0.0884,165,0,2026-10-02 09:15:38
917,50-HCM Binh Tan/An Lac Hub,in-house,Full-Time,12475,TRƯƠNG QUỐC HUÊ,168,14,0.0833,154,0,2026-10-02 09:15:38
917,50-HCM Binh Tan/An Lac Hub,Minh Hiếu,Full-Time,1037,NGUYỄN VĂN HIỀN,32,0,0,30,2,2026-10-02 09:15:38
917,50-HCM Binh Tan/An Lac Hub,in-house,Full-Time,10223,ĐẶNG VĂN VŨ,29,0,0,28,1,2026-10-02 09:15:38
917,50-HCM Binh Tan/An Lac Hub,in-house,Full-Time,3408,TRƯƠNG QUỐC PHONG,183,6,0.0328,177,0,2026-10-02 09:15:38
917,50-HCM Binh Tan/An Lac Hub,in-house,Full-Time,32849,LÊ QUÝ THỊNH,170,3,0.0176,167,0,2026-10-02 09:15:38
917,50-HCM Binh Tan/An Lac Hub,in-house,Full-Time,62390,TRẦN TRUNG NGHĨA,159,1,0.0063,158,0,2026-10-02 09:15:38
917,50-HCM Binh Tan/An Lac Hub,in-house,Full-Time,2215,HỒ VĂN CHUNG,35,0,0,35,0,2026-10-02 09:15:38
917,50-HCM Binh Tan/An Lac Hub,in-house,Full-Time,2401,LÊ VŨ LINH,10,0,0,10,0,2026-10-02 09:15:38
917,50-HCM Binh Tan/An Lac Hub,in-house,Full-Time,13285,HUỲNH MINH PHÁT,23,0,0,23,0,2026-10-02 09:15:38
917,50-HCM Binh Tan/An Lac Hub,in-house,Full-Time,21557,TRẦN HOÀNG LIÊM,33,0,0,33,0,2026-10-02 09:15:38
917,50-HCM Binh Tan/An Lac Hub,in-house,Full-Time,44808,THÁI VĂN KHOA,17,0,0,17,0,2026-10-02 09:15:38
917,50-HCM Binh Tan/An Lac Hub,in-house,Full-Time,46109,PHẠM THANH HUY,18,0,0,18,0,2026-10-02 09:15:38
917,50-HCM Binh Tan/An Lac Hub,in-house,Full-Time,58760,HUỲNH NGỌC PHÚ,17,0,0,17,0,2026-10-02 09:15:38
917,50-HCM Binh Tan/An Lac Hub,in-house,Full-Time,84485,DƯƠNG MINH THIỆN,24,0,0,24,0,2026-10-02 09:15:38
917,50-HCM Binh Tan/An Lac Hub,in-house,Full-Time,91624,NGUYỄN VĂN KHANG,32,0,0,32,0,2026-10-02 09:15:38
917,50-HCM Binh Tan/An Lac Hub,in-house,Full-Time,101591,TRẦN TỪ HOÀNG THIỆN,1,0,0,1,0,2026-10-02 09:15:38
917,50-HCM Binh Tan/An Lac Hub,in-house,Full-Time,101943,NGUYỄN DUY TÂN,138,0,0,138,0,2026-10-02 09:15:38
917,50-HCM Binh Tan/An Lac Hub,in-house,Full-Time,108479,TRẦN VIỆT CHIẾN,44,0,0,44,0,2026-10-02 09:15:38
917,50-HCM Binh Tan/An Lac Hub,in-house,Full-Time,108893,NGUYỄN HOÀNG ĐỨC,25,0,0,25,0,2026-10-02 09:15:38
917,50-HCM Binh Tan/An Lac Hub,in-house,Full-Time,110161,NGUYỄN HỮU TRỌNG,1,0,0,1,0,2026-10-02 09:15:38
917,50-HCM Binh Tan/An Lac Hub,in-house,Full-Time,118328,NGUYỄN MINH ANH,192,0,0,192,0,2026-10-02 09:15:38
917,50-HCM Binh Tan/An Lac Hub,in-house,Full-Time,124005,ĐỖ ĐẠT TẤN,151,0,0,151,0,2026-10-02 09:15:38
917,50-HCM Binh Tan/An Lac Hub,in-house,Full-Time,134045,HUỲNH VĂN BẢO,126,0,0,126,0,2026-10-02 09:15:38
917,50-HCM Binh Tan/An Lac Hub,in-house,Full-Time,144066,HUỲNH KIM BÌNH,39,0,0,39,0,2026-10-02 09:15:38
917,50-HCM Binh Tan/An Lac Hub,in-house,Full-Time,144292,TRẦN BÁ NHUẬN,24,0,0,24,0,2026-10-02 09:15:38
917,50-HCM Binh Tan/An Lac Hub,in-house,Full-Time,144639,LA TỬ KIỆT,47,0,0,47,0,2026-10-02 09:15:38
917,50-HCM Binh Tan/An Lac Hub,in-house,Full-Time,147540,TRƯƠNG ANH TÀI,146,0,0,146,0,2026-10-02 09:15:38
917,50-HCM Binh Tan/An Lac Hub,in-house,Full-Time,152337,LÝ HOÀNG PHÚC,11,0,0,11,0,2026-10-02 09:15:38
917,50-HCM Binh Tan/An Lac Hub,in-house,Full-Time,160816,NGUYỄN THANH MINH,156,0,0,156,0,2026-10-02 09:15:38
917,50-HCM Binh Tan/An Lac Hub,in-house,Full-Time,162115,NGUYỄN XUÂN HẬU,27,0,0,27,0,2026-10-02 09:15:38
917,50-HCM Binh Tan/An Lac Hub,in-house,Full-Time,1105,NGUYỄN TIẾN MẠNH,0,0,0,0,0,2026-10-02 09:15:38
917,50-HCM Binh Tan/An Lac Hub,in-house,Full-Time,13218,TRƯƠNG THANH HOÀNG,0,0,0,0,0,2026-10-02 09:15:38
917,50-HCM Binh Tan/An Lac Hub,in-house,Full-Time,23509,LÊ THANH TÙNG,0,0,0,0,0,2026-10-02 09:15:38
917,50-HCM Binh Tan/An Lac Hub,in-house,Full-Time,62467,PHAN NGỌC THÀNH,0,0,0,0,0,2026-10-02 09:15:38
917,50-HCM Binh Tan/An Lac Hub,in-house,Full-Time,89721,NGUYỄN THÀNH TÀI,0,0,0,0,0,2026-10-02 09:15:38
917,50-HCM Binh Tan/An Lac Hub,in-house,Full-Time,127772,HÀ GIA ĐỨC,0,0,0,0,0,2026-10-02 09:15:38
912,50-HCM Binh Thanh/VTB Hub,in-house,Full-Time,98241,CAM HOÀI TẤN,77,49,0.6364,27,1,2026-10-02 09:15:38
912,50-HCM Binh Thanh/VTB Hub,in-house,Full-Time,130527,NGUYỄN HUỲNH,172,77,0.4477,93,2,2026-10-02 09:15:38
912,50-HCM Binh Thanh/VTB Hub,in-house,Full-Time,70763,LÊ TRỌNG KHÔI,185,83,0.4486,102,0,2026-10-02 09:15:38
912,50-HCM Binh Thanh/VTB Hub,in-house,Full-Time,31053,CAO QUỐC BẢO,115,46,0.4,68,1,2026-10-02 09:15:38
912,50-HCM Binh Thanh/VTB Hub,in-house,Full-Time,7358,BÙI TẤN HẢI,143,53,0.3706,90,0,2026-10-02 09:15:38
912,50-HCM Binh Thanh/VTB Hub,in-house,Full-Time,148902,TRẦN ĐĂNG BÌNH,97,31,0.3196,65,1,2026-10-02 09:15:38
912,50-HCM Binh Thanh/VTB Hub,in-house,Full-Time,150194,TRẦN ĐỨC LƯƠNG,183,56,0.306,126,1,2026-10-02 09:15:38
912,50-HCM Binh Thanh/VTB Hub,in-house,Full-Time,109174,LÊ VĂN SÁU,236,73,0.3093,163,0,2026-10-02 09:15:38
912,50-HCM Binh Thanh/VTB Hub,in-house,Full-Time,152121,NGUYỄN DUY TÂM,122,37,0.3033,85,0,2026-10-02 09:15:38
912,50-HCM Binh Thanh/VTB Hub,in-house,Full-Time,145293,HÀNG ANH PHÁT,118,25,0.2119,93,0,2026-10-02 09:15:38
912,50-HCM Binh Thanh/VTB Hub,in-house,Full-Time,40116,LÝ VŨ PHI LONG,108,21,0.1944,87,0,2026-10-02 09:15:38
912,50-HCM Binh Thanh/VTB Hub,in-house,Full-Time,29964,DƯƠNG NGUYỄN NGỌC NGHĨA,154,29,0.1883,125,0,2026-10-02 09:15:38
912,50-HCM Binh Thanh/VTB Hub,in-house,Full-Time,137057,NGUYỄN HOÀNG QUỐC,173,30,0.1734,142,1,2026-10-02 09:15:38
912,50-HCM Binh Thanh/VTB Hub,in-house,Full-Time,24510,NGUYỄN ĐỨC ANH TUẤN,171,30,0.1754,141,0,2026-10-02 09:15:38
912,50-HCM Binh Thanh/VTB Hub,in-house,Full-Time,161837,NGUYỄN HOÀNG ĐỨC HUY,123,21,0.1707,102,0,2026-10-02 09:15:38
912,50-HCM Binh Thanh/VTB Hub,in-house,Full-Time,60388,LƯƠNG GIA NHÂN,149,24,0.1611,124,1,2026-10-02 09:15:38
912,50-HCM Binh Thanh/VTB Hub,in-house,Full-Time,80295,NGUYỄN HOÀNG TÂM,151,25,0.1656,126,0,2026-10-02 09:15:38
912,50-HCM Binh Thanh/VTB Hub,in-house,Full-Time,54213,TRẦN GIA HUY,140,21,0.15,119,0,2026-10-02 09:15:38
912,50-HCM Binh Thanh/VTB Hub,in-house,Full-Time,138643,ĐẶNG THANH TÙNG,140,17,0.1214,119,4,2026-10-02 09:15:38
912,50-HCM Binh Thanh/VTB Hub,in-house,Full-Time,56226,ĐỖ THANH DŨNG,164,22,0.1341,142,0,2026-10-02 09:15:38
912,50-HCM Binh Thanh/VTB Hub,in-house,Full-Time,3949,NGUYỄN ĐỨC ANH TRƯỜNG,166,16,0.0964,150,0,2026-10-02 09:15:38
912,50-HCM Binh Thanh/VTB Hub,in-house,Full-Time,160630,NGUYỄN THIÊN GIAO,131,10,0.0763,119,2,2026-10-02 09:15:38
912,50-HCM Binh Thanh/VTB Hub,in-house,Full-Time,19838,ĐỖ QUANG VINH,148,12,0.0811,136,0,2026-10-02 09:15:38
912,50-HCM Binh Thanh/VTB Hub,in-house,Full-Time,74359,LÂM HÁN TOÀN,187,15,0.0802,172,0,2026-10-02 09:15:38
912,50-HCM Binh Thanh/VTB Hub,in-house,Full-Time,56734,LÊ HOÀNG PHI,238,19,0.0798,219,0,2026-10-02 09:15:38
912,50-HCM Binh Thanh/VTB Hub,in-house,Full-Time,145909,NGUYỄN MINH ĐOÀN,164,10,0.061,151,3,2026-10-02 09:15:38
912,50-HCM Binh Thanh/VTB Hub,in-house,Full-Time,147967,NGÔ BẢO DUY,185,0,0,174,11,2026-10-02 09:15:38
912,50-HCM Binh Thanh/VTB Hub,in-house,Full-Time,22624,NGUYỄN VĂN ĐƯỜNG,87,2,0.023,82,3,2026-10-02 09:15:38
912,50-HCM Binh Thanh/VTB Hub,in-house,Full-Time,140085,ÔNG HOÀNG PHÚC,173,7,0.0405,166,0,2026-10-02 09:15:38
912,50-HCM Binh Thanh/VTB Hub,in-house,Full-Time,43696,LÊ QUANG PHẠM TUẤN,223,6,0.0269,217,0,2026-10-02 09:15:38
912,50-HCM Binh Thanh/VTB Hub,in-house,Full-Time,2058,NGÔ ĐÌNH KHÔI,270,5,0.0185,265,0,2026-10-02 09:15:38
912,50-HCM Binh Thanh/VTB Hub,HTL,Full-Time,14355,TRẦN ĐÌNH HIỂN,98,0,0,97,1,2026-10-02 09:15:38
912,50-HCM Binh Thanh/VTB Hub,in-house,Full-Time,95023,TRẦN MINH CHIẾN,119,1,0.0084,118,0,2026-10-02 09:15:38
912,50-HCM Binh Thanh/VTB Hub,in-house,Full-Time,14379,BÙI DƯƠNG MINH THÀNH,132,0,0,131,1,2026-10-02 09:15:38
912,50-HCM Binh Thanh/VTB Hub,in-house,Full-Time,509,MAI THANH HOÀNG,150,0,0,149,1,2026-10-02 09:15:38
912,50-HCM Binh Thanh/VTB Hub,in-house,Full-Time,107354,BÙI NGỌC EM,169,1,0.0059,168,0,2026-10-02 09:15:38
912,50-HCM Binh Thanh/VTB Hub,in-house,Full-Time,53737,LÊ THỊ NGỌC TOÀN,183,0,0,182,1,2026-10-02 09:15:38
912,50-HCM Binh Thanh/VTB Hub,in-house,Full-Time,73698,TRẦN ĐỨC LỢI,191,0,0,190,1,2026-10-02 09:15:38
912,50-HCM Binh Thanh/VTB Hub,in-house,Full-Time,157110,HOÀNG MINH TUẤN,211,1,0.0047,210,0,2026-10-02 09:15:38
912,50-HCM Binh Thanh/VTB Hub,in-house,Full-Time,737,LƯU CAO THÀNH TÂN,177,0,0,177,0,2026-10-02 09:15:38
912,50-HCM Binh Thanh/VTB Hub,in-house,Full-Time,1218,VŨ MẠNH QUÝ,221,0,0,221,0,2026-10-02 09:15:38
912,50-HCM Binh Thanh/VTB Hub,in-house,Full-Time,4067,ĐINH HOÀNG THANH DUY,150,0,0,150,0,2026-10-02 09:15:38
912,50-HCM Binh Thanh/VTB Hub,in-house,Full-Time,4541,NGUYỄN TẤN CƯỜNG,174,0,0,174,0,2026-10-02 09:15:38
912,50-HCM Binh Thanh/VTB Hub,in-house,Full-Time,5234,PHAN ĐỨC TIẾN,144,0,0,144,0,2026-10-02 09:15:38
912,50-HCM Binh Thanh/VTB Hub,in-house,Full-Time,6551,NGUYỄN HOÀNG MINH ANH,141,0,0,141,0,2026-10-02 09:15:38
912,50-HCM Binh Thanh/VTB Hub,Hoàng Minh,Full-Time,8864,NGUYỄN HIẾU TRUNG,165,0,0,165,0,2026-10-02 09:15:38
912,50-HCM Binh Thanh/VTB Hub,in-house,Full-Time,12965,TIỀNG LÊ ANH DUY,153,0,0,153,0,2026-10-02 09:15:38
912,50-HCM Binh Thanh/VTB Hub,in-house,Full-Time,17522,LÊ VỦ HẢO,123,0,0,123,0,2026-10-02 09:15:38
912,50-HCM Binh Thanh/VTB Hub,in-house,Full-Time,19872,PHẠM ĐÌNH MẠNH,30,0,0,30,0,2026-10-02 09:15:38
912,50-HCM Binh Thanh/VTB Hub,in-house,Full-Time,23782,NGUYỄN VĂN SANG,103,0,0,103,0,2026-10-02 09:15:38
912,50-HCM Binh Thanh/VTB Hub,in-house,Full-Time,24266,PHẠM MAI KHÁNH DUY,161,0,0,161,0,2026-10-02 09:15:38
912,50-HCM Binh Thanh/VTB Hub,in-house,Full-Time,30140,VÕ VĂN TIẾN,152,0,0,152,0,2026-10-02 09:15:38
912,50-HCM Binh Thanh/VTB Hub,in-house,Full-Time,33903,TRẦN MẠNH LINH,159,0,0,159,0,2026-10-02 09:15:38
912,50-HCM Binh Thanh/VTB Hub,in-house,Full-Time,41983,HUỲNH KỲ PHI GIAO,165,0,0,165,0,2026-10-02 09:15:38
912,50-HCM Binh Thanh/VTB Hub,in-house,Full-Time,49808,LÊ QUANG LINH,97,0,0,97,0,2026-10-02 09:15:38
912,50-HCM Binh Thanh/VTB Hub,in-house,Full-Time,54214,HUỲNH KIM THOA,145,0,0,145,0,2026-10-02 09:15:38
912,50-HCM Binh Thanh/VTB Hub,in-house,Full-Time,64551,NGUYỄN ĐỨC KHẢI,167,0,0,167,0,2026-10-02 09:15:38
912,50-HCM Binh Thanh/VTB Hub,in-house,Full-Time,81694,TRẦN THANH HOÀI,114,0,0,114,0,2026-10-02 09:15:38
912,50-HCM Binh Thanh/VTB Hub,in-house,Full-Time,136130,ĐỖ THẾ VINH,105,0,0,105,0,2026-10-02 09:15:38
912,50-HCM Binh Thanh/VTB Hub,in-house,Full-Time,139028,NGUYỄN THANH PHONG,271,0,0,271,0,2026-10-02 09:15:38
912,50-HCM Binh Thanh/VTB Hub,in-house,Full-Time,139271,NGUYỄN ĐĂNG KHOA,250,0,0,250,0,2026-10-02 09:15:38
912,50-HCM Binh Thanh/VTB Hub,in-house,Full-Time,145292,NGUYỄN VĂN HIẾU,160,0,0,160,0,2026-10-02 09:15:38
912,50-HCM Binh Thanh/VTB Hub,in-house,Full-Time,145907,TRẦN VĂN TẤN LONG,95,0,0,95,0,2026-10-02 09:15:38
912,50-HCM Binh Thanh/VTB Hub,in-house,Full-Time,148251,NGUYỄN NHẤT PHI,268,0,0,268,0,2026-10-02 09:15:38
912,50-HCM Binh Thanh/VTB Hub,in-house,Full-Time,153409,NGUYỄN THANH LONG,134,0,0,134,0,2026-10-02 09:15:38
912,50-HCM Binh Thanh/VTB Hub,in-house,Full-Time,156465,NGUYỄN TẤN ĐẠT,151,0,0,151,0,2026-10-02 09:15:38
912,50-HCM Binh Thanh/VTB Hub,in-house,Full-Time,162295,NGUYỄN QUÍ TẤN KHƯƠNG,97,0,0,97,0,2026-10-02 09:15:38
384,50-HCM Can Gio Hub,in-house,Full-Time,139765,TRƯƠNG LÊ MINH KHANG,71,13,0.1831,58,0,2026-10-02 09:15:38
384,50-HCM Can Gio Hub,in-house,Full-Time,9008,NGUYỄN TUẤN HÙNG,43,1,0.0233,37,5,2026-10-02 09:15:38
384,50-HCM Can Gio Hub,in-house,Full-Time,154837,ĐẶNG MINH TÀI,89,0,0,81,8,2026-10-02 09:15:38
384,50-HCM Can Gio Hub,in-house,Full-Time,54690,LÊ HỒNG PHÁT,173,12,0.0694,158,3,2026-10-02 09:15:38
384,50-HCM Can Gio Hub,in-house,Full-Time,144298,NGUYỄN LÊ QUỐC HUY,111,0,0,104,7,2026-10-02 09:15:38
384,50-HCM Can Gio Hub,in-house,Full-Time,9596,LÊ VÕ ĐĂNG KHƯƠNG,59,0,0,56,3,2026-10-02 09:15:38
384,50-HCM Can Gio Hub,in-house,Full-Time,130526,NGUYỄN VĂN NGAY,86,0,0,83,3,2026-10-02 09:15:38
384,50-HCM Can Gio Hub,in-house,Full-Time,155443,HUỲNH TRÍ NỊ,50,0,0,49,1,2026-10-02 09:15:38
384,50-HCM Can Gio Hub,in-house,Full-Time,13958,NGUYỄN PHI HƯNG,101,0,0,99,2,2026-10-02 09:15:38
384,50-HCM Can Gio Hub,in-house,Full-Time,29066,LÊ TẤN NGHĨA,84,0,0,83,1,2026-10-02 09:15:38
384,50-HCM Can Gio Hub,in-house,Full-Time,158538,NGUYỄN THANH TIẾN,85,0,0,84,1,2026-10-02 09:15:38
384,50-HCM Can Gio Hub,in-house,Full-Time,29053,TRẦN TẤN LỘC,95,0,0,94,1,2026-10-02 09:15:38
384,50-HCM Can Gio Hub,in-house,Full-Time,128169,LÊ THANH LONG,182,0,0,181,1,2026-10-02 09:15:38
384,50-HCM Can Gio Hub,in-house,Full-Time,9010,LÊ VĂN MINH,85,0,0,85,0,2026-10-02 09:15:38
384,50-HCM Can Gio Hub,in-house,Full-Time,9011,NGUYỄN THỊ NGỌC DIỄM,144,0,0,144,0,2026-10-02 09:15:38
384,50-HCM Can Gio Hub,in-house,Full-Time,14121,ĐẶNG MINH HOÀNG,119,0,0,119,0,2026-10-02 09:15:38
384,50-HCM Can Gio Hub,in-house,Full-Time,17328,NGUYỄN HOÀNG GIANG,97,0,0,97,0,2026-10-02 09:15:38
384,50-HCM Can Gio Hub,in-house,Full-Time,26135,PHẠM VĂN TRUNG,143,0,0,143,0,2026-10-02 09:15:38
384,50-HCM Can Gio Hub,in-house,Full-Time,29054,DƯƠNG NHẬT TRƯỜNG,49,0,0,49,0,2026-10-02 09:15:38
384,50-HCM Can Gio Hub,in-house,Full-Time,63929,THẠCH MÃI,106,0,0,106,0,2026-10-02 09:15:38
384,50-HCM Can Gio Hub,in-house,Full-Time,105973,NGUYỄN TRUNG HẢI,93,0,0,93,0,2026-10-02 09:15:38
384,50-HCM Can Gio Hub,in-house,Full-Time,107560,HUỲNH MINH VƯƠNG,81,0,0,81,0,2026-10-02 09:15:38
384,50-HCM Can Gio Hub,in-house,Full-Time,109787,LÊ HÙNG HẢI,61,0,0,61,0,2026-10-02 09:15:38
384,50-HCM Can Gio Hub,in-house,Full-Time,123588,NGUYỄN XUÂN THÀNH,143,0,0,143,0,2026-10-02 09:15:38
384,50-HCM Can Gio Hub,in-house,Full-Time,140328,NGUYỄN KHẮC MINH AN,30,0,0,30,0,2026-10-02 09:15:38
384,50-HCM Can Gio Hub,in-house,Full-Time,151092,NGUYỄN MINH ĐỨC,67,0,0,67,0,2026-10-02 09:15:38
384,50-HCM Can Gio Hub,in-house,Full-Time,152650,PHẠM VĂN PHONG,59,0,0,59,0,2026-10-02 09:15:38
384,50-HCM Can Gio Hub,in-house,Full-Time,156225,NGUYỄN THÀNH HẢI,115,0,0,115,0,2026-10-02 09:15:38
384,50-HCM Can Gio Hub,in-house,Full-Time,161591,DƯƠNG GIA KIỆT,64,0,0,64,0,2026-10-02 09:15:38
384,50-HCM Can Gio Hub,in-house,Full-Time,162838,NGUYỄN THỊ LỆ THI,56,0,0,56,0,2026-10-02 09:15:38
384,50-HCM Can Gio Hub,in-house,Full-Time,135689,LẠI QUỐC TRUNG,0,0,0,0,0,2026-10-02 09:15:38
304,50-HCM Cu Chi Hub,in-house,Full-Time,91790,PHẠM CHÍ HÙNG,103,42,0.4078,60,1,2026-10-02 09:15:38
304,50-HCM Cu Chi Hub,in-house,Full-Time,158326,PHAN ĐẮC NGHĨA,71,19,0.2676,51,1,2026-10-02 09:15:38
304,50-HCM Cu Chi Hub,in-house,Full-Time,114458,NGUYỄN THÀNH PHỤNG,99,26,0.2626,72,1,2026-10-02 09:15:38
304,50-HCM Cu Chi Hub,in-house,Full-Time,85867,HUỲNH TẤN LỘC,80,20,0.25,59,1,2026-10-02 09:15:38
304,50-HCM Cu Chi Hub,in-house,Full-Time,37488,NGUYỄN TRẦN LÊ NGUYÊN,96,23,0.2396,73,0,2026-10-02 09:15:38
304,50-HCM Cu Chi Hub,in-house,Full-Time,107353,DƯƠNG TRẦN NGHĨA,98,22,0.2245,76,0,2026-10-02 09:15:38
304,50-HCM Cu Chi Hub,in-house,Full-Time,63938,ĐẶNG QUANG TRUNG,99,18,0.1818,79,2,2026-10-02 09:15:38
304,50-HCM Cu Chi Hub,in-house,Full-Time,69915,NGUYỄN BÁ MINH TÂM,118,21,0.178,97,0,2026-10-02 09:15:38
304,50-HCM Cu Chi Hub,in-house,Full-Time,111321,LÊ DƯƠNG ANH KHOA,142,22,0.1549,119,1,2026-10-02 09:15:38
304,50-HCM Cu Chi Hub,in-house,Full-Time,64588,NGUYỄN THANH LÂM,79,11,0.1392,67,1,2026-10-02 09:15:38
304,50-HCM Cu Chi Hub,in-house,Full-Time,53256,NGUYỄN TRỌNG HIẾU,128,17,0.1328,109,2,2026-10-02 09:15:38
304,50-HCM Cu Chi Hub,in-house,Full-Time,19661,NGUYỄN CHÍ TÌNH,143,17,0.1189,126,0,2026-10-02 09:15:38
304,50-HCM Cu Chi Hub,in-house,Full-Time,87699,CAO MINH HIỂN,103,7,0.068,91,5,2026-10-02 09:15:38
304,50-HCM Cu Chi Hub,in-house,Full-Time,137679,NGUYỄN ĐÌNH TRUNG,103,7,0.068,95,1,2026-10-02 09:15:38
304,50-HCM Cu Chi Hub,in-house,Full-Time,8874,NGUYỄN HOÀNG TÚ,89,3,0.0337,84,2,2026-10-02 09:15:38
304,50-HCM Cu Chi Hub,in-house,Full-Time,153653,THẠCH THANH PHONG,95,1,0.0105,91,3,2026-10-02 09:15:38
304,50-HCM Cu Chi Hub,in-house,Full-Time,77064,TRẦN TỐ LINH,105,0,0,102,3,2026-10-02 09:15:38
304,50-HCM Cu Chi Hub,in-house,Full-Time,155311,LĂNG QUỐC VINH,70,2,0.0286,68,0,2026-10-02 09:15:38
304,50-HCM Cu Chi Hub,in-house,Full-Time,92471,HUỲNH VĂN DỰ EM,113,1,0.0088,110,2,2026-10-02 09:15:38
304,50-HCM Cu Chi Hub,in-house,Full-Time,112531,NGUYỄN CHÍNH HUY THỊNH,126,0,0,124,2,2026-10-02 09:15:38
304,50-HCM Cu Chi Hub,in-house,Full-Time,141597,TRƯƠNG TẤN VŨ,80,0,0,79,1,2026-10-02 09:15:38
304,50-HCM Cu Chi Hub,in-house,Full-Time,65967,NGUYỄN HUỲNH TUẤN VINH,112,1,0.0089,111,0,2026-10-02 09:15:38
304,50-HCM Cu Chi Hub,in-house,Full-Time,97010,TRỊNH VĂN QUANG,118,0,0,117,1,2026-10-02 09:15:38
304,50-HCM Cu Chi Hub,in-house,Full-Time,101164,HUỲNH ANH TUẤN,121,1,0.0083,120,0,2026-10-02 09:15:38
304,50-HCM Cu Chi Hub,in-house,Full-Time,33476,TRẦN HỒNG PHÚC,106,0,0,106,0,2026-10-02 09:15:38
304,50-HCM Cu Chi Hub,in-house,Full-Time,34326,THÁI BẢO THANH,204,0,0,204,0,2026-10-02 09:15:38
381,50-HCM D11 Hub,in-house,Full-Time,124534,NGUYỄN NGỌC SANG,128,53,0.4141,73,2,2026-10-02 09:15:38
381,50-HCM D11 Hub,in-house,Full-Time,110844,VÒNG CHĂN CƯỜNG,99,38,0.3838,61,0,2026-10-02 09:15:38
381,50-HCM D11 Hub,in-house,Full-Time,69128,HUỲNH NGỌC XUYẾN,184,64,0.3478,120,0,2026-10-02 09:15:38
381,50-HCM D11 Hub,in-house,Full-Time,2891,VÕ TẤN LẬP,141,41,0.2908,100,0,2026-10-02 09:15:38
381,50-HCM D11 Hub,in-house,Full-Time,12532,NGUYỄN QUỐC CHẤN,129,33,0.2558,96,0,2026-10-02 09:15:38
381,50-HCM D11 Hub,in-house,Full-Time,45970,TRẦN HOÀNG VIỆT,156,33,0.2115,121,2,2026-10-02 09:15:38
381,50-HCM D11 Hub,in-house,Full-Time,61657,NGUYỄN NGÔ MINH TRÍ,130,27,0.2077,103,0,2026-10-02 09:15:38
381,50-HCM D11 Hub,in-house,Full-Time,14505,TẤT LIÊN PHÁT,111,22,0.1982,89,0,2026-10-02 09:15:38
381,50-HCM D11 Hub,in-house,Full-Time,29538,NGUYỄN TẤN TÀI,183,31,0.1694,147,5,2026-10-02 09:15:38
381,50-HCM D11 Hub,in-house,Full-Time,82384,TRẦN CẨM PHONG,143,27,0.1888,116,0,2026-10-02 09:15:38
381,50-HCM D11 Hub,in-house,Full-Time,137673,HUỲNH CHÍ TÂM,110,16,0.1455,92,2,2026-10-02 09:15:38
381,50-HCM D11 Hub,in-house,Full-Time,12762,NGUYỄN VĂN MẠNH,196,27,0.1378,168,1,2026-10-02 09:15:38
381,50-HCM D11 Hub,in-house,Full-Time,14618,NGUYỄN HỒNG NHÂN,174,22,0.1264,152,0,2026-10-02 09:15:38
381,50-HCM D11 Hub,in-house,Full-Time,431,NGUYỄN TRỌNG ĐỨC,186,19,0.1022,167,0,2026-10-02 09:15:38
381,50-HCM D11 Hub,in-house,Full-Time,5741,LÂM CHÍ CƯỜNG,168,15,0.0893,152,1,2026-10-02 09:15:38
381,50-HCM D11 Hub,in-house,Full-Time,7820,NGUYỄN KHÁNH THÀNH,107,9,0.0841,98,0,2026-10-02 09:15:38
381,50-HCM D11 Hub,in-house,Full-Time,51721,NGÔ PHÚ QUỐC,164,13,0.0793,151,0,2026-10-02 09:15:38
381,50-HCM D11 Hub,in-house,Full-Time,2680,ĐẶNG THÀNH TÂM,175,11,0.0629,164,0,2026-10-02 09:15:38
381,50-HCM D11 Hub,in-house,Full-Time,67001,NGUYỄN MAI ĐỨC TRỌNG,149,8,0.0537,141,0,2026-10-02 09:15:38
381,50-HCM D11 Hub,in-house,Full-Time,14358,VƯƠNG CHÍ BÌNH,118,6,0.0508,112,0,2026-10-02 09:15:38
381,50-HCM D11 Hub,in-house,Full-Time,106684,HỨA NGUYỄN ANH TUẤN,173,8,0.0462,165,0,2026-10-02 09:15:38
381,50-HCM D11 Hub,in-house,Full-Time,80301,HUỲNH DUY,144,6,0.0417,138,0,2026-10-02 09:15:38
381,50-HCM D11 Hub,in-house,Full-Time,12202,NGUYỄN QUỐC HUY,189,7,0.037,182,0,2026-10-02 09:15:38
381,50-HCM D11 Hub,in-house,Full-Time,82394,PHẠM NHẬT NAM,164,1,0.0061,158,5,2026-10-02 09:15:38
381,50-HCM D11 Hub,in-house,Full-Time,5618,TRỊNH VĨ CƯỜNG,136,3,0.0221,133,0,2026-10-02 09:15:38
381,50-HCM D11 Hub,in-house,Full-Time,64349,NGUYỄN TRỌNG NGHĨA,119,0,0,117,2,2026-10-02 09:15:38
381,50-HCM D11 Hub,in-house,Full-Time,57280,TRẦN TRIỀU MINH,149,1,0.0067,148,0,2026-10-02 09:15:38
381,50-HCM D11 Hub,in-house,Full-Time,110441,TRẦN KIM PHÁT,163,0,0,162,1,2026-10-02 09:15:38
381,50-HCM D11 Hub,in-house,Full-Time,5615,PHẠM THỊ KIM HỒNG,167,0,0,166,1,2026-10-02 09:15:38
381,50-HCM D11 Hub,in-house,Full-Time,2890,NGUYỄN THANH PHƯƠNG,173,0,0,172,1,2026-10-02 09:15:38
381,50-HCM D11 Hub,in-house,Full-Time,7473,LÝ QUYẾT MINH,135,0,0,135,0,2026-10-02 09:15:38
381,50-HCM D11 Hub,in-house,Full-Time,10006,ĐỖ TRUNG TÍN,135,0,0,135,0,2026-10-02 09:15:38
381,50-HCM D11 Hub,in-house,Full-Time,12938,KHA MINH TUẤN,102,0,0,102,0,2026-10-02 09:15:38
381,50-HCM D11 Hub,in-house,Full-Time,14620,TIÊN TỪ THÀNH,185,0,0,185,0,2026-10-02 09:15:38
381,50-HCM D11 Hub,in-house,Full-Time,14751,LÂM MINH TÀI,146,0,0,146,0,2026-10-02 09:15:38
381,50-HCM D11 Hub,in-house,Full-Time,30333,NGAN CHÍ AN,135,0,0,135,0,2026-10-02 09:15:38
381,50-HCM D11 Hub,in-house,Full-Time,33467,LÂM QUỐC MINH,116,0,0,116,0,2026-10-02 09:15:38
381,50-HCM D11 Hub,in-house,Full-Time,52501,TRẦN NGHIỆP HÀO,193,0,0,193,0,2026-10-02 09:15:38
381,50-HCM D11 Hub,in-house,Full-Time,63782,TRẦN QUỐC VIỆT,177,0,0,177,0,2026-10-02 09:15:38
381,50-HCM D11 Hub,in-house,Full-Time,70538,NGUYỄN THÀNH TRUNG,122,0,0,122,0,2026-10-02 09:15:38
381,50-HCM D11 Hub,in-house,Full-Time,78716,NGUYỄN HOÀNG THÀNH,155,0,0,155,0,2026-10-02 09:15:38
381,50-HCM D11 Hub,in-house,Full-Time,105114,NGUYỄN TRƯỜNG DUY,186,0,0,186,0,2026-10-02 09:15:38
381,50-HCM D11 Hub,in-house,Full-Time,110843,ĐÀO XUÂN DƯƠNG,123,0,0,123,0,2026-10-02 09:15:38
381,50-HCM D11 Hub,in-house,Full-Time,143630,PHẠM VĂN MINH,154,0,0,154,0,2026-10-02 09:15:38
381,50-HCM D11 Hub,in-house,Full-Time,144912,TRẦN TRUNG HIẾU,97,0,0,97,0,2026-10-02 09:15:38
381,50-HCM D11 Hub,in-house,Full-Time,130686,NGUYỄN ANH TUẤN,0,0,0,0,0,2026-10-02 09:15:38
397,50-HCM D12/An Suong Hub,in-house,Full-Time,103510,NGUYỄN VĂN CHIẾN,153,85,0.5556,68,0,2026-10-02 09:15:38
397,50-HCM D12/An Suong Hub,in-house,Full-Time,119515,LÊ ĐÔNG HÀO,113,61,0.5398,51,1,2026-10-02 09:15:38
397,50-HCM D12/An Suong Hub,in-house,Full-Time,109795,VŨ PHẠM TRƯỜNG AN,96,50,0.5208,45,1,2026-10-02 09:15:38
397,50-HCM D12/An Suong Hub,in-house,Full-Time,29636,VÕ KHẮC LONG,148,78,0.527,70,0,2026-10-02 09:15:38
397,50-HCM D12/An Suong Hub,in-house,Full-Time,102618,ĐẶNG HUY HOÀNG,143,74,0.5175,68,1,2026-10-02 09:15:38
397,50-HCM D12/An Suong Hub,in-house,Full-Time,92503,NGUYỄN HOÀNG THẢO,165,82,0.497,81,2,2026-10-02 09:15:38
397,50-HCM D12/An Suong Hub,in-house,Full-Time,87349,TRẦN MINH TRÍ,128,60,0.4688,68,0,2026-10-02 09:15:38
397,50-HCM D12/An Suong Hub,in-house,Full-Time,25993,NGUYỄN MINH TRƯỜNG,186,84,0.4516,100,2,2026-10-02 09:15:38
397,50-HCM D12/An Suong Hub,in-house,Full-Time,20330,NGUYỄN TRƯƠNG MINH SƠN,235,92,0.3915,143,0,2026-10-02 09:15:38
397,50-HCM D12/An Suong Hub,in-house,Full-Time,4759,TRẦN LÊ HUY,203,63,0.3103,124,16,2026-10-02 09:15:38
397,50-HCM D12/An Suong Hub,in-house,Full-Time,4760,TRẦN ĐÌNH KHANG,204,67,0.3284,134,3,2026-10-02 09:15:38
397,50-HCM D12/An Suong Hub,in-house,Full-Time,126926,LÊ QUỐC TIẾN,106,30,0.283,75,1,2026-10-02 09:15:38
397,50-HCM D12/An Suong Hub,in-house,Full-Time,35659,HUỲNH TẤN TIẾN,155,43,0.2774,110,2,2026-10-02 09:15:38
397,50-HCM D12/An Suong Hub,in-house,Full-Time,118495,NGUYỄN THẾ KHAN,104,26,0.25,78,0,2026-10-02 09:15:38
397,50-HCM D12/An Suong Hub,in-house,Full-Time,4962,HUỲNH TUẤN PHONG,136,16,0.1176,113,7,2026-10-02 09:15:38
397,50-HCM D12/An Suong Hub,in-house,Full-Time,99001,NGUYỄN MINH KHÔI,193,21,0.1088,166,6,2026-10-02 09:15:38
397,50-HCM D12/An Suong Hub,in-house,Full-Time,86735,LÊ ĐỨC TOÀN,126,11,0.0873,115,0,2026-10-02 09:15:38
397,50-HCM D12/An Suong Hub,in-house,Full-Time,102038,PHẠM VÂN VŨ,159,3,0.0189,156,0,2026-10-02 09:15:38
397,50-HCM D12/An Suong Hub,in-house,Full-Time,81069,PHAN THANH SANH,101,1,0.0099,100,0,2026-10-02 09:15:38
168,50-HCM D2 Hub,in-house,Full-Time,72925,HUỲNH VĂN ANH THUẬN,193,116,0.601,76,1,2026-10-02 09:15:38
168,50-HCM D2 Hub,in-house,Full-Time,152338,NGUYỄN TẤN THANH,108,61,0.5648,45,2,2026-10-02 09:15:38
168,50-HCM D2 Hub,in-house,Full-Time,120880,TRƯƠNG HOÀNG HUY,130,68,0.5231,61,1,2026-10-02 09:15:38
168,50-HCM D2 Hub,in-house,Full-Time,103436,LÊ ANH PHONG,180,90,0.5,90,0,2026-10-02 09:15:38
168,50-HCM D2 Hub,in-house,Full-Time,147390,PHẠM THỊ THU HƯƠNG,100,38,0.38,62,0,2026-10-02 09:15:38
168,50-HCM D2 Hub,in-house,Full-Time,147727,ĐÀO QUỐC MINH,103,35,0.3398,67,1,2026-10-02 09:15:38
168,50-HCM D2 Hub,in-house,Full-Time,98750,NGUYỄN ĐỨC THẠCH,129,39,0.3023,87,3,2026-10-02 09:15:38
168,50-HCM D2 Hub,in-house,Full-Time,116406,TRẦN QUANG TRIỂN,152,47,0.3092,103,2,2026-10-02 09:15:38
168,50-HCM D2 Hub,in-house,Full-Time,74846,TRẦN QUANG CƯỜNG,137,44,0.3212,93,0,2026-10-02 09:15:38
168,50-HCM D2 Hub,in-house,Full-Time,64752,MẠCH TRẦN HUY,124,35,0.2823,88,1,2026-10-02 09:15:38
168,50-HCM D2 Hub,in-house,Full-Time,111618,NGUYỄN PHAN TRỌNG NHÂN,132,38,0.2879,94,0,2026-10-02 09:15:38
168,50-HCM D2 Hub,in-house,Full-Time,92934,NGUYỄN PHẠM VŨ HOÀNG SƠN,174,49,0.2816,125,0,2026-10-02 09:15:38
168,50-HCM D2 Hub,in-house,Full-Time,86371,HUỲNH QUỐC ĐẠT,153,27,0.1765,121,5,2026-10-02 09:15:38
168,50-HCM D2 Hub,in-house,Full-Time,103508,TRẦN THANH PHÚC,131,25,0.1908,106,0,2026-10-02 09:15:38
168,50-HCM D2 Hub,in-house,Full-Time,130839,LÊ LONG NHÂN,171,27,0.1579,142,2,2026-10-02 09:15:38
168,50-HCM D2 Hub,in-house,Full-Time,46976,MẠCH KIM HOÀNG,241,40,0.166,201,0,2026-10-02 09:15:38
168,50-HCM D2 Hub,in-house,Full-Time,158801,NGUYỄN VĂN NHỰT,101,16,0.1584,85,0,2026-10-02 09:15:38
168,50-HCM D2 Hub,in-house,Full-Time,6412,NGUYỄN THÁI DUY,186,14,0.0753,169,3,2026-10-02 09:15:38
168,50-HCM D2 Hub,in-house,Full-Time,33655,PHẠM TRUNG HIẾU,253,18,0.0711,231,4,2026-10-02 09:15:38
168,50-HCM D2 Hub,in-house,Full-Time,100315,HUỲNH MINH XUÂN,178,15,0.0843,163,0,2026-10-02 09:15:38
168,50-HCM D2 Hub,in-house,Full-Time,1445,TRẦN NGỌC MINH,123,10,0.0813,113,0,2026-10-02 09:15:38
168,50-HCM D2 Hub,in-house,Full-Time,131752,HUỲNH MINH THƠM,141,10,0.0709,131,0,2026-10-02 09:15:38
168,50-HCM D2 Hub,in-house,Full-Time,143254,VÕ THANH QUÝ,244,16,0.0656,228,0,2026-10-02 09:15:38
168,50-HCM D2 Hub,in-house,Full-Time,1778,LÂM ĐẠT THÀNH,252,0,0,251,1,2026-10-02 09:15:38
168,50-HCM D2 Hub,in-house,Full-Time,38451,TRẦN MINH TÚ,125,0,0,125,0,2026-10-02 09:15:38
573,50-HCM D2/An Phu Hub,in-house,Full-Time,140084,NGUYỄN ANH KIỆT,120,59,0.4917,60,1,2026-10-02 09:15:39
573,50-HCM D2/An Phu Hub,in-house,Full-Time,48530,TRẦN HỒNG NGỌC,162,32,0.1975,130,0,2026-10-02 09:15:39
573,50-HCM D2/An Phu Hub,in-house,Full-Time,142285,NGUYỄN VŨ HOÀNG,115,20,0.1739,95,0,2026-10-02 09:15:39
573,50-HCM D2/An Phu Hub,in-house,Full-Time,11758,MAI ĐỨC HIẾU,92,14,0.1522,78,0,2026-10-02 09:15:39
573,50-HCM D2/An Phu Hub,in-house,Full-Time,70132,HỒ ĐỨC MINH,128,15,0.1172,113,0,2026-10-02 09:15:39
573,50-HCM D2/An Phu Hub,in-house,Full-Time,89863,THẠCH SƠN SANL,122,14,0.1148,108,0,2026-10-02 09:15:39
573,50-HCM D2/An Phu Hub,in-house,Full-Time,151561,VÕ MINH TRÍ,28,3,0.1071,25,0,2026-10-02 09:15:39
573,50-HCM D2/An Phu Hub,in-house,Full-Time,100749,NGUYỄN NGỌC PHƯƠNG AN,216,21,0.0972,195,0,2026-10-02 09:15:39
573,50-HCM D2/An Phu Hub,in-house,Full-Time,159645,NGUYỄN NGỌC ANH,104,10,0.0962,94,0,2026-10-02 09:15:39
573,50-HCM D2/An Phu Hub,in-house,Full-Time,26302,NGUYỄN CÔNG DANH,249,23,0.0924,226,0,2026-10-02 09:15:39
573,50-HCM D2/An Phu Hub,in-house,Full-Time,3224,ĐẶNG VĂN TUẤN,272,25,0.0919,247,0,2026-10-02 09:15:39
573,50-HCM D2/An Phu Hub,in-house,Full-Time,134178,ĐẶNG VĂN LƯU,174,13,0.0747,161,0,2026-10-02 09:15:39
573,50-HCM D2/An Phu Hub,in-house,Full-Time,136145,LÊ HỒ NHẬT QUANG,130,7,0.0538,123,0,2026-10-02 09:15:39
573,50-HCM D2/An Phu Hub,in-house,Full-Time,154455,NGUYỄN NHẬT ANH,95,4,0.0421,90,1,2026-10-02 09:15:39
573,50-HCM D2/An Phu Hub,in-house,Full-Time,29389,TRỊNH PHÚC THỊNH,197,9,0.0457,188,0,2026-10-02 09:15:39
573,50-HCM D2/An Phu Hub,in-house,Full-Time,96222,LÊ MINH LÀNH,75,3,0.04,72,0,2026-10-02 09:15:39
573,50-HCM D2/An Phu Hub,in-house,Full-Time,140488,NGUYỄN THÁI BẢO,167,5,0.0299,162,0,2026-10-02 09:15:39
573,50-HCM D2/An Phu Hub,in-house,Full-Time,126337,PHẠM NGỌC THIỆN,101,0,0,98,3,2026-10-02 09:15:39
573,50-HCM D2/An Phu Hub,in-house,Full-Time,5986,LƯU THỊ THANH,169,5,0.0296,164,0,2026-10-02 09:15:39
573,50-HCM D2/An Phu Hub,in-house,Full-Time,142275,HÀ TRỌNG LUÂN,185,4,0.0216,180,1,2026-10-02 09:15:39
573,50-HCM D2/An Phu Hub,in-house,Full-Time,14917,HỒ QUỐC HUY,150,4,0.0267,146,0,2026-10-02 09:15:39
573,50-HCM D2/An Phu Hub,in-house,Full-Time,138169,NGUYỄN VĨNH LỢI,154,4,0.026,150,0,2026-10-02 09:15:39
573,50-HCM D2/An Phu Hub,in-house,Full-Time,154713,LÊ VĂN PHỔ VĨNH,129,1,0.0078,128,0,2026-10-02 09:15:39
573,50-HCM D2/An Phu Hub,in-house,Full-Time,43770,NGUYỄN HẠ PHƯƠNG,149,0,0,148,1,2026-10-02 09:15:39
573,50-HCM D2/An Phu Hub,in-house,Full-Time,90335,TRẦN LÊ KHẮC MINH,160,0,0,159,1,2026-10-02 09:15:39
573,50-HCM D2/An Phu Hub,in-house,Full-Time,124701,THANH HẬU MLÔ DUÂN DU,173,0,0,172,1,2026-10-02 09:15:39
573,50-HCM D2/An Phu Hub,in-house,Full-Time,4751,LÊ TẤN NHỰT,151,0,0,151,0,2026-10-02 09:15:39
573,50-HCM D2/An Phu Hub,in-house,Full-Time,12696,TRẦN ĐOÀN TRUNG DŨNG,170,0,0,170,0,2026-10-02 09:15:39
573,50-HCM D2/An Phu Hub,in-house,Full-Time,19821,TRẦN MẠNH QUỐC THẮNG,227,0,0,227,0,2026-10-02 09:15:39
573,50-HCM D2/An Phu Hub,in-house,Full-Time,29302,THÁI AN KHANG,101,0,0,101,0,2026-10-02 09:15:39
573,50-HCM D2/An Phu Hub,in-house,Full-Time,29481,NGUYỄN PHƯƠNG TOÀN,138,0,0,138,0,2026-10-02 09:15:39
573,50-HCM D2/An Phu Hub,in-house,Full-Time,33778,HUỲNH NGỌC BÁCH KHOA,130,0,0,130,0,2026-10-02 09:15:39
573,50-HCM D2/An Phu Hub,in-house,Full-Time,46424,TRẦN QUỐC KHÁNH,145,0,0,145,0,2026-10-02 09:15:39
573,50-HCM D2/An Phu Hub,in-house,Full-Time,67428,TRẦN TRỌNG HÀ,179,0,0,179,0,2026-10-02 09:15:39
573,50-HCM D2/An Phu Hub,in-house,Full-Time,73425,HỒ TRUNG HẬU,139,0,0,139,0,2026-10-02 09:15:39
573,50-HCM D2/An Phu Hub,in-house,Full-Time,74698,LÊ TIÊU TRUNG ĐẠT,123,0,0,123,0,2026-10-02 09:15:39
573,50-HCM D2/An Phu Hub,in-house,Full-Time,108412,NGUYỄN HOÀNG ĐỊNH,102,0,0,102,0,2026-10-02 09:15:39
573,50-HCM D2/An Phu Hub,in-house,Full-Time,129566,NGUYỄN THANH PHI,150,0,0,150,0,2026-10-02 09:15:39
573,50-HCM D2/An Phu Hub,in-house,Full-Time,136994,NGUYỄN QUỐC QUÂN,133,0,0,133,0,2026-10-02 09:15:39
573,50-HCM D2/An Phu Hub,in-house,Full-Time,143240,NGUYỄN HỮU LỘC,118,0,0,118,0,2026-10-02 09:15:39
573,50-HCM D2/An Phu Hub,in-house,Full-Time,162514,VÕ TRẦN QUANG NGHIỆP,56,0,0,56,0,2026-10-02 09:15:39
573,50-HCM D2/An Phu Hub,in-house,Full-Time,162620,VÕ NGUYÊN THANH TUẤN,69,0,0,69,0,2026-10-02 09:15:39
26,50-HCM D4 Hub,in-house,Full-Time,138155,TRẦN TẤN ĐẠI,117,35,0.2991,82,0,2026-10-02 09:15:39
26,50-HCM D4 Hub,in-house,Full-Time,90052,NGUYỄN PHẠM TOÀN,142,33,0.2324,109,0,2026-10-02 09:15:39
26,50-HCM D4 Hub,in-house,Full-Time,120098,LỮ THANH HẬU,134,29,0.2164,103,2,2026-10-02 09:15:39
26,50-HCM D4 Hub,in-house,Full-Time,1497,LÊ HOÀNG ĐỨC,148,31,0.2095,117,0,2026-10-02 09:15:39
26,50-HCM D4 Hub,in-house,Full-Time,126012,LÂM TẤN THOẠI,158,32,0.2025,126,0,2026-10-02 09:15:39
26,50-HCM D4 Hub,in-house,Full-Time,55707,NGUYỄN MAI DINH,230,45,0.1957,185,0,2026-10-02 09:15:39
26,50-HCM D4 Hub,in-house,Full-Time,72484,DƯƠNG QUÝ THIÊM,138,27,0.1957,111,0,2026-10-02 09:15:39
26,50-HCM D4 Hub,in-house,Full-Time,126227,NGU MẠCH YẾN MY,169,33,0.1953,136,0,2026-10-02 09:15:39
26,50-HCM D4 Hub,in-house,Full-Time,5105,LÊ QUANG THƯƠNG,352,65,0.1847,284,3,2026-10-02 09:15:39
26,50-HCM D4 Hub,in-house,Full-Time,53757,NGUYỄN ĐỨC THỊNH,182,30,0.1648,150,2,2026-10-02 09:15:39
26,50-HCM D4 Hub,in-house,Full-Time,146522,TRẦN TRỌNG NHIÊN,161,27,0.1677,133,1,2026-10-02 09:15:39
26,50-HCM D4 Hub,in-house,Full-Time,52846,LÂM TRƯỜNG SANG,154,26,0.1688,128,0,2026-10-02 09:15:39
26,50-HCM D4 Hub,in-house,Full-Time,32932,TRỊNH LỘC,210,35,0.1667,175,0,2026-10-02 09:15:39
26,50-HCM D4 Hub,in-house,Full-Time,72589,NGUYỄN VĂN TUẤN,229,31,0.1354,196,2,2026-10-02 09:15:39
26,50-HCM D4 Hub,in-house,Full-Time,8088,LƯƠNG NGUYỄN BẢO,211,22,0.1043,182,7,2026-10-02 09:15:39
26,50-HCM D4 Hub,in-house,Full-Time,61513,TRẦN VƯƠNG ANH,93,12,0.129,81,0,2026-10-02 09:15:39
26,50-HCM D4 Hub,in-house,Full-Time,125891,TRẦN MINH NHẬT,192,24,0.125,168,0,2026-10-02 09:15:39
26,50-HCM D4 Hub,in-house,Full-Time,149435,HỒ TRƯỜNG AN,120,14,0.1167,105,1,2026-10-02 09:15:39
26,50-HCM D4 Hub,in-house,Full-Time,133215,VÕ THÁI MINH KHOA,221,27,0.1222,194,0,2026-10-02 09:15:39
26,50-HCM D4 Hub,in-house,Full-Time,66680,NGUYỄN ĐÔNG TRIỀU,194,19,0.0979,173,2,2026-10-02 09:15:39
26,50-HCM D4 Hub,in-house,Full-Time,80794,NGUYỄN HOÀNG PHÁT,187,20,0.107,167,0,2026-10-02 09:15:39
26,50-HCM D4 Hub,in-house,Full-Time,146527,NGUYỄN ĐỨC PHONG,162,15,0.0926,147,0,2026-10-02 09:15:39
26,50-HCM D4 Hub,in-house,Full-Time,33554,VÕ ĐẠI THIÊN BẢO,173,15,0.0867,158,0,2026-10-02 09:15:39
26,50-HCM D4 Hub,in-house,Full-Time,66203,HUỲNH VĂN ĐỨC,192,16,0.0833,176,0,2026-10-02 09:15:39
26,50-HCM D4 Hub,in-house,Full-Time,55468,NGUYỄN NHỰT PHI,247,19,0.0769,228,0,2026-10-02 09:15:39
26,50-HCM D4 Hub,in-house,Full-Time,153026,NGUYỄN TẤN DUY,149,10,0.0671,138,1,2026-10-02 09:15:39
26,50-HCM D4 Hub,in-house,Full-Time,26407,NGUYỄN VÕ THÙY TRANG,184,12,0.0652,171,1,2026-10-02 09:15:39
26,50-HCM D4 Hub,in-house,Full-Time,152330,DIỆC KHẢI QUAN,143,9,0.0629,134,0,2026-10-02 09:15:39
26,50-HCM D4 Hub,in-house,Full-Time,44221,HUỲNH VĂN ĐÔNG,220,12,0.0545,208,0,2026-10-02 09:15:39
26,50-HCM D4 Hub,in-house,Full-Time,59,LÊ CHÍ HƯỚNG,114,6,0.0526,108,0,2026-10-02 09:15:39
26,50-HCM D4 Hub,in-house,Full-Time,26616,LÊ MINH HÒA,173,9,0.052,164,0,2026-10-02 09:15:39
26,50-HCM D4 Hub,in-house,Full-Time,3052,TRƯƠNG MINH QUANG,157,0,0,150,7,2026-10-02 09:15:39
26,50-HCM D4 Hub,in-house,Full-Time,74547,ĐINH ĐĂNG KHOA,161,4,0.0248,155,2,2026-10-02 09:15:39
26,50-HCM D4 Hub,in-house,Full-Time,145435,NGUYỄN HOÀNG PHÚC,175,6,0.0343,169,0,2026-10-02 09:15:39
26,50-HCM D4 Hub,in-house,Full-Time,33033,NGUYỄN THANH DUY,125,4,0.032,121,0,2026-10-02 09:15:39
26,50-HCM D4 Hub,in-house,Full-Time,89746,ĐỖ NGỌC TÍN,181,4,0.0221,176,1,2026-10-02 09:15:39
26,50-HCM D4 Hub,in-house,Full-Time,49763,PHAN ĐỨC HUY,190,5,0.0263,185,0,2026-10-02 09:15:39
26,50-HCM D4 Hub,in-house,Full-Time,94109,NGUYỄN THỊ KIM THI,191,0,0,186,5,2026-10-02 09:15:39
26,50-HCM D4 Hub,in-house,Full-Time,45193,NGUYỄN HOÀNG KHẢI,192,4,0.0208,187,1,2026-10-02 09:15:39
26,50-HCM D4 Hub,in-house,Full-Time,11355,TRƯƠNG THỊ HỒNG CHÂU,171,0,0,167,4,2026-10-02 09:15:39
26,50-HCM D4 Hub,in-house,Full-Time,66198,LƯU VĂN HẢI TRIỀU,230,4,0.0174,225,1,2026-10-02 09:15:39
26,50-HCM D4 Hub,in-house,Full-Time,16610,NGUYỄN THỊ TRÚC GIANG,180,3,0.0167,177,0,2026-10-02 09:15:39
26,50-HCM D4 Hub,in-house,Full-Time,3151,HUỲNH TRÍ ĐỨC,185,3,0.0162,182,0,2026-10-02 09:15:39
26,50-HCM D4 Hub,in-house,Full-Time,52389,TRẦN ĐẠI CƯỜNG,203,0,0,200,3,2026-10-02 09:15:39
26,50-HCM D4 Hub,in-house,Full-Time,68196,TRẦN QUỐC QUYỀN,143,2,0.014,141,0,2026-10-02 09:15:39
26,50-HCM D4 Hub,in-house,Full-Time,58564,NGUYỄN NGỌC THẢO,192,0,0,190,2,2026-10-02 09:15:39
26,50-HCM D4 Hub,in-house,Full-Time,96213,HUỲNH MAI PHƯƠNG DUY,207,2,0.0097,205,0,2026-10-02 09:15:39
26,50-HCM D4 Hub,in-house,Full-Time,67734,LÊ THANH THIỆN,120,0,0,119,1,2026-10-02 09:15:39
26,50-HCM D4 Hub,in-house,Full-Time,142538,NGUYỄN THÀNH,264,0,0,262,2,2026-10-02 09:15:39
26,50-HCM D4 Hub,in-house,Full-Time,151098,THÁI QUỐC HUY,132,0,0,131,1,2026-10-02 09:15:39
26,50-HCM D4 Hub,in-house,Full-Time,141110,NGUYỄN NGỌC THÁI,139,0,0,138,1,2026-10-02 09:15:39
26,50-HCM D4 Hub,in-house,Full-Time,3886,MAI TẤN ĐẠT,155,0,0,154,1,2026-10-02 09:15:39
26,50-HCM D4 Hub,in-house,Full-Time,132603,LÊ MINH QUÂN,159,0,0,158,1,2026-10-02 09:15:39
26,50-HCM D4 Hub,in-house,Full-Time,126770,NGUYỄN ĐÌNH PHÚC,166,0,0,165,1,2026-10-02 09:15:39
26,50-HCM D4 Hub,in-house,Full-Time,70685,NGUYỄN HOÀNG ANH TUẤN,181,0,0,180,1,2026-10-02 09:15:39
26,50-HCM D4 Hub,in-house,Full-Time,122090,VẮN PHÚ THỊNH,184,0,0,183,1,2026-10-02 09:15:39
26,50-HCM D4 Hub,in-house,Full-Time,2009,PHẠM VĂN THƯƠNG,196,0,0,195,1,2026-10-02 09:15:39
26,50-HCM D4 Hub,in-house,Full-Time,33553,TRẦN MINH THÀNH,200,0,0,199,1,2026-10-02 09:15:39
26,50-HCM D4 Hub,in-house,Full-Time,114460,LÊ PHẠM PHÚ QUANG,199,0,0,198,1,2026-10-02 09:15:39
26,50-HCM D4 Hub,in-house,Full-Time,96214,ĐỖ TẤN LỘC,221,0,0,220,1,2026-10-02 09:15:39
26,50-HCM D4 Hub,in-house,Full-Time,66673,TRẦN HẢI DUY,252,0,0,251,1,2026-10-02 09:15:39
26,50-HCM D4 Hub,in-house,Full-Time,42799,ĐỖ MINH PHƯƠNG DUY,260,0,0,259,1,2026-10-02 09:15:39
26,50-HCM D4 Hub,in-house,Full-Time,6411,LÊ HOÀI VŨ,313,0,0,312,1,2026-10-02 09:15:39
26,50-HCM D4 Hub,in-house,Full-Time,33,NGUYỄN PHƯƠNG NAM,273,0,0,273,0,2026-10-02 09:15:39
26,50-HCM D4 Hub,in-house,Full-Time,121,PHẠM NGỌC DUYÊN,110,0,0,110,0,2026-10-02 09:15:39
26,50-HCM D4 Hub,in-house,Full-Time,3464,QUẢN CHÍ TÂM,165,0,0,165,0,2026-10-02 09:15:39
26,50-HCM D4 Hub,in-house,Full-Time,5409,QUANG NGỌC BÍCH HẬU,155,0,0,155,0,2026-10-02 09:15:39
26,50-HCM D4 Hub,in-house,Full-Time,5999,NGUYỄN MINH QUÂN,148,0,0,148,0,2026-10-02 09:15:39
26,50-HCM D4 Hub,in-house,Full-Time,10450,ĐỖ MINH TRÍ,261,0,0,261,0,2026-10-02 09:15:39
26,50-HCM D4 Hub,in-house,Full-Time,11911,PHÙNG TIẾN DŨNG,229,0,0,229,0,2026-10-02 09:15:39
26,50-HCM D4 Hub,in-house,Full-Time,12164,NGUYỄN THÀNH CÔNG,159,0,0,159,0,2026-10-02 09:15:39
26,50-HCM D4 Hub,in-house,Full-Time,15394,MAI VĂN THÀNH,126,0,0,126,0,2026-10-02 09:15:39
26,50-HCM D4 Hub,in-house,Full-Time,15633,TRẦN MINH HIẾU,174,0,0,174,0,2026-10-02 09:15:39
26,50-HCM D4 Hub,in-house,Full-Time,16105,HUỲNH VĂN PHÚ,185,0,0,185,0,2026-10-02 09:15:39
26,50-HCM D4 Hub,in-house,Full-Time,21526,NGUYỄN NGỌC THIÊN QUỐC,161,0,0,161,0,2026-10-02 09:15:39
26,50-HCM D4 Hub,in-house,Full-Time,24665,NGUYỄN QUỲNH GIAO,255,0,0,255,0,2026-10-02 09:15:39
26,50-HCM D4 Hub,in-house,Full-Time,26025,NGUYỄN NHẬT TUẤN,176,0,0,176,0,2026-10-02 09:15:39
26,50-HCM D4 Hub,in-house,Full-Time,26252,TRẦN LÂM CHÍ BẢO,210,0,0,210,0,2026-10-02 09:15:39
26,50-HCM D4 Hub,in-house,Full-Time,26640,NGUYỄN PHƯƠNG TRANG,168,0,0,168,0,2026-10-02 09:15:39
26,50-HCM D4 Hub,in-house,Full-Time,28387,VÕ ĐỨC THỊNH,182,0,0,182,0,2026-10-02 09:15:39
26,50-HCM D4 Hub,in-house,Full-Time,30982,LÊ THANH VINH,160,0,0,160,0,2026-10-02 09:15:39
26,50-HCM D4 Hub,in-house,Full-Time,32929,HÀ PHÚ NAM,148,0,0,148,0,2026-10-02 09:15:39
26,50-HCM D4 Hub,in-house,Full-Time,42963,TIÊU QUẾ SANG,130,0,0,130,0,2026-10-02 09:15:39
26,50-HCM D4 Hub,in-house,Full-Time,46499,TRẦN LÊ HOÀNG THÔNG,185,0,0,185,0,2026-10-02 09:15:39
26,50-HCM D4 Hub,in-house,Full-Time,48292,NGUYỄN MINH TẤN,197,0,0,197,0,2026-10-02 09:15:39
26,50-HCM D4 Hub,in-house,Full-Time,61471,ĐỖ ĐÀM MINH TÂM,154,0,0,154,0,2026-10-02 09:15:39
26,50-HCM D4 Hub,in-house,Full-Time,67793,HUỲNH LÊ TRƯỜNG TÀI,183,0,0,183,0,2026-10-02 09:15:39
26,50-HCM D4 Hub,in-house,Full-Time,71221,LƯU LÝ THUẬN LỢI,187,0,0,187,0,2026-10-02 09:15:39
26,50-HCM D4 Hub,in-house,Full-Time,71383,NGUYỄN QUỐC LỘC,199,0,0,199,0,2026-10-02 09:15:39
26,50-HCM D4 Hub,in-house,Full-Time,72154,PHẠM HOÀNG ANH,157,0,0,157,0,2026-10-02 09:15:39
26,50-HCM D4 Hub,in-house,Full-Time,72631,NGUYỄN THỌ TRƯỜNG,177,0,0,177,0,2026-10-02 09:15:39
26,50-HCM D4 Hub,in-house,Full-Time,83254,LƯƠNG TRÍ TÀI,162,0,0,162,0,2026-10-02 09:15:39
26,50-HCM D4 Hub,in-house,Full-Time,86948,NGUYỄN QUỐC HUY,182,0,0,182,0,2026-10-02 09:15:39
26,50-HCM D4 Hub,in-house,Full-Time,90117,LÊ VĂN SANG,135,0,0,135,0,2026-10-02 09:15:39
26,50-HCM D4 Hub,in-house,Full-Time,91768,NGUYỄN ÁI MY,209,0,0,209,0,2026-10-02 09:15:39
26,50-HCM D4 Hub,in-house,Full-Time,95097,NGÔ BẢO AN,218,0,0,218,0,2026-10-02 09:15:39
26,50-HCM D4 Hub,in-house,Full-Time,95708,NGUYỄN TÂN AN,134,0,0,134,0,2026-10-02 09:15:39
26,50-HCM D4 Hub,in-house,Full-Time,96403,LÊ HOÀNG THẢO,159,0,0,159,0,2026-10-02 09:15:39
26,50-HCM D4 Hub,in-house,Full-Time,97665,TRƯƠNG PHÚC ĐẠI,154,0,0,154,0,2026-10-02 09:15:39
26,50-HCM D4 Hub,in-house,Full-Time,98594,TRẦN ĐỖ NHẬT HÀO,201,0,0,201,0,2026-10-02 09:15:39
26,50-HCM D4 Hub,in-house,Full-Time,98595,NGUYỄN NGỌC MINH TÂM,193,0,0,193,0,2026-10-02 09:15:39
26,50-HCM D4 Hub,in-house,Full-Time,105667,LÝ ANH PHÚC,194,0,0,194,0,2026-10-02 09:15:39
26,50-HCM D4 Hub,in-house,Full-Time,109175,DƯƠNG TRUNG NGHĨA,150,0,0,150,0,2026-10-02 09:15:39
26,50-HCM D4 Hub,in-house,Full-Time,132187,TRẦN QUỐC TIẾN,193,0,0,193,0,2026-10-02 09:15:39
26,50-HCM D4 Hub,in-house,Full-Time,132188,NGUYỄN NHẬT QUÝ,162,0,0,162,0,2026-10-02 09:15:39
26,50-HCM D4 Hub,in-house,Full-Time,144800,ĐẶNG HỒNG HUY,192,0,0,192,0,2026-10-02 09:15:39
26,50-HCM D4 Hub,in-house,Full-Time,146260,LÊ TRUNG CƯỜNG,163,0,0,163,0,2026-10-02 09:15:39
26,50-HCM D4 Hub,in-house,Full-Time,149791,NGÔ THANH LỘC,90,0,0,90,0,2026-10-02 09:15:39
26,50-HCM D4 Hub,in-house,Full-Time,151247,TRẦN MINH ĐỨC,127,0,0,127,0,2026-10-02 09:15:39
26,50-HCM D4 Hub,in-house,Full-Time,151351,LÂM HOÀI PHÚC,219,0,0,219,0,2026-10-02 09:15:39
26,50-HCM D4 Hub,in-house,Full-Time,152755,NGUYỄN TIẾN ĐẠT,165,0,0,165,0,2026-10-02 09:15:39
26,50-HCM D4 Hub,in-house,Full-Time,157342,NGÔ QUỐC BẢO,155,0,0,155,0,2026-10-02 09:15:39
26,50-HCM D4 Hub,in-house,Full-Time,160445,TRẦN MINH ĐỨC,169,0,0,169,0,2026-10-02 09:15:39
26,50-HCM D4 Hub,in-house,Full-Time,161180,NGUYỄN HOÀNG ĐỈNH,58,0,0,58,0,2026-10-02 09:15:39
26,50-HCM D4 Hub,in-house,Full-Time,161595,NGUYỄN HOÀNG PHÚC,56,0,0,56,0,2026-10-02 09:15:39
26,50-HCM D4 Hub,in-house,Full-Time,161596,ĐINH VÕ HUY HOÀNG,108,0,0,108,0,2026-10-02 09:15:39
26,50-HCM D4 Hub,in-house,Full-Time,161840,TRẦN NGUYỄN QUỐC THÀNH,114,0,0,114,0,2026-10-02 09:15:39
26,50-HCM D4 Hub,in-house,Full-Time,162923,TRƯƠNG LỄ HÒA,69,0,0,69,0,2026-10-02 09:15:39
26,50-HCM D4 Hub,in-house,Full-Time,162925,PHẠM TIẾN ĐẠT,70,0,0,70,0,2026-10-02 09:15:39
26,50-HCM D4 Hub,in-house,Full-Time,3804,PHƯƠNG KHÁNH TÀI,0,0,0,0,0,2026-10-02 09:15:39
26,50-HCM D4 Hub,Live test,Full-Time,89656,Product test call,0,0,0,0,0,2026-10-02 09:15:39
26,50-HCM D4 Hub,in-house,Full-Time,127895,Product Test - NgocKTN ,0,0,0,0,0,2026-10-02 09:15:39
26,50-HCM D4 Hub,in-house,Full-Time,154072,Product - Nguyen Test,0,0,0,0,0,2026-10-02 09:15:39
341,50-HCM D6 Hub,in-house,Full-Time,76969,LƯU KIÊN HÁN,111,50,0.4505,59,2,2026-10-02 09:15:39
341,50-HCM D6 Hub,in-house,Full-Time,12156,HÀNG GIA QUÂN,134,50,0.3731,82,2,2026-10-02 09:15:39
341,50-HCM D6 Hub,in-house,Full-Time,65216,HÀ MẠNH DUY,90,34,0.3778,56,0,2026-10-02 09:15:39
341,50-HCM D6 Hub,in-house,Full-Time,132939,NGUYỄN ANH KHOA,117,44,0.3761,73,0,2026-10-02 09:15:39
341,50-HCM D6 Hub,in-house,Full-Time,88621,LÊ TRƯỜNG GIANG,123,36,0.2927,86,1,2026-10-02 09:15:39
341,50-HCM D6 Hub,in-house,Full-Time,121744,TỪ VĨNH QUANG,144,35,0.2431,109,0,2026-10-02 09:15:39
341,50-HCM D6 Hub,in-house,Full-Time,11696,GIANG ANH TUẤN,105,19,0.181,82,4,2026-10-02 09:15:39
341,50-HCM D6 Hub,in-house,Full-Time,1757,SỲ NHẬT DŨNG,108,21,0.1944,86,1,2026-10-02 09:15:39
341,50-HCM D6 Hub,in-house,Full-Time,7035,LÊ NGUYỄN PHƯƠNG TÂN,169,32,0.1893,137,0,2026-10-02 09:15:39
341,50-HCM D6 Hub,in-house,Full-Time,129185,THẠCH THÁI NGỌC,139,25,0.1799,113,1,2026-10-02 09:15:39
341,50-HCM D6 Hub,in-house,Full-Time,117625,NGUYỄN TẤN HOÀNG,132,21,0.1591,109,2,2026-10-02 09:15:39
341,50-HCM D6 Hub,in-house,Full-Time,56463,KHƯU TÀI,130,20,0.1538,109,1,2026-10-02 09:15:39
341,50-HCM D6 Hub,in-house,Full-Time,64112,NGUYỄN TIẾN THỊNH,110,16,0.1455,94,0,2026-10-02 09:15:39
341,50-HCM D6 Hub,in-house,Full-Time,147387,LIÊU AN QUỐC,106,11,0.1038,91,4,2026-10-02 09:15:39
341,50-HCM D6 Hub,in-house,Full-Time,112845,HUỲNH CHÍ TÂN,122,13,0.1066,109,0,2026-10-02 09:15:39
341,50-HCM D6 Hub,in-house,Full-Time,23360,TRẦN NGỌC LÂM,102,8,0.0784,93,1,2026-10-02 09:15:39
341,50-HCM D6 Hub,in-house,Full-Time,131751,LOẠI MINH THẮNG,140,11,0.0786,129,0,2026-10-02 09:15:39
341,50-HCM D6 Hub,in-house,Full-Time,129349,ĐINH CÔNG DANH,89,6,0.0674,83,0,2026-10-02 09:15:39
341,50-HCM D6 Hub,in-house,Full-Time,111151,PHẠM MINH ĐĂNG,163,6,0.0368,154,3,2026-10-02 09:15:39
341,50-HCM D6 Hub,in-house,Full-Time,151924,NGUYỄN THANH HẢI,207,7,0.0338,199,1,2026-10-02 09:15:39
341,50-HCM D6 Hub,in-house,Full-Time,95554,TRẦN GIA THỊNH,178,0,0,172,6,2026-10-02 09:15:39
341,50-HCM D6 Hub,in-house,Full-Time,160015,CHÂU TRỌNG LỘC,121,4,0.0331,117,0,2026-10-02 09:15:39
341,50-HCM D6 Hub,in-house,Full-Time,3170,LƯƠNG VĨ TÂN,137,2,0.0146,133,2,2026-10-02 09:15:39
341,50-HCM D6 Hub,in-house,Full-Time,26714,LÊ VĨ THÁI,117,3,0.0256,114,0,2026-10-02 09:15:39
341,50-HCM D6 Hub,in-house,Full-Time,123070,PHÙNG CÔNG MINH,125,3,0.024,122,0,2026-10-02 09:15:39
341,50-HCM D6 Hub,in-house,Full-Time,1207,NGUYỄN ANH TUẤN,135,0,0,133,2,2026-10-02 09:15:39
341,50-HCM D6 Hub,in-house,Full-Time,61399,TRƯƠNG NGUYỄN TẤN TOÀN,223,2,0.009,221,0,2026-10-02 09:15:39
341,50-HCM D6 Hub,in-house,Full-Time,7036,TRẦN KHẮC QUYỀN,128,0,0,128,0,2026-10-02 09:15:39
341,50-HCM D6 Hub,in-house,Full-Time,8303,NGÔ VĨ TOÀN,135,0,0,135,0,2026-10-02 09:15:39
341,50-HCM D6 Hub,in-house,Full-Time,12374,LƯU QUỐC HÙNG,140,0,0,140,0,2026-10-02 09:15:39
341,50-HCM D6 Hub,in-house,Full-Time,12793,TRẦN TẤN TÀI,199,0,0,199,0,2026-10-02 09:15:39
341,50-HCM D6 Hub,in-house,Full-Time,19078,VÕ NGỌC QUỐC ANH,153,0,0,153,0,2026-10-02 09:15:39
341,50-HCM D6 Hub,in-house,Full-Time,29142,CHUNG THANH DUY,147,0,0,147,0,2026-10-02 09:15:39
341,50-HCM D6 Hub,in-house,Full-Time,100113,TRẦN VĂN BÌNH,122,0,0,122,0,2026-10-02 09:15:39
58,50-HCM D7 Hub,in-house,Full-Time,25666,HỒ PHƯỚC SANG,183,38,0.2077,144,1,2026-10-02 09:15:39
58,50-HCM D7 Hub,in-house,Full-Time,12226,NGUYỄN HOÀNG BÌNH,202,31,0.1535,159,12,2026-10-02 09:15:39
58,50-HCM D7 Hub,in-house,Full-Time,160014,PHẠM HÒA,114,24,0.2105,90,0,2026-10-02 09:15:39
58,50-HCM D7 Hub,in-house,Full-Time,29549,ĐỖ MINH TIẾN,208,37,0.1779,171,0,2026-10-02 09:15:39
58,50-HCM D7 Hub,in-house,Full-Time,110155,VƯƠNG QUỐC BẢO,188,30,0.1596,157,1,2026-10-02 09:15:39
58,50-HCM D7 Hub,in-house,Full-Time,1509,LÊ TRUNG THIỆN,263,35,0.1331,227,1,2026-10-02 09:15:39
58,50-HCM D7 Hub,in-house,Full-Time,38325,LÊ CAO TUẤN,157,21,0.1338,136,0,2026-10-02 09:15:39
58,50-HCM D7 Hub,in-house,Full-Time,83334,LƯU MINH TRÍ,211,27,0.128,183,1,2026-10-02 09:15:39
58,50-HCM D7 Hub,in-house,Full-Time,51670,HỒ TRƯỜNG VŨ,153,20,0.1307,133,0,2026-10-02 09:15:39
58,50-HCM D7 Hub,in-house,Full-Time,48766,TRƯƠNG TRƯỜNG THANH,209,23,0.11,184,2,2026-10-02 09:15:39
58,50-HCM D7 Hub,in-house,Full-Time,32403,TRẦN HOÀNG SINH,134,16,0.1194,118,0,2026-10-02 09:15:39
58,50-HCM D7 Hub,in-house,Full-Time,7150,KIỀU CÔNG THÀNH,217,24,0.1106,193,0,2026-10-02 09:15:39
58,50-HCM D7 Hub,in-house,Full-Time,53252,TRỊNH NAM TRUNG,137,13,0.0949,122,2,2026-10-02 09:15:39
58,50-HCM D7 Hub,in-house,Full-Time,33481,VÕ VĂN TRẢI,177,16,0.0904,161,0,2026-10-02 09:15:39
58,50-HCM D7 Hub,in-house,Full-Time,22611,NGUYỄN BẢO ANH KHOA,220,18,0.0818,201,1,2026-10-02 09:15:39
58,50-HCM D7 Hub,in-house,Full-Time,136129,TRƯƠNG MINH TIẾN,158,9,0.057,147,2,2026-10-02 09:15:39
58,50-HCM D7 Hub,in-house,Full-Time,15181,ĐOÀN HẢI LONG,208,13,0.0625,195,0,2026-10-02 09:15:39
58,50-HCM D7 Hub,in-house,Full-Time,88553,TRƯƠNG HUỲNH TẤN LỘC,169,10,0.0592,159,0,2026-10-02 09:15:39
58,50-HCM D7 Hub,in-house,Full-Time,138174,HUỲNH ĐẠT,238,13,0.0546,224,1,2026-10-02 09:15:39
58,50-HCM D7 Hub,in-house,Full-Time,83083,LÊ CÔNG THÀNH,216,11,0.0509,205,0,2026-10-02 09:15:39
58,50-HCM D7 Hub,in-house,Full-Time,32731,DƯƠNG QUANG SÁNG,142,7,0.0493,135,0,2026-10-02 09:15:39
58,50-HCM D7 Hub,in-house,Full-Time,129572,LÊ TUẤN BẢO,214,9,0.0421,204,1,2026-10-02 09:15:39
58,50-HCM D7 Hub,in-house,Full-Time,14773,THẠCH DANH,212,9,0.0425,203,0,2026-10-02 09:15:39
58,50-HCM D7 Hub,in-house,Full-Time,154709,LÊ ANH DUY,235,7,0.0298,226,2,2026-10-02 09:15:39
58,50-HCM D7 Hub,in-house,Full-Time,101940,NGUYỄN DANH THẮNG,261,7,0.0268,252,2,2026-10-02 09:15:39
58,50-HCM D7 Hub,in-house,Full-Time,137678,NGUYỄN MINH PHÚC,174,6,0.0345,168,0,2026-10-02 09:15:39
58,50-HCM D7 Hub,in-house,Full-Time,12227,PHẠM HÙNG PHI,219,2,0.0091,213,4,2026-10-02 09:15:39
58,50-HCM D7 Hub,in-house,Full-Time,43802,NGUYỄN MINH TIẾN,284,5,0.0176,277,2,2026-10-02 09:15:39
58,50-HCM D7 Hub,in-house,Full-Time,98606,NGUYỄN THÀNH CÔNG,248,6,0.0242,242,0,2026-10-02 09:15:39
58,50-HCM D7 Hub,in-house,Full-Time,162917,PHẠM TRẦN NGỌC HIẾU,108,2,0.0185,106,0,2026-10-02 09:15:39
58,50-HCM D7 Hub,in-house,Full-Time,122193,PHAN DƯƠNG TRIỆU,162,0,0,160,2,2026-10-02 09:15:39
58,50-HCM D7 Hub,in-house,Full-Time,3413,NGUYỄN CHÍ TRUNG,210,0,0,208,2,2026-10-02 09:15:39
58,50-HCM D7 Hub,in-house,Full-Time,49955,TRẦN THÀNH ĐẠT,113,0,0,112,1,2026-10-02 09:15:39
58,50-HCM D7 Hub,in-house,Full-Time,980,LÊ TRẦN DUY TÂN,133,0,0,132,1,2026-10-02 09:15:39
58,50-HCM D7 Hub,in-house,Full-Time,56451,ĐẶNG QUỐC VIỆT,152,0,0,151,1,2026-10-02 09:15:39
58,50-HCM D7 Hub,in-house,Full-Time,148243,DƯƠNG HOÀNG TOÀN,191,0,0,190,1,2026-10-02 09:15:39
58,50-HCM D7 Hub,in-house,Full-Time,1024,NGUYỄN CHÍ THỊNH,126,0,0,126,0,2026-10-02 09:15:39
58,50-HCM D7 Hub,in-house,Full-Time,2678,NGUYỄN MINH QUANG,113,0,0,113,0,2026-10-02 09:15:39
58,50-HCM D7 Hub,in-house,Full-Time,4151,TRẦN CÔNG ĐỨC,167,0,0,167,0,2026-10-02 09:15:39
58,50-HCM D7 Hub,in-house,Full-Time,6108,DIỆP ANH HẬU,161,0,0,161,0,2026-10-02 09:15:39
58,50-HCM D7 Hub,in-house,Full-Time,19771,NGUYỄN VŨ ĐIỀN,128,0,0,128,0,2026-10-02 09:15:39
58,50-HCM D7 Hub,in-house,Full-Time,78417,HUỲNH TRỌNG KHANG,182,0,0,182,0,2026-10-02 09:15:39
58,50-HCM D7 Hub,in-house,Full-Time,100938,PHAN CHÍ TIÊN,167,0,0,167,0,2026-10-02 09:15:39
58,50-HCM D7 Hub,in-house,Full-Time,105298,LÊ THANH PHONG,173,0,0,173,0,2026-10-02 09:15:39
58,50-HCM D7 Hub,in-house,Full-Time,112523,BÙI VĂN THUẬN,181,0,0,181,0,2026-10-02 09:15:39
58,50-HCM D7 Hub,in-house,Full-Time,123719,DƯƠNG TIẾN SANG,73,0,0,72,0,2026-10-02 09:15:39
58,50-HCM D7 Hub,in-house,Full-Time,137693,NGUYỄN ĐỨC THÔNG,158,0,0,158,0,2026-10-02 09:15:39
58,50-HCM D7 Hub,in-house,Full-Time,145704,TRẦN PHI THANH,143,0,0,143,0,2026-10-02 09:15:39
58,50-HCM D7 Hub,in-house,Full-Time,158947,TRẦN DIỆP QUANG NGUYÊN,177,0,0,177,0,2026-10-02 09:15:39
58,50-HCM D7 Hub,in-house,Full-Time,161328,NGUYỄN LAM TRƯỜNG,124,0,0,124,0,2026-10-02 09:15:39
58,50-HCM D7 Hub,in-house,Full-Time,33205,NGUYỄN VĂN ĐỨC HUY,0,0,0,0,0,2026-10-02 09:15:39
25,50-HCM D8 Hub,in-house,Full-Time,42864,ĐẶNG MINH TÚ,155,31,0.2,123,1,2026-10-02 09:15:39
25,50-HCM D8 Hub,in-house,Full-Time,18105,NGUYỄN HOÀNG LONG,191,37,0.1937,154,0,2026-10-02 09:15:39
25,50-HCM D8 Hub,in-house,Full-Time,58561,LÊ TẤN ĐẠT,161,26,0.1615,135,0,2026-10-02 09:15:39
25,50-HCM D8 Hub,in-house,Full-Time,16198,ĐỖ MINH TUẤN,165,18,0.1091,147,0,2026-10-02 09:15:39
25,50-HCM D8 Hub,in-house,Full-Time,30987,PHAN THÁI DÂN,53,0,0,48,5,2026-10-02 09:15:39
25,50-HCM D8 Hub,in-house,Full-Time,162918,LÊ VĂN TIẾN,118,7,0.0593,108,3,2026-10-02 09:15:39
25,50-HCM D8 Hub,in-house,Full-Time,76299,NGUYỄN HOÀNG BẢO VIỆT,272,16,0.0588,252,4,2026-10-02 09:15:39
25,50-HCM D8 Hub,in-house,Full-Time,124868,TRẦN TRỌNG NHÂN,135,8,0.0593,127,0,2026-10-02 09:15:39
25,50-HCM D8 Hub,in-house,Full-Time,150196,TRẦN HOÀNG SƠN,107,6,0.0561,101,0,2026-10-02 09:15:39
25,50-HCM D8 Hub,in-house,Full-Time,82929,TRẦN HỒNG QUANG,258,6,0.0233,248,4,2026-10-02 09:15:39
25,50-HCM D8 Hub,in-house,Full-Time,134287,HỒ BẢO TRỰC,132,2,0.0152,129,1,2026-10-02 09:15:39
25,50-HCM D8 Hub,in-house,Full-Time,150451,LÊ NGỌC TRƯỜNG,132,3,0.0227,129,0,2026-10-02 09:15:39
25,50-HCM D8 Hub,in-house,Full-Time,130836,PHAN NGUYỄN THUẬN,141,0,0,138,3,2026-10-02 09:15:39
25,50-HCM D8 Hub,in-house,Full-Time,10225,LÊ TẤN PHÁT,332,0,0,325,7,2026-10-02 09:15:39
25,50-HCM D8 Hub,in-house,Full-Time,4548,LÊ CHÍ MINH,203,0,0,199,4,2026-10-02 09:15:39
25,50-HCM D8 Hub,in-house,Full-Time,1942,HUỲNH TUẤN ĐẠT,218,0,0,214,4,2026-10-02 09:15:39
25,50-HCM D8 Hub,in-house,Full-Time,45995,TRẦN LÊ HÙNG TẤN,171,0,0,168,3,2026-10-02 09:15:39
25,50-HCM D8 Hub,in-house,Full-Time,123595,ÂU VÕ MINH NHẬT,117,0,0,115,2,2026-10-02 09:15:39
25,50-HCM D8 Hub,in-house,Full-Time,146034,NGUYỄN TẤN DANH,136,0,0,134,2,2026-10-02 09:15:39
25,50-HCM D8 Hub,in-house,Full-Time,117298,TRẦN ĐỨC CƯƠNG,188,0,0,186,2,2026-10-02 09:15:39
25,50-HCM D8 Hub,in-house,Full-Time,73275,HỒ QUANG SƠN,205,0,0,203,2,2026-10-02 09:15:39
25,50-HCM D8 Hub,in-house,Full-Time,28584,TRẦN ĐỨC MINH,122,0,0,121,1,2026-10-02 09:15:39
25,50-HCM D8 Hub,in-house,Full-Time,91628,TRẦN TUẤN HẢI,160,1,0.0063,159,0,2026-10-02 09:15:39
25,50-HCM D8 Hub,in-house,Full-Time,142665,HỨA MINH QUANG,171,0,0,170,1,2026-10-02 09:15:39
25,50-HCM D8 Hub,in-house,Full-Time,78717,NGUYỄN VÕ ANH THUẬN,198,0,0,197,1,2026-10-02 09:15:39
25,50-HCM D8 Hub,in-house,Full-Time,118106,LÝ MINH TÙNG,195,0,0,194,1,2026-10-02 09:15:39
25,50-HCM D8 Hub,in-house,Full-Time,76071,NGUYỄN VĂN PHÁT,205,0,0,204,1,2026-10-02 09:15:39
25,50-HCM D8 Hub,in-house,Full-Time,93713,HUỲNH ANH KHOA,238,0,0,237,1,2026-10-02 09:15:39
25,50-HCM D8 Hub,in-house,Full-Time,86944,HOÀNG HUỲNH NHƯ KHANH,269,1,0.0037,268,0,2026-10-02 09:15:39
25,50-HCM D8 Hub,in-house,Full-Time,1843,TRẦN TRỌNG TUYỂN,274,0,0,274,0,2026-10-02 09:15:39
25,50-HCM D8 Hub,in-house,Full-Time,2012,NGUYỄN MẠNH KHƯƠNG,102,0,0,102,0,2026-10-02 09:15:39
25,50-HCM D8 Hub,in-house,Full-Time,2213,NGÔ QUANG DŨNG,128,0,0,128,0,2026-10-02 09:15:39
25,50-HCM D8 Hub,in-house,Full-Time,2217,NGUYỄN VĂN VÀNG,143,0,0,143,0,2026-10-02 09:15:39
25,50-HCM D8 Hub,in-house,Full-Time,5616,PHẠM NGỌC TÂM,247,0,0,247,0,2026-10-02 09:15:39
25,50-HCM D8 Hub,in-house,Full-Time,15034,MAI THÀNH PHÁT,63,0,0,63,0,2026-10-02 09:15:39
25,50-HCM D8 Hub,in-house,Full-Time,17928,NGUYỄN QUANG MINH,149,0,0,149,0,2026-10-02 09:15:39
25,50-HCM D8 Hub,in-house,Full-Time,22361,NGUYỄN THÁI HẢI NGUYÊN,216,0,0,216,0,2026-10-02 09:15:39
25,50-HCM D8 Hub,in-house,Full-Time,24630,VÕ ĐÌNH TUẤN,197,0,0,197,0,2026-10-02 09:15:39
25,50-HCM D8 Hub,in-house,Full-Time,24745,ĐINH VĂN PHÁT,78,0,0,77,0,2026-10-02 09:15:39
25,50-HCM D8 Hub,in-house,Full-Time,25142,NGUYỄN TẤN BẢO PHÚC,185,0,0,185,0,2026-10-02 09:15:39
25,50-HCM D8 Hub,in-house,Full-Time,26292,PHẠM LINH TÀI,222,0,0,222,0,2026-10-02 09:15:39
25,50-HCM D8 Hub,in-house,Full-Time,39868,TRƯƠNG THẾ HUY,180,0,0,180,0,2026-10-02 09:15:39
25,50-HCM D8 Hub,in-house,Full-Time,42216,TRẦN TRƯƠNG HẢO,143,0,0,143,0,2026-10-02 09:15:39
25,50-HCM D8 Hub,in-house,Full-Time,45773,HUỲNH TUẤN THÀNH,67,0,0,67,0,2026-10-02 09:15:39
25,50-HCM D8 Hub,in-house,Full-Time,54986,NGUYỄN QUỐC HÙNG,65,0,0,65,0,2026-10-02 09:15:39
25,50-HCM D8 Hub,in-house,Full-Time,61703,DIỆP MINH TÂM,50,0,0,50,0,2026-10-02 09:15:39
25,50-HCM D8 Hub,in-house,Full-Time,64763,ĐỖ KHƯƠNG BẢO,190,0,0,190,0,2026-10-02 09:15:39
25,50-HCM D8 Hub,in-house,Full-Time,65073,VÕ VĂN QUỐC,185,0,0,185,0,2026-10-02 09:15:39
25,50-HCM D8 Hub,in-house,Full-Time,72385,NGUYỄN CHÍ TÙNG,213,0,0,213,0,2026-10-02 09:15:39
25,50-HCM D8 Hub,in-house,Full-Time,75201,NGUYỄN CHÍ TẤN,54,0,0,54,0,2026-10-02 09:15:39
25,50-HCM D8 Hub,in-house,Full-Time,86845,HUỲNH QUẾ THÀNH,179,0,0,179,0,2026-10-02 09:15:39
25,50-HCM D8 Hub,in-house,Full-Time,90341,TRẦN XUÂN THẮNG,140,0,0,140,0,2026-10-02 09:15:39
25,50-HCM D8 Hub,in-house,Full-Time,92476,TÔN THẤT ĐẰNG,231,0,0,231,0,2026-10-02 09:15:39
25,50-HCM D8 Hub,in-house,Full-Time,100444,NGUYỄN VĂN CƯỜNG,140,0,0,140,0,2026-10-02 09:15:39
25,50-HCM D8 Hub,in-house,Full-Time,124864,CHÂU QUỐC VINH,191,0,0,191,0,2026-10-02 09:15:39
25,50-HCM D8 Hub,in-house,Full-Time,125671,CHÂU THANH DŨNG,134,0,0,134,0,2026-10-02 09:15:39
25,50-HCM D8 Hub,in-house,Full-Time,148402,LÊ VĂN VÀO,99,0,0,99,0,2026-10-02 09:15:39
25,50-HCM D8 Hub,in-house,Full-Time,153651,NGUYỄN MẠNH HUỲNH,169,0,0,169,0,2026-10-02 09:15:39
25,50-HCM D8 Hub,in-house,Full-Time,156459,LÊ DƯƠNG TIẾN PHONG,119,0,0,119,0,2026-10-02 09:15:39
25,50-HCM D8 Hub,in-house,Full-Time,157578,NGUYỄN HỮU HIẾU,109,0,0,109,0,2026-10-02 09:15:39
25,50-HCM D8 Hub,in-house,Full-Time,1349,NGUYỄN TRẦN ANH VŨ,0,0,0,0,0,2026-10-02 09:15:39
25,50-HCM D8 Hub,in-house,Full-Time,14439,NGUYỄN VĂN ĐÔNG,0,0,0,0,0,2026-10-02 09:15:39
25,50-HCM D8 Hub,in-house,Full-Time,70534,LÊ BÌNH AN,0,0,0,0,0,2026-10-02 09:15:39
25,50-HCM D8 Hub,in-house,Full-Time,115012,NGUYỄN VĂN NGHĨA,0,0,0,0,0,2026-10-02 09:15:39
979,50-HCM D9/Duong Dinh Hoi Hub,in-house,Full-Time,70918,PHẠM CÔNG NGHĨA,169,99,0.5858,68,2,2026-10-02 09:15:39
979,50-HCM D9/Duong Dinh Hoi Hub,in-house,Full-Time,129928,HOÀNG ANH TUẤN,114,63,0.5526,50,1,2026-10-02 09:15:39
979,50-HCM D9/Duong Dinh Hoi Hub,in-house,Full-Time,7140,PHAN TẤN ĐẠT,180,97,0.5389,83,0,2026-10-02 09:15:39
979,50-HCM D9/Duong Dinh Hoi Hub,in-house,Full-Time,64088,ĐẶNG VĂN LINH,189,98,0.5185,91,0,2026-10-02 09:15:39
979,50-HCM D9/Duong Dinh Hoi Hub,in-house,Full-Time,20589,NGUYỄN LÊ HOÀNG TUẤN,145,53,0.3655,92,0,2026-10-02 09:15:39
979,50-HCM D9/Duong Dinh Hoi Hub,in-house,Full-Time,76066,TRẦN TRUNG THIỆN,154,53,0.3442,99,2,2026-10-02 09:15:39
979,50-HCM D9/Duong Dinh Hoi Hub,in-house,Full-Time,134514,BÙI CAO MINH,174,56,0.3218,115,3,2026-10-02 09:15:39
979,50-HCM D9/Duong Dinh Hoi Hub,in-house,Full-Time,21933,TRẦN ANH CƯỜNG,183,51,0.2787,131,1,2026-10-02 09:15:39
979,50-HCM D9/Duong Dinh Hoi Hub,in-house,Full-Time,4372,NGUYỄN THIÊN THẠCH HẢI,348,63,0.181,285,0,2026-10-02 09:15:39
979,50-HCM D9/Duong Dinh Hoi Hub,in-house,Full-Time,163292,NGUYỄN ĐĂNG GIA BẢO,150,24,0.16,126,0,2026-10-02 09:15:39
979,50-HCM D9/Duong Dinh Hoi Hub,in-house,Full-Time,137056,LÊ HOÀNG DUY,150,10,0.0667,139,1,2026-10-02 09:15:39
979,50-HCM D9/Duong Dinh Hoi Hub,in-house,Full-Time,72597,PHẠM NGUYỄN TRỌNG HẬU,161,10,0.0621,151,0,2026-10-02 09:15:39
979,50-HCM D9/Duong Dinh Hoi Hub,in-house,Full-Time,83085,VÕ HỒ TRUNG QUÂN,172,0,0,170,2,2026-10-02 09:15:39
979,50-HCM D9/Duong Dinh Hoi Hub,in-house,Full-Time,8548,LÊ TRÍ THẮNG,120,0,0,119,1,2026-10-02 09:15:39
979,50-HCM D9/Duong Dinh Hoi Hub,in-house,Full-Time,68810,NGUYỄN VY TRIỆU,154,0,0,153,1,2026-10-02 09:15:39
979,50-HCM D9/Duong Dinh Hoi Hub,in-house,Full-Time,30358,LÊ VĂN HẢI,188,0,0,187,1,2026-10-02 09:15:39
979,50-HCM D9/Duong Dinh Hoi Hub,in-house,Full-Time,37643,TRẦN QUỐC THÁI,168,0,0,168,0,2026-10-02 09:15:39
979,50-HCM D9/Duong Dinh Hoi Hub,in-house,Full-Time,42397,NGUYỄN TRƯỜNG AN,199,0,0,199,0,2026-10-02 09:15:39
979,50-HCM D9/Duong Dinh Hoi Hub,in-house,Full-Time,131920,NGUYỄN HUỲNH QUỐC BẢO,185,0,0,185,0,2026-10-02 09:15:39
919,50-HCM D9/Man Thien Hub,in-house,Full-Time,73423,TRẦN HOÀNG ANH HUY,150,39,0.26,107,4,2026-10-02 09:15:39
919,50-HCM D9/Man Thien Hub,in-house,Full-Time,42477,PHAN TẤN HUY,191,46,0.2408,145,0,2026-10-02 09:15:39
919,50-HCM D9/Man Thien Hub,in-house,Full-Time,93423,HUỲNH THANH LONG,205,48,0.2341,156,1,2026-10-02 09:15:39
919,50-HCM D9/Man Thien Hub,in-house,Full-Time,50127,HUỲNH VĂN THẮNG,159,30,0.1887,128,1,2026-10-02 09:15:39
919,50-HCM D9/Man Thien Hub,in-house,Full-Time,145899,NGUYỄN QUANG KHA,125,14,0.112,101,10,2026-10-02 09:15:39
919,50-HCM D9/Man Thien Hub,in-house,Full-Time,36727,ĐOÀN NGUYỄN MINH QUÂN,273,24,0.0879,246,3,2026-10-02 09:15:39
919,50-HCM D9/Man Thien Hub,in-house,Full-Time,19745,TRẦN HOÀNG THI,181,12,0.0663,165,4,2026-10-02 09:15:39
919,50-HCM D9/Man Thien Hub,in-house,Full-Time,154547,NGUYỄN VĂN THỤ,143,11,0.0769,131,1,2026-10-02 09:15:39
919,50-HCM D9/Man Thien Hub,in-house,Full-Time,64560,NGUYỄN THANH BÌNH,213,11,0.0516,198,4,2026-10-02 09:15:39
919,50-HCM D9/Man Thien Hub,in-house,Full-Time,38480,NGUYỄN TRẦN MINH KHÔI,207,13,0.0628,193,1,2026-10-02 09:15:39
919,50-HCM D9/Man Thien Hub,in-house,Full-Time,68973,MAI THANH TUÂN,156,9,0.0577,146,1,2026-10-02 09:15:39
919,50-HCM D9/Man Thien Hub,in-house,Full-Time,19913,VÕ MINH HÙNG,158,9,0.057,148,1,2026-10-02 09:15:39
919,50-HCM D9/Man Thien Hub,in-house,Full-Time,13315,NGUYỄN VĂN HƯỞNG,308,13,0.0422,295,0,2026-10-02 09:15:39
919,50-HCM D9/Man Thien Hub,in-house,Full-Time,71228,PHẠM NHẬT BẢO,178,5,0.0281,171,2,2026-10-02 09:15:39
919,50-HCM D9/Man Thien Hub,in-house,Full-Time,102202,LÊ TẤN TÀI,181,5,0.0276,174,2,2026-10-02 09:15:39
919,50-HCM D9/Man Thien Hub,in-house,Full-Time,82401,HOÀNG TRUNG,234,0,0,228,6,2026-10-02 09:15:39
919,50-HCM D9/Man Thien Hub,in-house,Full-Time,108900,NGUYỄN MINH QUỐC,160,2,0.0125,158,0,2026-10-02 09:15:39
919,50-HCM D9/Man Thien Hub,in-house,Full-Time,72869,NGUYỄN VĂN QUANG,163,0,0,162,1,2026-10-02 09:15:39
919,50-HCM D9/Man Thien Hub,in-house,Full-Time,54772,NGUYỄN PHI DU,149,0,0,149,0,2026-10-02 09:15:39
370,50-HCM D9/Truong Thanh Hub,in-house,Full-Time,138164,HOÀNG ĐÌNH TẤN PHONG,90,46,0.5111,44,0,2026-10-02 09:15:39
370,50-HCM D9/Truong Thanh Hub,in-house,Full-Time,149443,NGUYỄN TUẤN ANH,123,25,0.2033,98,0,2026-10-02 09:15:39
370,50-HCM D9/Truong Thanh Hub,in-house,Full-Time,121900,TRẦN MINH NAM,148,26,0.1757,122,0,2026-10-02 09:15:39
370,50-HCM D9/Truong Thanh Hub,in-house,Full-Time,126780,DOÃN THỊ THÙY CHI,155,27,0.1742,128,0,2026-10-02 09:15:39
370,50-HCM D9/Truong Thanh Hub,in-house,Full-Time,70765,NGUYỄN HOÀNG NGHĨA,153,18,0.1176,133,2,2026-10-02 09:15:39
370,50-HCM D9/Truong Thanh Hub,in-house,Full-Time,136330,ĐINH NHẬT TRÍ,175,20,0.1143,154,1,2026-10-02 09:15:39
370,50-HCM D9/Truong Thanh Hub,in-house,Full-Time,84571,HỒ BẢO LUÂN,172,18,0.1047,154,0,2026-10-02 09:15:39
370,50-HCM D9/Truong Thanh Hub,in-house,Full-Time,57444,VÕ VĂN LƯỢM,193,10,0.0518,183,0,2026-10-02 09:15:39
370,50-HCM D9/Truong Thanh Hub,in-house,Full-Time,70444,LÊ TẤN ĐẠT,204,10,0.049,194,0,2026-10-02 09:15:39
370,50-HCM D9/Truong Thanh Hub,in-house,Full-Time,51611,NGUYỄN NHÂN NGHĨA,183,4,0.0219,179,0,2026-10-02 09:15:39
370,50-HCM D9/Truong Thanh Hub,in-house,Full-Time,120242,HUỲNH VĂN KIẾM,141,1,0.0071,139,1,2026-10-02 09:15:39
370,50-HCM D9/Truong Thanh Hub,in-house,Full-Time,148739,VÕ HOÀNG DÂN,147,0,0,146,1,2026-10-02 09:15:39
370,50-HCM D9/Truong Thanh Hub,in-house,Full-Time,52146,ĐẶNG THẾ TRUNG,206,0,0,205,1,2026-10-02 09:15:39
196,50-HCM Nha Be Hub,in-house,Full-Time,62962,NGUYỄN PHONG PHÚ,143,90,0.6294,53,0,2026-10-02 09:15:39
196,50-HCM Nha Be Hub,in-house,Full-Time,110602,NGUYỄN HUỲNH HOÀNG LỢI,152,37,0.2434,106,9,2026-10-02 09:15:39
196,50-HCM Nha Be Hub,in-house,Full-Time,36009,NGUYỄN QUỐC VIỆT,137,27,0.1971,110,0,2026-10-02 09:15:39
196,50-HCM Nha Be Hub,in-house,Full-Time,117107,HÀ LÊ VŨ LUÂN,155,21,0.1355,128,6,2026-10-02 09:15:39
196,50-HCM Nha Be Hub,in-house,Full-Time,123597,NGUYỄN THANH TUẤN,136,16,0.1176,120,0,2026-10-02 09:15:39
196,50-HCM Nha Be Hub,in-house,Full-Time,93837,VŨ NHẬT MINH,144,0,0,136,8,2026-10-02 09:15:39
196,50-HCM Nha Be Hub,in-house,Full-Time,80918,LÊ THÀNH LỢI,107,1,0.0094,101,4,2026-10-02 09:15:39
196,50-HCM Nha Be Hub,in-house,Full-Time,53900,NGUYỄN NGỌC PHI,173,0,0,171,2,2026-10-02 09:15:39
196,50-HCM Nha Be Hub,in-house,Full-Time,98603,LÊ HOÀNG NHẤT LÂM,99,0,0,98,1,2026-10-02 09:15:39
196,50-HCM Nha Be Hub,in-house,Full-Time,19713,NGUYỄN NGỌC PHÚC,256,0,0,256,0,2026-10-02 09:15:39
196,50-HCM Nha Be Hub,in-house,Full-Time,70912,TRẦN THANH TOÁN,113,0,0,113,0,2026-10-02 09:15:39
196,50-HCM Nha Be Hub,in-house,Full-Time,91987,LÊ PHẠM HOÀNG AN,179,0,0,179,0,2026-10-02 09:15:39
196,50-HCM Nha Be Hub,in-house,Full-Time,103440,NGUYỄN ĐỒNG TIẾN,165,0,0,165,0,2026-10-02 09:15:39
196,50-HCM Nha Be Hub,in-house,Full-Time,105293,NGUYỄN MINH GIA LỄ,111,0,0,111,0,2026-10-02 09:15:39
196,50-HCM Nha Be Hub,in-house,Full-Time,155164,ĐẶNG MINH THUẬN,1,0,0,0,0,2026-10-02 09:15:39
393,50-HCM Phu Nhuan/Phuong 4 Hub,in-house,Full-Time,8399,TRƯƠNG HOÀI NGUYỄN LINH NHI,149,101,0.6779,48,0,2026-10-02 09:15:39
393,50-HCM Phu Nhuan/Phuong 4 Hub,in-house,Full-Time,18803,VÕ NGUYỄN TẤN ĐẠT,128,56,0.4375,72,0,2026-10-02 09:15:39
393,50-HCM Phu Nhuan/Phuong 4 Hub,in-house,Full-Time,90228,NGUYỄN QUỐC TRUNG,144,59,0.4097,84,1,2026-10-02 09:15:39
393,50-HCM Phu Nhuan/Phuong 4 Hub,in-house,Full-Time,117623,DƯƠNG VĂN NHỊP,149,40,0.2685,109,0,2026-10-02 09:15:39
393,50-HCM Phu Nhuan/Phuong 4 Hub,in-house,Full-Time,136318,TRẦN QUANG TUẤN,82,19,0.2317,63,0,2026-10-02 09:15:39
393,50-HCM Phu Nhuan/Phuong 4 Hub,in-house,Full-Time,29817,TRẦN KIM TẤN GIÀU,200,43,0.215,155,2,2026-10-02 09:15:39
393,50-HCM Phu Nhuan/Phuong 4 Hub,in-house,Full-Time,48561,VÕ CHÍ TRUNG,141,23,0.1631,118,0,2026-10-02 09:15:39
393,50-HCM Phu Nhuan/Phuong 4 Hub,in-house,Full-Time,2451,TRỊNH HOÀI ÂN,195,27,0.1385,168,0,2026-10-02 09:15:39
393,50-HCM Phu Nhuan/Phuong 4 Hub,in-house,Full-Time,124213,NGÔ KHẢI HOÀN,135,12,0.0889,123,0,2026-10-02 09:15:39
393,50-HCM Phu Nhuan/Phuong 4 Hub,in-house,Full-Time,64569,JANNY CAO DELRIO,108,9,0.0833,99,0,2026-10-02 09:15:39
393,50-HCM Phu Nhuan/Phuong 4 Hub,in-house,Full-Time,2535,ĐỖ PHÚC TÀI,167,11,0.0659,156,0,2026-10-02 09:15:39
393,50-HCM Phu Nhuan/Phuong 4 Hub,in-house,Full-Time,50070,CHÂU LÊ HỒNG SÁNG,132,1,0.0076,126,5,2026-10-02 09:15:39
393,50-HCM Phu Nhuan/Phuong 4 Hub,in-house,Full-Time,6655,NGUYỄN HUỲNH DUY,75,3,0.04,72,0,2026-10-02 09:15:39
393,50-HCM Phu Nhuan/Phuong 4 Hub,in-house,Full-Time,17617,LÊ CHÍ HIẾU,166,1,0.006,162,3,2026-10-02 09:15:39
393,50-HCM Phu Nhuan/Phuong 4 Hub,in-house,Full-Time,35206,TRẦN TRUNG BÁCH,123,2,0.0163,121,0,2026-10-02 09:15:39
393,50-HCM Phu Nhuan/Phuong 4 Hub,in-house,Full-Time,71493,LÊ KHOA NAM ANH,175,0,0,174,1,2026-10-02 09:15:39
393,50-HCM Phu Nhuan/Phuong 4 Hub,in-house,Full-Time,4650,NGUYỄN HOÀI BẢO,152,0,0,152,0,2026-10-02 09:15:39
393,50-HCM Phu Nhuan/Phuong 4 Hub,in-house,Full-Time,5628,HOÀNG XUÂN AN,182,0,0,182,0,2026-10-02 09:15:39
393,50-HCM Phu Nhuan/Phuong 4 Hub,in-house,Full-Time,12274,ĐẶNG VĂN TÂN,132,0,0,132,0,2026-10-02 09:15:39
393,50-HCM Phu Nhuan/Phuong 4 Hub,in-house,Full-Time,34625,CAO TẤN ĐẠT,187,0,0,187,0,2026-10-02 09:15:39
393,50-HCM Phu Nhuan/Phuong 4 Hub,in-house,Full-Time,54014,CAM HỮU DINH,131,0,0,131,0,2026-10-02 09:15:39
393,50-HCM Phu Nhuan/Phuong 4 Hub,in-house,Full-Time,56461,LÊ HOÀNG HỮU TRỌNG,144,0,0,144,0,2026-10-02 09:15:39
393,50-HCM Phu Nhuan/Phuong 4 Hub,in-house,Full-Time,65058,NGUYỄN NHẬT HUY,175,0,0,175,0,2026-10-02 09:15:39
393,50-HCM Phu Nhuan/Phuong 4 Hub,in-house,Full-Time,66580,PHAN TẤN HÙNG,168,0,0,168,0,2026-10-02 09:15:39
393,50-HCM Phu Nhuan/Phuong 4 Hub,in-house,Full-Time,95703,ĐINH CÔNG VỸ,143,0,0,143,0,2026-10-02 09:15:39
393,50-HCM Phu Nhuan/Phuong 4 Hub,in-house,Full-Time,121899,TRẦN QUANG VŨ,134,0,0,134,0,2026-10-02 09:15:39
393,50-HCM Phu Nhuan/Phuong 4 Hub,in-house,Full-Time,150963,BÙI DUY TÂN,103,0,0,103,0,2026-10-02 09:15:39
393,50-HCM Phu Nhuan/Phuong 4 Hub,in-house,Full-Time,153027,TRẦN TRUNG TÍN,144,0,0,144,0,2026-10-02 09:15:39
393,50-HCM Phu Nhuan/Phuong 4 Hub,in-house,Full-Time,153277,TRƯƠNG QUỐC CƯỜNG,162,0,0,162,0,2026-10-02 09:15:39
393,50-HCM Phu Nhuan/Phuong 4 Hub,in-house,Full-Time,151559,PHAN HỮU KHOA,0,0,0,0,0,2026-10-02 09:15:39
444,50-HCM Phu Nhuan/Phuong 8 Hub,in-house,Full-Time,16800,LÊ TRUNG CHÁNH,139,60,0.4317,75,4,2026-10-02 09:15:39
444,50-HCM Phu Nhuan/Phuong 8 Hub,in-house,Full-Time,119706,TRẦN THIÊN TÀI,130,57,0.4385,72,1,2026-10-02 09:15:39
444,50-HCM Phu Nhuan/Phuong 8 Hub,in-house,Full-Time,23481,TRẦN PHẠM HOÀNG KHÔI,241,78,0.3237,163,0,2026-10-02 09:15:39
444,50-HCM Phu Nhuan/Phuong 8 Hub,in-house,Full-Time,77170,GIANG THANH TOÀN,162,25,0.1543,137,0,2026-10-02 09:15:39
444,50-HCM Phu Nhuan/Phuong 8 Hub,in-house,Full-Time,2096,TRẦN HÙNG ANH KIỆT,143,14,0.0979,129,0,2026-10-02 09:15:39
444,50-HCM Phu Nhuan/Phuong 8 Hub,in-house,Full-Time,82229,PHAN THÀNH PHÚC,134,0,0,131,3,2026-10-02 09:15:39
444,50-HCM Phu Nhuan/Phuong 8 Hub,in-house,Full-Time,19241,LƯƠNG QUỐC CƯỜNG,131,0,0,129,2,2026-10-02 09:15:39
444,50-HCM Phu Nhuan/Phuong 8 Hub,in-house,Full-Time,28669,LÊ THANH NGÂN,163,0,0,161,2,2026-10-02 09:15:39
444,50-HCM Phu Nhuan/Phuong 8 Hub,in-house,Full-Time,16792,PHAN NGỌC ĐÔNG,98,0,0,97,1,2026-10-02 09:15:39
444,50-HCM Phu Nhuan/Phuong 8 Hub,in-house,Full-Time,25052,PHẠM THÀNH NHÂN,109,0,0,108,1,2026-10-02 09:15:39
444,50-HCM Phu Nhuan/Phuong 8 Hub,in-house,Full-Time,14571,LƯU VĨNH PHÚ,138,0,0,137,1,2026-10-02 09:15:39
444,50-HCM Phu Nhuan/Phuong 8 Hub,in-house,Full-Time,52584,TẤT HƯNG THỊNH,140,0,0,139,1,2026-10-02 09:15:39
444,50-HCM Phu Nhuan/Phuong 8 Hub,in-house,Full-Time,27421,TRƯƠNG THÀNH PHÚC,158,0,0,157,1,2026-10-02 09:15:39
444,50-HCM Phu Nhuan/Phuong 8 Hub,in-house,Full-Time,24307,NGUYỄN CÔNG TIẾN,176,0,0,176,0,2026-10-02 09:15:39
444,50-HCM Phu Nhuan/Phuong 8 Hub,in-house,Full-Time,24517,TRẦN VĂN KHÁNH,150,0,0,150,0,2026-10-02 09:15:39
444,50-HCM Phu Nhuan/Phuong 8 Hub,in-house,Full-Time,40426,PHẠM ĐỖ GIA BẢO,177,0,0,177,0,2026-10-02 09:15:39
444,50-HCM Phu Nhuan/Phuong 8 Hub,in-house,Full-Time,111158,VÕ ĐẶNG HOÀNG TUẤN,113,0,0,113,0,2026-10-02 09:15:39
915,50-HCM Tan Binh/Bach Dang Hub,in-house,Full-Time,7041,NGUYỄN LÂM HOÀNG NGỌC,62,51,0.8226,8,3,2026-10-02 09:15:39
915,50-HCM Tan Binh/Bach Dang Hub,in-house,Full-Time,24860,ĐỖ THANH ĐẠI,179,72,0.4022,106,1,2026-10-02 09:15:39
915,50-HCM Tan Binh/Bach Dang Hub,in-house,Full-Time,39377,PHẠM MINH NHỰT,201,72,0.3582,121,8,2026-10-02 09:15:39
915,50-HCM Tan Binh/Bach Dang Hub,in-house,Full-Time,102617,NGUYỄN HOÀNG DUY,130,49,0.3769,81,0,2026-10-02 09:15:39
915,50-HCM Tan Binh/Bach Dang Hub,in-house,Full-Time,28717,LÊ VĂN KIÊN,146,48,0.3288,98,0,2026-10-02 09:15:39
915,50-HCM Tan Binh/Bach Dang Hub,in-house,Full-Time,106414,LÂM HOÀNG KHÁNH,161,49,0.3043,112,0,2026-10-02 09:15:39
915,50-HCM Tan Binh/Bach Dang Hub,in-house,Full-Time,992,VÕ VĂN THẮNG,212,62,0.2925,149,1,2026-10-02 09:15:39
915,50-HCM Tan Binh/Bach Dang Hub,in-house,Full-Time,153022,HUỲNH NHỰT ANH,141,41,0.2908,100,0,2026-10-02 09:15:39
915,50-HCM Tan Binh/Bach Dang Hub,in-house,Full-Time,74358,LÊ PHƯỚC THỊNH,218,60,0.2752,158,0,2026-10-02 09:15:39
915,50-HCM Tan Binh/Bach Dang Hub,in-house,Full-Time,99281,HOÀNG ANH QUÂN,164,40,0.2439,120,4,2026-10-02 09:15:39
915,50-HCM Tan Binh/Bach Dang Hub,in-house,Full-Time,96219,TÂN KIẾN ĐẠT,157,41,0.2611,116,0,2026-10-02 09:15:39
915,50-HCM Tan Binh/Bach Dang Hub,in-house,Full-Time,99487,NGUYỄN THÀNH ĐẠT,166,42,0.253,124,0,2026-10-02 09:15:39
915,50-HCM Tan Binh/Bach Dang Hub,in-house,Full-Time,82928,TRẦN NGUYỄN ANH DUY,143,36,0.2517,107,0,2026-10-02 09:15:39
915,50-HCM Tan Binh/Bach Dang Hub,in-house,Full-Time,50150,NGUYỄN THÀNH NAM,93,21,0.2258,72,0,2026-10-02 09:15:39
915,50-HCM Tan Binh/Bach Dang Hub,in-house,Full-Time,160208,NGUYỄN HOÀNG ANH LÂM,114,23,0.2018,89,2,2026-10-02 09:15:39
915,50-HCM Tan Binh/Bach Dang Hub,in-house,Full-Time,114118,ĐỖ THANH HOÀNG,176,34,0.1932,139,3,2026-10-02 09:15:39
915,50-HCM Tan Binh/Bach Dang Hub,in-house,Full-Time,136974,MẠC QUANG HUY,237,45,0.1899,189,3,2026-10-02 09:15:39
915,50-HCM Tan Binh/Bach Dang Hub,in-house,Full-Time,48947,HUỲNH TẤN SANG,188,36,0.1915,152,0,2026-10-02 09:15:39
915,50-HCM Tan Binh/Bach Dang Hub,in-house,Full-Time,40244,PHẠM ANH TUẤN,191,34,0.178,157,0,2026-10-02 09:15:39
915,50-HCM Tan Binh/Bach Dang Hub,in-house,Full-Time,75199,NGUYỄN TRẦN QUỐC TOẢN,169,22,0.1302,140,7,2026-10-02 09:15:39
915,50-HCM Tan Binh/Bach Dang Hub,in-house,Full-Time,18512,LÊ THANH BÌNH,189,31,0.164,158,0,2026-10-02 09:15:39
915,50-HCM Tan Binh/Bach Dang Hub,in-house,Full-Time,77946,NGUYỄN TRƯỜNG GIANG,185,24,0.1297,157,4,2026-10-02 09:15:39
915,50-HCM Tan Binh/Bach Dang Hub,in-house,Full-Time,96767,NGUYỄN MINH NHỰT,155,21,0.1355,133,1,2026-10-02 09:15:39
915,50-HCM Tan Binh/Bach Dang Hub,in-house,Full-Time,31650,NGUYỄN HOÀNG GIA,121,16,0.1322,104,1,2026-10-02 09:15:39
915,50-HCM Tan Binh/Bach Dang Hub,in-house,Full-Time,94120,HOÀNG PHÚ THỊNH,154,17,0.1104,137,0,2026-10-02 09:15:39
915,50-HCM Tan Binh/Bach Dang Hub,in-house,Full-Time,40199,NGUYỄN CƯỜNG VŨ,215,21,0.0977,193,1,2026-10-02 09:15:39
915,50-HCM Tan Binh/Bach Dang Hub,in-house,Full-Time,48282,VÕ HOÀNG LONG,199,20,0.1005,179,0,2026-10-02 09:15:39
915,50-HCM Tan Binh/Bach Dang Hub,in-house,Full-Time,25029,NGUYỄN NGỌC MINH TÂN,165,16,0.097,149,0,2026-10-02 09:15:39
915,50-HCM Tan Binh/Bach Dang Hub,in-house,Full-Time,2972,NGUYỄN TRƯỜNG SƠN,179,17,0.095,162,0,2026-10-02 09:15:39
915,50-HCM Tan Binh/Bach Dang Hub,in-house,Full-Time,29635,VŨ ĐỨC DUY,190,15,0.0789,172,3,2026-10-02 09:15:39
915,50-HCM Tan Binh/Bach Dang Hub,in-house,Full-Time,10005,PHAN LÂM GIA PHÚC,165,11,0.0667,151,3,2026-10-02 09:15:39
915,50-HCM Tan Binh/Bach Dang Hub,in-house,Full-Time,618,TRẦN VĂN PHÁT,175,13,0.0743,161,1,2026-10-02 09:15:39
915,50-HCM Tan Binh/Bach Dang Hub,in-house,Full-Time,2667,TRƯƠNG TÀI THUẬN,313,24,0.0767,289,0,2026-10-02 09:15:39
915,50-HCM Tan Binh/Bach Dang Hub,in-house,Full-Time,1593,NGUYỄN HOÀNG HUY,262,17,0.0649,244,1,2026-10-02 09:15:39
915,50-HCM Tan Binh/Bach Dang Hub,in-house,Full-Time,136333,HỒ PHÚ QUÝ,180,11,0.0611,169,0,2026-10-02 09:15:39
915,50-HCM Tan Binh/Bach Dang Hub,in-house,Full-Time,159646,NGUYỄN THANH QUYỀN,150,9,0.06,141,0,2026-10-02 09:15:39
915,50-HCM Tan Binh/Bach Dang Hub,in-house,Full-Time,18971,NGUYỄN LÂM NGỌC BẢO,168,9,0.0536,158,1,2026-10-02 09:15:39
915,50-HCM Tan Binh/Bach Dang Hub,in-house,Full-Time,3313,VĂN LÂM TUẤN,161,9,0.0559,152,0,2026-10-02 09:15:39
915,50-HCM Tan Binh/Bach Dang Hub,in-house,Full-Time,2780,LÊ VĂN TIẾN,164,9,0.0549,155,0,2026-10-02 09:15:39
915,50-HCM Tan Binh/Bach Dang Hub,in-house,Full-Time,43629,NGUYỄN NHƯ PHONG,153,8,0.0523,145,0,2026-10-02 09:15:39
915,50-HCM Tan Binh/Bach Dang Hub,in-house,Full-Time,22544,NGUYỄN THÀNH NHÂN,245,12,0.049,233,0,2026-10-02 09:15:39
915,50-HCM Tan Binh/Bach Dang Hub,in-house,Full-Time,26124,PHẠM CHÍ VŨ,186,8,0.043,177,1,2026-10-02 09:15:39
915,50-HCM Tan Binh/Bach Dang Hub,in-house,Full-Time,16096,LÊ TẤN DƯƠNG,335,7,0.0209,328,0,2026-10-02 09:15:39
915,50-HCM Tan Binh/Bach Dang Hub,in-house,Full-Time,42981,NÔNG THẾ VINH,243,5,0.0206,238,0,2026-10-02 09:15:39
915,50-HCM Tan Binh/Bach Dang Hub,in-house,Full-Time,91316,NGUYỄN VÕ NHẬT TÂN,205,3,0.0146,201,1,2026-10-02 09:15:39
915,50-HCM Tan Binh/Bach Dang Hub,in-house,Full-Time,142993,NGUYỄN CHÂU LANG,133,2,0.015,131,0,2026-10-02 09:15:39
915,50-HCM Tan Binh/Bach Dang Hub,in-house,Full-Time,18783,TRẦN NGUYỄN THANH PHONG,233,2,0.0086,230,1,2026-10-02 09:15:39
915,50-HCM Tan Binh/Bach Dang Hub,in-house,Full-Time,12755,LÊ NGỌC TOÁN,243,2,0.0082,241,0,2026-10-02 09:15:39
915,50-HCM Tan Binh/Bach Dang Hub,in-house,Full-Time,140454,VÕ PHÁT ĐẠT,131,0,0,130,1,2026-10-02 09:15:39
915,50-HCM Tan Binh/Bach Dang Hub,in-house,Full-Time,136131,NGUYỄN HOÀNG KHÔI NGUYÊN,165,1,0.0061,164,0,2026-10-02 09:15:39
915,50-HCM Tan Binh/Bach Dang Hub,in-house,Full-Time,142279,TRỊNH NGỌC HÀ,215,0,0,214,1,2026-10-02 09:15:39
915,50-HCM Tan Binh/Bach Dang Hub,in-house,Full-Time,48560,LÂM NHẬT TÂN,131,0,0,131,0,2026-10-02 09:15:39
915,50-HCM Tan Binh/Bach Dang Hub,in-house,Full-Time,87028,TRẦN MINH TRÍ,239,0,0,239,0,2026-10-02 09:15:39
915,50-HCM Tan Binh/Bach Dang Hub,in-house,Full-Time,93419,NGUYỄN QUANG LÂM,176,0,0,176,0,2026-10-02 09:15:39
915,50-HCM Tan Binh/Bach Dang Hub,in-house,Full-Time,94114,LÊ ĐẶNG BÁ PHƯỚC,271,0,0,271,0,2026-10-02 09:15:39
915,50-HCM Tan Binh/Bach Dang Hub,in-house,Full-Time,107680,NGUYỄN TẤN LÂM,134,0,0,134,0,2026-10-02 09:15:39
915,50-HCM Tan Binh/Bach Dang Hub,in-house,Full-Time,137667,LÝ QUỐC ĐẠT,144,0,0,144,0,2026-10-02 09:15:39
915,50-HCM Tan Binh/Bach Dang Hub,in-house,Full-Time,141474,NGUYỄN MINH TUẤN,90,0,0,90,0,2026-10-02 09:15:39
1082,50-HCM Tan Phu/Tan Quy Hub,in-house,Full-Time,148254,TRẦN MINH QUANG,259,75,0.2896,183,1,2026-10-02 09:15:39
1082,50-HCM Tan Phu/Tan Quy Hub,in-house,Full-Time,10113,VŨ ANH KIỆT,212,59,0.2783,151,2,2026-10-02 09:15:39
1082,50-HCM Tan Phu/Tan Quy Hub,in-house,Full-Time,1243,HỒ THANH SĨ,180,46,0.2556,134,0,2026-10-02 09:15:39
1082,50-HCM Tan Phu/Tan Quy Hub,in-house,Full-Time,46994,LÊ NGỌC MINH CHÂU,202,45,0.2228,156,1,2026-10-02 09:15:39
1082,50-HCM Tan Phu/Tan Quy Hub,in-house,Full-Time,116397,NGUYỄN THÀNH ĐỨC,218,36,0.1651,181,1,2026-10-02 09:15:39
1082,50-HCM Tan Phu/Tan Quy Hub,in-house,Full-Time,105534,TRẦN THÁI SƠN,176,29,0.1648,147,0,2026-10-02 09:15:39
1082,50-HCM Tan Phu/Tan Quy Hub,in-house,Full-Time,44949,TRƯƠNG THỊ XUÂN,225,35,0.1556,189,1,2026-10-02 09:15:39
1082,50-HCM Tan Phu/Tan Quy Hub,in-house,Full-Time,32959,LÊ ANH TÀI,197,27,0.1371,170,0,2026-10-02 09:15:39
1082,50-HCM Tan Phu/Tan Quy Hub,in-house,Full-Time,23976,NGUYỄN THIỆN CƯỜNG,198,24,0.1212,174,0,2026-10-02 09:15:39
1082,50-HCM Tan Phu/Tan Quy Hub,in-house,Full-Time,44081,NGUYỄN THANH TÚ,179,19,0.1061,159,1,2026-10-02 09:15:39
1082,50-HCM Tan Phu/Tan Quy Hub,in-house,Full-Time,40417,NGUYỄN VĂN HẢI,177,18,0.1017,159,0,2026-10-02 09:15:39
1082,50-HCM Tan Phu/Tan Quy Hub,in-house,Full-Time,26615,VÕ MINH KHOA,236,21,0.089,215,0,2026-10-02 09:15:39
1082,50-HCM Tan Phu/Tan Quy Hub,in-house,Full-Time,68678,NGUYỄN TIẾN TÀI,244,19,0.0779,225,0,2026-10-02 09:15:39
1082,50-HCM Tan Phu/Tan Quy Hub,in-house,Full-Time,107160,NGUYỄN THANH NHỰT,187,13,0.0695,173,1,2026-10-02 09:15:39
1082,50-HCM Tan Phu/Tan Quy Hub,in-house,Full-Time,70293,NGUYỄN MINH TÂN,191,12,0.0628,179,0,2026-10-02 09:15:39
1082,50-HCM Tan Phu/Tan Quy Hub,in-house,Full-Time,151093,NGUYỄN VĂN PHÚ,134,8,0.0597,126,0,2026-10-02 09:15:39
1082,50-HCM Tan Phu/Tan Quy Hub,in-house,Full-Time,8572,HUỲNH HOÀNG QUÝ,207,0,0,205,2,2026-10-02 09:15:39
1082,50-HCM Tan Phu/Tan Quy Hub,in-house,Full-Time,4124,TRẦN QUANG HUY,159,0,0,159,0,2026-10-02 09:15:39
1082,50-HCM Tan Phu/Tan Quy Hub,in-house,Full-Time,108904,TRIỆU NGUYÊN KHÁNH,108,0,0,108,0,2026-10-02 09:15:39
10,50-HCM Thu Duc Hub,in-house,Full-Time,8553,HỒ NGỌC THẮNG,1,0,0,0,1,2026-10-02 09:15:39
10,50-HCM Thu Duc Hub,in-house,Full-Time,8555,CAO MINH SANG,124,99,0.7984,24,1,2026-10-02 09:15:39
10,50-HCM Thu Duc Hub,in-house,Full-Time,161587,TRẦN ĐĂNG NINH,69,49,0.7101,20,0,2026-10-02 09:15:39
10,50-HCM Thu Duc Hub,in-house,Full-Time,22888,ĐẶNG VÕ THÁI SANG,85,31,0.3647,47,7,2026-10-02 09:15:39
10,50-HCM Thu Duc Hub,in-house,Full-Time,148741,ĐỖ QUANG CƯỜNG,110,44,0.4,62,4,2026-10-02 09:15:39
10,50-HCM Thu Duc Hub,in-house,Full-Time,111560,NGUYỄN TRỌNG DUY,181,69,0.3812,112,0,2026-10-02 09:15:39
10,50-HCM Thu Duc Hub,in-house,Full-Time,6946,DIỆP THỊ THANH THỦY,114,34,0.2982,78,2,2026-10-02 09:15:39
10,50-HCM Thu Duc Hub,in-house,Full-Time,89726,NINH SINH VI THÀNH,156,42,0.2692,111,3,2026-10-02 09:15:39
10,50-HCM Thu Duc Hub,in-house,Full-Time,146391,LỮ MINH THẾ,165,45,0.2727,119,1,2026-10-02 09:15:39
10,50-HCM Thu Duc Hub,in-house,Full-Time,20969,THÀNH NGỌC THƯƠNG,195,50,0.2564,145,0,2026-10-02 09:15:39
10,50-HCM Thu Duc Hub,in-house,Full-Time,157671,PHẠM ANH TUẤN,106,26,0.2453,79,1,2026-10-02 09:15:39
10,50-HCM Thu Duc Hub,VGL,Full-Time,2764,HOÀNG HUY,135,31,0.2296,104,0,2026-10-02 09:15:39
10,50-HCM Thu Duc Hub,in-house,Full-Time,147222,MAI TRẦN XUÂN THIỆN,130,27,0.2077,103,0,2026-10-02 09:15:39
10,50-HCM Thu Duc Hub,in-house,Full-Time,148746,DƯƠNG THỊ THÚY HẰNG,96,13,0.1354,78,5,2026-10-02 09:15:39
10,50-HCM Thu Duc Hub,in-house,Full-Time,37504,NGUYỄN TRƯỜNG DƯƠNG,228,31,0.136,197,0,2026-10-02 09:15:39
10,50-HCM Thu Duc Hub,in-house,Full-Time,8549,THÀNH HOÀNG KỲ ANH,243,32,0.1317,211,0,2026-10-02 09:15:39
10,50-HCM Thu Duc Hub,in-house,Full-Time,155591,ĐẠO ĐỨC THÀNH,138,6,0.0435,132,0,2026-10-02 09:15:39
10,50-HCM Thu Duc Hub,in-house,Full-Time,140298,VŨ VĂN ĐẠT,96,0,0,94,2,2026-10-02 09:15:39
10,50-HCM Thu Duc Hub,in-house,Full-Time,127383,CAO TRỌNG HẬU,88,0,0,87,1,2026-10-02 09:15:39
10,50-HCM Thu Duc Hub,in-house,Full-Time,11220,LÊ TRƯỜNG HẢI,120,0,0,119,1,2026-10-02 09:15:39
10,50-HCM Thu Duc Hub,in-house,Full-Time,98041,HỒ CÔNG BÌNH,2,0,0,2,0,2026-10-02 09:15:39
10,50-HCM Thu Duc Hub,in-house,Full-Time,103299,NGUYỄN TẤN THÀNH,1,0,0,1,0,2026-10-02 09:15:39
10,50-HCM Thu Duc Hub,in-house,Full-Time,124224,PHẠM HOÀNG VIỆT,142,0,0,142,0,2026-10-02 09:15:39
10,50-HCM Thu Duc Hub,in-house,Full-Time,149680,NGUYỄN VĂN TRUNG,82,0,0,82,0,2026-10-02 09:15:39
10,50-HCM Thu Duc Hub,in-house,Full-Time,16088,ĐẠO THANH LÂM,0,0,0,0,0,2026-10-02 09:15:39
10,50-HCM Thu Duc Hub,in-house,Full-Time,41779,ĐẶNG HOÀNG LỢI,0,0,0,0,0,2026-10-02 09:15:39
423,50-HCM Thu Duc/Hiep Binh Phuoc Hub,in-house,Full-Time,127979,MAI QUỐC CÔNG,168,45,0.2679,123,0,2026-10-02 09:15:39
423,50-HCM Thu Duc/Hiep Binh Phuoc Hub,in-house,Full-Time,22029,NGUYỄN MẠNH CƯỜNG,213,55,0.2582,157,1,2026-10-02 09:15:39
423,50-HCM Thu Duc/Hiep Binh Phuoc Hub,in-house,Full-Time,70307,NGUYỄN VĂN THI,139,29,0.2086,110,0,2026-10-02 09:15:39
423,50-HCM Thu Duc/Hiep Binh Phuoc Hub,in-house,Full-Time,138154,ĐÀO DUY THÀNH,167,33,0.1976,133,1,2026-10-02 09:15:39
423,50-HCM Thu Duc/Hiep Binh Phuoc Hub,in-house,Full-Time,106008,LÊ PHÚ TÍN,177,36,0.2034,141,0,2026-10-02 09:15:39
423,50-HCM Thu Duc/Hiep Binh Phuoc Hub,in-house,Full-Time,96211,PHAN HUY HIẾU,236,43,0.1822,191,2,2026-10-02 09:15:39
423,50-HCM Thu Duc/Hiep Binh Phuoc Hub,in-house,Full-Time,148406,LÂM NGUYỄN THANH TUẤN,173,30,0.1734,143,0,2026-10-02 09:15:39
423,50-HCM Thu Duc/Hiep Binh Phuoc Hub,in-house,Full-Time,31652,HOÀNG NGUYÊN ANH THU,207,34,0.1643,173,0,2026-10-02 09:15:39
423,50-HCM Thu Duc/Hiep Binh Phuoc Hub,in-house,Full-Time,145297,HUỲNH VĂN SƠN,130,19,0.1462,111,0,2026-10-02 09:15:39
423,50-HCM Thu Duc/Hiep Binh Phuoc Hub,in-house,Full-Time,109098,LÊ TẤN TÀI,186,25,0.1344,160,1,2026-10-02 09:15:39
423,50-HCM Thu Duc/Hiep Binh Phuoc Hub,in-house,Full-Time,41743,NGUYỄN THANH NHÀN,188,25,0.133,163,0,2026-10-02 09:15:39
423,50-HCM Thu Duc/Hiep Binh Phuoc Hub,in-house,Full-Time,156227,PHẠM GIA LÂM,184,24,0.1304,160,0,2026-10-02 09:15:39
423,50-HCM Thu Duc/Hiep Binh Phuoc Hub,in-house,Full-Time,91641,NGUYỄN TÙNG LÂM,177,22,0.1243,155,0,2026-10-02 09:15:39
423,50-HCM Thu Duc/Hiep Binh Phuoc Hub,in-house,Full-Time,156020,PHẠM HÙNG PHÚ,140,17,0.1214,123,0,2026-10-02 09:15:39
423,50-HCM Thu Duc/Hiep Binh Phuoc Hub,in-house,Full-Time,9025,ĐOÀN HƯNG THỊNH,195,21,0.1077,174,0,2026-10-02 09:15:39
423,50-HCM Thu Duc/Hiep Binh Phuoc Hub,in-house,Full-Time,4537,NGUYỄN GIA QUÂN,167,14,0.0838,153,0,2026-10-02 09:15:39
423,50-HCM Thu Duc/Hiep Binh Phuoc Hub,in-house,Full-Time,40246,TRẦN MINH HÙNG,140,8,0.0571,131,1,2026-10-02 09:15:39
423,50-HCM Thu Duc/Hiep Binh Phuoc Hub,in-house,Full-Time,128166,LƯƠNG NGUYỄN NGỌC CHÂU,219,10,0.0457,209,0,2026-10-02 09:15:39
423,50-HCM Thu Duc/Hiep Binh Phuoc Hub,in-house,Full-Time,54184,LÊ QUỐC QUYỀN,201,6,0.0299,195,0,2026-10-02 09:15:39
423,50-HCM Thu Duc/Hiep Binh Phuoc Hub,in-house,Full-Time,152336,TỐNG HOÀNG VŨ,191,4,0.0209,186,1,2026-10-02 09:15:39
423,50-HCM Thu Duc/Hiep Binh Phuoc Hub,in-house,Full-Time,161330,NGUYỄN CÔNG ĐỊNH,142,0,0,141,1,2026-10-02 09:15:39
423,50-HCM Thu Duc/Hiep Binh Phuoc Hub,in-house,Full-Time,10105,CAO MINH NHỰT,200,0,0,200,0,2026-10-02 09:15:39
423,50-HCM Thu Duc/Hiep Binh Phuoc Hub,in-house,Full-Time,26249,NGUYỄN ĐỨC VINH,205,0,0,205,0,2026-10-02 09:15:39
423,50-HCM Thu Duc/Hiep Binh Phuoc Hub,in-house,Full-Time,66429,TRẦN THANH TÙNG,213,0,0,213,0,2026-10-02 09:15:39
423,50-HCM Thu Duc/Hiep Binh Phuoc Hub,in-house,Full-Time,76970,TRƯƠNG QUANG PHƯỚC,245,0,0,245,0,2026-10-02 09:15:39
423,50-HCM Thu Duc/Hiep Binh Phuoc Hub,in-house,Full-Time,105666,ĐỖ BÁ LƯỢNG,180,0,0,180,0,2026-10-02 09:15:39
423,50-HCM Thu Duc/Hiep Binh Phuoc Hub,in-house,Full-Time,121736,NGUYỄN CÔNG ĐĂNG,213,0,0,213,0,2026-10-02 09:15:39
423,50-HCM Thu Duc/Hiep Binh Phuoc Hub,in-house,Full-Time,127515,LƯƠNG THẾ VỸ,150,0,0,150,0,2026-10-02 09:15:39
423,50-HCM Thu Duc/Hiep Binh Phuoc Hub,in-house,Full-Time,140761,DƯƠNG PHƯỚC LẬP,166,0,0,166,0,2026-10-02 09:15:39
423,50-HCM Thu Duc/Hiep Binh Phuoc Hub,in-house,Full-Time,153807,LÊ HÙNG CƯỜNG,215,0,0,215,0,2026-10-02 09:15:39
423,50-HCM Thu Duc/Hiep Binh Phuoc Hub,in-house,Full-Time,162920,NGUYỄN VIẾT ĐĂNG KHOA,123,0,0,123,0,2026-10-02 09:15:39
93,50-HCM Thu Duc/Linh Trung Hub,in-house,Full-Time,110153,PHẠM THÀNH ĐẠT,107,57,0.5327,49,1,2026-10-02 09:15:39
93,50-HCM Thu Duc/Linh Trung Hub,in-house,Full-Time,128815,TRẦN TRỌNG THÁI,122,42,0.3443,79,1,2026-10-02 09:15:39
93,50-HCM Thu Duc/Linh Trung Hub,in-house,Full-Time,14650,ĐẶNG MINH TOÀN,152,52,0.3421,100,0,2026-10-02 09:15:39
93,50-HCM Thu Duc/Linh Trung Hub,in-house,Full-Time,109611,ĐOÀN VĂN CHUNG,141,42,0.2979,99,0,2026-10-02 09:15:39
93,50-HCM Thu Duc/Linh Trung Hub,in-house,Full-Time,138145,TRIỆU ANH PHÁP,77,19,0.2468,55,3,2026-10-02 09:15:39
93,50-HCM Thu Duc/Linh Trung Hub,in-house,Full-Time,13655,NGUYỄN NGỌC BI,177,46,0.2599,128,3,2026-10-02 09:15:39
93,50-HCM Thu Duc/Linh Trung Hub,in-house,Full-Time,140305,NGUYỄN LÊ PHƯƠNG NAM,108,28,0.2593,80,0,2026-10-02 09:15:39
93,50-HCM Thu Duc/Linh Trung Hub,in-house,Full-Time,153241,NGUYỄN THÁI SƠN,118,26,0.2203,92,0,2026-10-02 09:15:39
93,50-HCM Thu Duc/Linh Trung Hub,in-house,Full-Time,38164,NGUYỄN VĂN ĐÚNG,105,21,0.2,84,0,2026-10-02 09:15:39
93,50-HCM Thu Duc/Linh Trung Hub,in-house,Full-Time,141825,LÊ VĂN MINH,138,25,0.1812,113,0,2026-10-02 09:15:39
93,50-HCM Thu Duc/Linh Trung Hub,in-house,Full-Time,127089,NGÔ MINH ĐỨC,126,17,0.1349,109,0,2026-10-02 09:15:39
93,50-HCM Thu Duc/Linh Trung Hub,in-house,Full-Time,21669,NGUYỄN VŨ THÁI HOÀNG,202,20,0.099,175,7,2026-10-02 09:15:39
93,50-HCM Thu Duc/Linh Trung Hub,in-house,Full-Time,52771,NGUYỄN BÁ KIM LONG,114,15,0.1316,99,0,2026-10-02 09:15:39
93,50-HCM Thu Duc/Linh Trung Hub,in-house,Full-Time,43982,PHẠM VĂN HẢI,161,16,0.0994,141,4,2026-10-02 09:15:39
93,50-HCM Thu Duc/Linh Trung Hub,in-house,Full-Time,20387,LÊ CÔNG ÁI,73,6,0.0822,65,2,2026-10-02 09:15:39
93,50-HCM Thu Duc/Linh Trung Hub,in-house,Full-Time,26713,LÂM VĂN THÀNH,118,12,0.1017,106,0,2026-10-02 09:15:39
93,50-HCM Thu Duc/Linh Trung Hub,in-house,Full-Time,44968,NGUYỄN HỮU ĐẠT,154,12,0.0779,140,2,2026-10-02 09:15:39
93,50-HCM Thu Duc/Linh Trung Hub,in-house,Full-Time,20305,NGUYỄN THỤC TUẤN KIỆT,162,7,0.0432,148,7,2026-10-02 09:15:39
93,50-HCM Thu Duc/Linh Trung Hub,in-house,Full-Time,121431,DƯƠNG THẾ VINH,143,10,0.0699,133,0,2026-10-02 09:15:39
93,50-HCM Thu Duc/Linh Trung Hub,in-house,Full-Time,127172,ĐINH THỊ ÚT,185,11,0.0595,174,0,2026-10-02 09:15:39
93,50-HCM Thu Duc/Linh Trung Hub,in-house,Full-Time,52770,ĐINH VĂN NHUNG,167,7,0.0419,160,0,2026-10-02 09:15:39
93,50-HCM Thu Duc/Linh Trung Hub,in-house,Full-Time,94927,CHÂU GIA BẢO,78,3,0.0385,75,0,2026-10-02 09:15:39
93,50-HCM Thu Duc/Linh Trung Hub,in-house,Full-Time,106566,LÊ DOÃN DŨNG,139,4,0.0288,134,1,2026-10-02 09:15:39
93,50-HCM Thu Duc/Linh Trung Hub,in-house,Full-Time,143243,NGUYỄN QUANG NINH,117,1,0.0085,114,2,2026-10-02 09:15:39
93,50-HCM Thu Duc/Linh Trung Hub,in-house,Full-Time,137648,NGUYỄN QUANG HƯỚNG,140,0,0,137,3,2026-10-02 09:15:39
93,50-HCM Thu Duc/Linh Trung Hub,in-house,Full-Time,19024,NGUYỄN CÔNG THẮNG,100,2,0.02,98,0,2026-10-02 09:15:39
93,50-HCM Thu Duc/Linh Trung Hub,in-house,Full-Time,4375,ĐẠO CHƯỞNG PHI,166,0,0,163,3,2026-10-02 09:15:39
93,50-HCM Thu Duc/Linh Trung Hub,in-house,Full-Time,156018,NGUYỄN CAO TIẾN,85,0,0,84,1,2026-10-02 09:15:39
93,50-HCM Thu Duc/Linh Trung Hub,in-house,Full-Time,151352,TRƯƠNG THIỆN CHIẾN,101,1,0.0099,100,0,2026-10-02 09:15:39
93,50-HCM Thu Duc/Linh Trung Hub,in-house,Full-Time,125226,NGUYỄN NGỌC TÂM,123,1,0.0081,122,0,2026-10-02 09:15:39
93,50-HCM Thu Duc/Linh Trung Hub,in-house,Full-Time,22021,NGUYỄN ANH HƯNG,165,0,0,164,1,2026-10-02 09:15:39
93,50-HCM Thu Duc/Linh Trung Hub,in-house,Full-Time,1321,TỪ HIẾU LỄ,86,0,0,86,0,2026-10-02 09:15:39
93,50-HCM Thu Duc/Linh Trung Hub,in-house,Full-Time,11221,ĐỖ VĂN ĐẠT,146,0,0,146,0,2026-10-02 09:15:39
93,50-HCM Thu Duc/Linh Trung Hub,in-house,Full-Time,19398,LÝ HOÀNG PHI,174,0,0,174,0,2026-10-02 09:15:39
93,50-HCM Thu Duc/Linh Trung Hub,in-house,Full-Time,21106,TRẦN HỒNG NHẬT,12,0,0,12,0,2026-10-02 09:15:39
93,50-HCM Thu Duc/Linh Trung Hub,in-house,Full-Time,23654,CAO VĂN TUẤN,110,0,0,110,0,2026-10-02 09:15:39
93,50-HCM Thu Duc/Linh Trung Hub,in-house,Full-Time,25560,NGUYỄN HOÀNG LUÂN,8,0,0,8,0,2026-10-02 09:15:39
93,50-HCM Thu Duc/Linh Trung Hub,in-house,Full-Time,29915,MAI CHÂN LÝ,181,0,0,181,0,2026-10-02 09:15:39
93,50-HCM Thu Duc/Linh Trung Hub,in-house,Full-Time,48321,BÙI ANH TUẤN,123,0,0,123,0,2026-10-02 09:15:39
93,50-HCM Thu Duc/Linh Trung Hub,in-house,Full-Time,48322,NGUYỄN ĐĂNG KHUY,55,0,0,55,0,2026-10-02 09:15:39
93,50-HCM Thu Duc/Linh Trung Hub,in-house,Full-Time,53337,NGUYỄN THÀNH LONG,74,0,0,74,0,2026-10-02 09:15:39
93,50-HCM Thu Duc/Linh Trung Hub,in-house,Full-Time,93840,NGUYỄN VĂN THUẬN HÒA,63,0,0,63,0,2026-10-02 09:15:39
93,50-HCM Thu Duc/Linh Trung Hub,in-house,Full-Time,98237,PHẠM HOÀI PHONG,109,0,0,109,0,2026-10-02 09:15:39
93,50-HCM Thu Duc/Linh Trung Hub,in-house,Full-Time,117304,LÊ THỊ KIM VÀNG,117,0,0,116,0,2026-10-02 09:15:39
93,50-HCM Thu Duc/Linh Trung Hub,in-house,Full-Time,127387,ĐÈO VĂN HỢP,142,0,0,142,0,2026-10-02 09:15:39
93,50-HCM Thu Duc/Linh Trung Hub,in-house,Full-Time,143251,HỒ HOÀNG TUẤN,69,0,0,69,0,2026-10-02 09:15:39
5420,51-HCM Bay Hien/Tai Thiet Hub,in-house,Full-Time,6539,NGUYỄN PHÚC TẤN,81,80,0.9877,0,1,2026-10-02 09:15:39
5420,51-HCM Bay Hien/Tai Thiet Hub,in-house,Full-Time,100605,ĐẶNG PHƯỚC LIỀN,67,25,0.3731,42,0,2026-10-02 09:15:39
5420,51-HCM Bay Hien/Tai Thiet Hub,in-house,Full-Time,160013,LƯ VĨNH QUÂN,137,36,0.2628,99,2,2026-10-02 09:15:39
5420,51-HCM Bay Hien/Tai Thiet Hub,in-house,Full-Time,146144,CHÂU GIA TẤN,134,34,0.2537,99,1,2026-10-02 09:15:39
5420,51-HCM Bay Hien/Tai Thiet Hub,in-house,Full-Time,109600,VÕ THANH DŨNG,151,31,0.2053,120,0,2026-10-02 09:15:39
5420,51-HCM Bay Hien/Tai Thiet Hub,in-house,Full-Time,59131,VÕ HOÀNG SƠN,171,34,0.1988,136,1,2026-10-02 09:15:39
5420,51-HCM Bay Hien/Tai Thiet Hub,in-house,Full-Time,544,NGUYỄN ĐÔNG VŨ,147,25,0.1701,121,1,2026-10-02 09:15:39
5420,51-HCM Bay Hien/Tai Thiet Hub,in-house,Full-Time,99122,PHẠM TẤN ĐẠT,217,29,0.1336,188,0,2026-10-02 09:15:39
5420,51-HCM Bay Hien/Tai Thiet Hub,in-house,Full-Time,16890,LÊ HUỲNH NGỌC TOÀN AN,208,18,0.0865,189,1,2026-10-02 09:15:39
5420,51-HCM Bay Hien/Tai Thiet Hub,in-house,Full-Time,18976,TRẦN QUỐC KHÁNH,186,15,0.0806,171,0,2026-10-02 09:15:39
5420,51-HCM Bay Hien/Tai Thiet Hub,in-house,Full-Time,77169,NGUYỄN ANH KIỆN,150,12,0.08,138,0,2026-10-02 09:15:39
5420,51-HCM Bay Hien/Tai Thiet Hub,in-house,Full-Time,19095,DƯƠNG VĂN LONG,163,9,0.0552,151,3,2026-10-02 09:15:39
5420,51-HCM Bay Hien/Tai Thiet Hub,in-house,Full-Time,8306,HỒ NGỌC PHƯƠNG,212,14,0.066,198,0,2026-10-02 09:15:39
5420,51-HCM Bay Hien/Tai Thiet Hub,in-house,Full-Time,27291,LÝ TUẤN BẢO,158,9,0.057,149,0,2026-10-02 09:15:39
5420,51-HCM Bay Hien/Tai Thiet Hub,in-house,Full-Time,56601,TRẦM QUỐC DŨNG,198,6,0.0303,192,0,2026-10-02 09:15:39
5420,51-HCM Bay Hien/Tai Thiet Hub,in-house,Full-Time,96855,VÕ TÂM HOÀI NAM,154,4,0.026,150,0,2026-10-02 09:15:39
5420,51-HCM Bay Hien/Tai Thiet Hub,in-house,Full-Time,94508,TRIỆU PHÚ TÀI,200,1,0.005,196,3,2026-10-02 09:15:39
5420,51-HCM Bay Hien/Tai Thiet Hub,in-house,Full-Time,89711,PHẠM TẤN ĐẠT,280,5,0.0179,275,0,2026-10-02 09:15:39
5420,51-HCM Bay Hien/Tai Thiet Hub,in-house,Full-Time,81188,LÊ THANH TÙNG,170,3,0.0176,167,0,2026-10-02 09:15:39
5420,51-HCM Bay Hien/Tai Thiet Hub,in-house,Full-Time,148397,PHẠM BÁ LUÂN,115,1,0.0087,113,1,2026-10-02 09:15:39
5420,51-HCM Bay Hien/Tai Thiet Hub,in-house,Full-Time,150206,HỒ HOÀNG THÔNG,181,0,0,178,3,2026-10-02 09:15:39
5420,51-HCM Bay Hien/Tai Thiet Hub,in-house,Full-Time,58653,NGUYỄN QUỐC VƯƠNG,134,1,0.0075,132,1,2026-10-02 09:15:39
5420,51-HCM Bay Hien/Tai Thiet Hub,in-house,Full-Time,92001,NGUYỄN THÀNH HƯNG,218,0,0,217,1,2026-10-02 09:15:39
5420,51-HCM Bay Hien/Tai Thiet Hub,in-house,Full-Time,92737,TRẦN NGỌC PHÚ,241,0,0,240,1,2026-10-02 09:15:39
5420,51-HCM Bay Hien/Tai Thiet Hub,in-house,Full-Time,2619,HÀ MINH KHANG,23,0,0,22,0,2026-10-02 09:15:39
5420,51-HCM Bay Hien/Tai Thiet Hub,in-house,Full-Time,23457,LÂM TẤN BỬU,147,0,0,147,0,2026-10-02 09:15:39
5420,51-HCM Bay Hien/Tai Thiet Hub,in-house,Full-Time,55569,ĐOÀN NGHĨA HIỆP,165,0,0,165,0,2026-10-02 09:15:39
5420,51-HCM Bay Hien/Tai Thiet Hub,in-house,Full-Time,72271,NGUYỄN THÀNH TÀI LỘC,187,0,0,187,0,2026-10-02 09:15:39
5420,51-HCM Bay Hien/Tai Thiet Hub,in-house,Full-Time,99703,LÝ NHỰT QUANG,227,0,0,227,0,2026-10-02 09:15:39
5420,51-HCM Bay Hien/Tai Thiet Hub,in-house,Full-Time,107269,NGUYỄN TÀI ANH TÚ,142,0,0,142,0,2026-10-02 09:15:39
5420,51-HCM Bay Hien/Tai Thiet Hub,in-house,Full-Time,122898,TRƯƠNG SƠN HÙNG,143,0,0,143,0,2026-10-02 09:15:39
2177,51-HCM Binh Chanh/Binh Hung Hub,in-house,Full-Time,10103,ĐẶNG VĂN TUẤN,123,84,0.6829,39,0,2026-10-02 09:15:39
2177,51-HCM Binh Chanh/Binh Hung Hub,in-house,Full-Time,155814,NGUYỄN NHẬT MINH,33,19,0.5758,11,3,2026-10-02 09:15:39
2177,51-HCM Binh Chanh/Binh Hung Hub,in-house,Full-Time,99489,TRẦN MINH TUÂN,97,58,0.5979,39,0,2026-10-02 09:15:39
2177,51-HCM Binh Chanh/Binh Hung Hub,in-house,Full-Time,56449,NGUYỄN HỮU DANH,86,48,0.5581,38,0,2026-10-02 09:15:39
2177,51-HCM Binh Chanh/Binh Hung Hub,in-house,Full-Time,139209,TRẦN VĂN VŨ,84,39,0.4643,42,3,2026-10-02 09:15:39
2177,51-HCM Binh Chanh/Binh Hung Hub,in-house,Full-Time,103083,PHẠM VINH HOA,101,48,0.4752,53,0,2026-10-02 09:15:39
2177,51-HCM Binh Chanh/Binh Hung Hub,in-house,Full-Time,58356,NGUYỄN NGỌC TÂN,143,61,0.4266,82,0,2026-10-02 09:15:39
2177,51-HCM Binh Chanh/Binh Hung Hub,in-house,Full-Time,54212,LÊ MINH THANH,122,51,0.418,71,0,2026-10-02 09:15:39
2177,51-HCM Binh Chanh/Binh Hung Hub,in-house,Full-Time,44664,NGUYỄN HOÀNG TUẤN,119,43,0.3613,75,1,2026-10-02 09:15:39
2177,51-HCM Binh Chanh/Binh Hung Hub,in-house,Full-Time,2966,NGUYỄN DUY HƯNG,150,42,0.28,108,0,2026-10-02 09:15:39
2177,51-HCM Binh Chanh/Binh Hung Hub,in-house,Full-Time,141823,ĐẶNG ĐÌNH QUANG,112,31,0.2768,81,0,2026-10-02 09:15:39
2177,51-HCM Binh Chanh/Binh Hung Hub,in-house,Full-Time,5990,NGUYỄN THANH BÌNH,134,36,0.2687,98,0,2026-10-02 09:15:39
2177,51-HCM Binh Chanh/Binh Hung Hub,in-house,Full-Time,52472,NGUYỄN HOÀNG TRỊ,143,32,0.2238,108,3,2026-10-02 09:15:39
2177,51-HCM Binh Chanh/Binh Hung Hub,in-house,Full-Time,47672,VÕ NGỌC GIÀU,133,27,0.203,105,1,2026-10-02 09:15:39
2177,51-HCM Binh Chanh/Binh Hung Hub,in-house,Full-Time,31613,NGUYỄN THANH PHÚ,87,17,0.1954,70,0,2026-10-02 09:15:39
2177,51-HCM Binh Chanh/Binh Hung Hub,in-house,Full-Time,71102,VÒNG A MUỘI,157,24,0.1529,133,0,2026-10-02 09:15:39
2177,51-HCM Binh Chanh/Binh Hung Hub,in-house,Full-Time,88500,VÕ NHỰT MINH,82,11,0.1341,71,0,2026-10-02 09:15:39
2177,51-HCM Binh Chanh/Binh Hung Hub,in-house,Full-Time,25390,TRẦN QUANG MINH,114,14,0.1228,100,0,2026-10-02 09:15:39
2177,51-HCM Binh Chanh/Binh Hung Hub,in-house,Full-Time,24110,HUỲNH TẤN TÀI,161,14,0.087,143,4,2026-10-02 09:15:39
2177,51-HCM Binh Chanh/Binh Hung Hub,in-house,Full-Time,148900,BÙI TRÍ DŨ,89,7,0.0787,80,2,2026-10-02 09:15:39
2177,51-HCM Binh Chanh/Binh Hung Hub,in-house,Full-Time,140078,TRẦN HUY THÀNH,127,11,0.0866,115,1,2026-10-02 09:15:39
2177,51-HCM Binh Chanh/Binh Hung Hub,in-house,Full-Time,88083,NGUYỄN KHÁNH DUY,139,1,0.0072,129,9,2026-10-02 09:15:39
2177,51-HCM Binh Chanh/Binh Hung Hub,in-house,Full-Time,58654,TRẦN THÁI VINH,170,12,0.0706,158,0,2026-10-02 09:15:39
2177,51-HCM Binh Chanh/Binh Hung Hub,in-house,Full-Time,139210,VÕ PHƯỚC LỘC,91,6,0.0659,85,0,2026-10-02 09:15:39
2177,51-HCM Binh Chanh/Binh Hung Hub,in-house,Full-Time,44141,CAO VĂN VŨ,165,10,0.0606,155,0,2026-10-02 09:15:39
2177,51-HCM Binh Chanh/Binh Hung Hub,in-house,Full-Time,30804,TRẦN QUỐC ANH,114,4,0.0351,108,2,2026-10-02 09:15:39
2177,51-HCM Binh Chanh/Binh Hung Hub,in-house,Full-Time,125558,NGUYỄN VINH QUANG,142,2,0.0141,135,5,2026-10-02 09:15:39
2177,51-HCM Binh Chanh/Binh Hung Hub,in-house,Full-Time,75342,ĐỖ HỮU ĐỨC,124,5,0.0403,118,1,2026-10-02 09:15:39
2177,51-HCM Binh Chanh/Binh Hung Hub,in-house,Full-Time,153811,TRẦN VIỆT DŨNG,94,1,0.0106,92,1,2026-10-02 09:15:39
2177,51-HCM Binh Chanh/Binh Hung Hub,in-house,Full-Time,88397,LÊ QUÝ HẢO,98,2,0.0204,96,0,2026-10-02 09:15:39
2177,51-HCM Binh Chanh/Binh Hung Hub,in-house,Full-Time,88551,VÕ SA LIÊM,67,0,0,66,1,2026-10-02 09:15:39
2177,51-HCM Binh Chanh/Binh Hung Hub,in-house,Full-Time,109178,TRẦN NHẤT PHONG,144,0,0,142,2,2026-10-02 09:15:39
2177,51-HCM Binh Chanh/Binh Hung Hub,in-house,Full-Time,125892,TRẦN MINH AN,89,0,0,88,1,2026-10-02 09:15:39
2177,51-HCM Binh Chanh/Binh Hung Hub,in-house,Full-Time,136984,LÝ HOÀNG NHỰT,110,1,0.0091,109,0,2026-10-02 09:15:39
2177,51-HCM Binh Chanh/Binh Hung Hub,in-house,Full-Time,136991,NGUYỄN NHỰT NAM,110,0,0,109,1,2026-10-02 09:15:39
2177,51-HCM Binh Chanh/Binh Hung Hub,in-house,Full-Time,43294,TRẦN NGỌC ĐÔNG,119,0,0,118,1,2026-10-02 09:15:39
2177,51-HCM Binh Chanh/Binh Hung Hub,in-house,Full-Time,146140,PHẠM HỮU HUY,135,0,0,134,1,2026-10-02 09:15:39
2177,51-HCM Binh Chanh/Binh Hung Hub,in-house,Full-Time,44979,LƯƠNG KỲ LONG,152,0,0,151,1,2026-10-02 09:15:39
2177,51-HCM Binh Chanh/Binh Hung Hub,in-house,Full-Time,6717,TRẦN HIỆN TÂN,32,0,0,32,0,2026-10-02 09:15:39
2177,51-HCM Binh Chanh/Binh Hung Hub,in-house,Full-Time,6933,LÊ TRUNG HIẾU,105,0,0,105,0,2026-10-02 09:15:39
2177,51-HCM Binh Chanh/Binh Hung Hub,in-house,Full-Time,12094,VÕ VĂN THÀNH,100,0,0,100,0,2026-10-02 09:15:39
2177,51-HCM Binh Chanh/Binh Hung Hub,in-house,Full-Time,13067,LÊ XUÂN DỰ,173,0,0,173,0,2026-10-02 09:15:39
2177,51-HCM Binh Chanh/Binh Hung Hub,in-house,Full-Time,13562,NGUYỄN THẾ HẢI,133,0,0,133,0,2026-10-02 09:15:39
2177,51-HCM Binh Chanh/Binh Hung Hub,in-house,Full-Time,14544,TRẦN ANH DUY,106,0,0,106,0,2026-10-02 09:15:39
2177,51-HCM Binh Chanh/Binh Hung Hub,in-house,Full-Time,24989,NGUYỄN BẢO TUẤN,89,0,0,89,0,2026-10-02 09:15:39
2177,51-HCM Binh Chanh/Binh Hung Hub,in-house,Full-Time,46525,NGUYỄN LƯU HOÀNG ĐỨC,131,0,0,131,0,2026-10-02 09:15:39
2177,51-HCM Binh Chanh/Binh Hung Hub,in-house,Full-Time,47609,TĂNG THÀNH VINH,105,0,0,105,0,2026-10-02 09:15:39
2177,51-HCM Binh Chanh/Binh Hung Hub,in-house,Full-Time,52461,LƯU THANH TOÀN,97,0,0,97,0,2026-10-02 09:15:39
2177,51-HCM Binh Chanh/Binh Hung Hub,in-house,Full-Time,88502,LƯU NHẬT DUY,103,0,0,103,0,2026-10-02 09:15:39
2177,51-HCM Binh Chanh/Binh Hung Hub,in-house,Full-Time,114694,HUỲNH THANH TUẤN,119,0,0,119,0,2026-10-02 09:15:39
2177,51-HCM Binh Chanh/Binh Hung Hub,in-house,Full-Time,130531,NGUYỄN TẤN KHANG,146,0,0,146,0,2026-10-02 09:15:39
2177,51-HCM Binh Chanh/Binh Hung Hub,in-house,Full-Time,131045,ĐỖ NGỌC THANH,115,0,0,115,0,2026-10-02 09:15:39
2177,51-HCM Binh Chanh/Binh Hung Hub,in-house,Full-Time,133077,LÊ HỮU VINH,109,0,0,109,0,2026-10-02 09:15:39
2177,51-HCM Binh Chanh/Binh Hung Hub,in-house,Full-Time,136664,ĐỖ VIỆT THẮNG,96,0,0,96,0,2026-10-02 09:15:39
2177,51-HCM Binh Chanh/Binh Hung Hub,in-house,Full-Time,156840,BÙI HOÀNG NAM,139,0,0,139,0,2026-10-02 09:15:39
2177,51-HCM Binh Chanh/Binh Hung Hub,in-house,Full-Time,159057,PHẠM NGỌC LỢI,91,0,0,91,0,2026-10-02 09:15:39
2177,51-HCM Binh Chanh/Binh Hung Hub,in-house,Full-Time,161592,NGUYỄN HUỲNH CÔNG HẬU,110,0,0,110,0,2026-10-02 09:15:39
4719,51-HCM Binh Chanh/Tan Quy Tay Hub,in-house,Full-Time,154712,TRƯƠNG TẤN ĐỨC,48,20,0.4167,22,6,2026-10-02 09:15:39
4719,51-HCM Binh Chanh/Tan Quy Tay Hub,in-house,Full-Time,119192,BÙI TẤN PHONG,88,32,0.3636,52,4,2026-10-02 09:15:39
4719,51-HCM Binh Chanh/Tan Quy Tay Hub,in-house,Full-Time,137647,TRẦN TẤN KIỆT,72,29,0.4028,43,0,2026-10-02 09:15:39
4719,51-HCM Binh Chanh/Tan Quy Tay Hub,in-house,Full-Time,162621,ĐẶNG THÀNH MINH CHÂU,53,21,0.3962,32,0,2026-10-02 09:15:39
4719,51-HCM Binh Chanh/Tan Quy Tay Hub,in-house,Full-Time,22872,HOÀNG HÀO QUANG,89,33,0.3708,55,1,2026-10-02 09:15:39
4719,51-HCM Binh Chanh/Tan Quy Tay Hub,in-house,Full-Time,9133,LÊ VŨ CA,169,60,0.355,109,0,2026-10-02 09:15:39
4719,51-HCM Binh Chanh/Tan Quy Tay Hub,in-house,Full-Time,149449,TRẦN NGỌC TIÊN,72,18,0.25,52,2,2026-10-02 09:15:39
4719,51-HCM Binh Chanh/Tan Quy Tay Hub,in-house,Full-Time,119194,TRẦN MINH TRUNG,119,33,0.2773,86,0,2026-10-02 09:15:39
4719,51-HCM Binh Chanh/Tan Quy Tay Hub,in-house,Full-Time,19950,ĐIỂU HOÀNG PHÚC,120,27,0.225,93,0,2026-10-02 09:15:39
4719,51-HCM Binh Chanh/Tan Quy Tay Hub,in-house,Full-Time,22563,LÊ NHỰT MINH,120,20,0.1667,97,3,2026-10-02 09:15:39
4719,51-HCM Binh Chanh/Tan Quy Tay Hub,in-house,Full-Time,146905,NGUYỄN CÔNG DANH,81,14,0.1728,67,0,2026-10-02 09:15:39
4719,51-HCM Binh Chanh/Tan Quy Tay Hub,in-house,Full-Time,92935,ĐẶNG HOÀNG TUẤN,119,18,0.1513,99,2,2026-10-02 09:15:39
4719,51-HCM Binh Chanh/Tan Quy Tay Hub,in-house,Full-Time,102395,TRẦN TRANG ANH TUẤN,145,23,0.1586,122,0,2026-10-02 09:15:39
4719,51-HCM Binh Chanh/Tan Quy Tay Hub,in-house,Full-Time,116400,NGUYỄN VĂN NÚP,132,14,0.1061,116,2,2026-10-02 09:15:39
4719,51-HCM Binh Chanh/Tan Quy Tay Hub,in-house,Full-Time,44827,NGUYỄN TUẤN VŨ,111,9,0.0811,100,2,2026-10-02 09:15:39
4719,51-HCM Binh Chanh/Tan Quy Tay Hub,in-house,Full-Time,51572,LẠI PHƯỚC LỘC,105,0,0,96,9,2026-10-02 09:15:39
4719,51-HCM Binh Chanh/Tan Quy Tay Hub,in-house,Full-Time,29893,DIỆP BẢO HÒA,143,12,0.0839,131,0,2026-10-02 09:15:39
4719,51-HCM Binh Chanh/Tan Quy Tay Hub,in-house,Full-Time,95566,BÙI TRÍ LUÂN,95,5,0.0526,90,0,2026-10-02 09:15:39
4719,51-HCM Binh Chanh/Tan Quy Tay Hub,in-house,Full-Time,91634,HUỲNH HỮU ĐỨC,113,0,0,108,5,2026-10-02 09:15:39
4719,51-HCM Binh Chanh/Tan Quy Tay Hub,in-house,Full-Time,130529,NGUYỄN ANH HÀO,134,5,0.0373,129,0,2026-10-02 09:15:39
4719,51-HCM Binh Chanh/Tan Quy Tay Hub,in-house,Full-Time,108243,NGUYỄN TRẦN THANH PHÚC,158,3,0.019,153,2,2026-10-02 09:15:39
4719,51-HCM Binh Chanh/Tan Quy Tay Hub,in-house,Full-Time,162513,NGUYỄN THANH SANG,66,2,0.0303,64,0,2026-10-02 09:15:39
4719,51-HCM Binh Chanh/Tan Quy Tay Hub,in-house,Full-Time,49840,BÙI HỒNG LÂM,99,1,0.0101,97,1,2026-10-02 09:15:39
4719,51-HCM Binh Chanh/Tan Quy Tay Hub,in-house,Full-Time,155595,TRẦN THANH VINH,102,0,0,100,2,2026-10-02 09:15:39
4719,51-HCM Binh Chanh/Tan Quy Tay Hub,in-house,Full-Time,139205,NGUYỄN TRUNG HIẾU,124,1,0.0081,123,0,2026-10-02 09:15:39
4719,51-HCM Binh Chanh/Tan Quy Tay Hub,in-house,Full-Time,145291,LÊ NGỌC HIỀN,195,1,0.0051,194,0,2026-10-02 09:15:39
4719,51-HCM Binh Chanh/Tan Quy Tay Hub,in-house,Full-Time,16689,VÕ MINH QUÂN,136,0,0,136,0,2026-10-02 09:15:39
4719,51-HCM Binh Chanh/Tan Quy Tay Hub,in-house,Full-Time,22151,DƯƠNG TRUNG KIÊN,83,0,0,83,0,2026-10-02 09:15:39
4719,51-HCM Binh Chanh/Tan Quy Tay Hub,in-house,Full-Time,48370,TRỊNH GIA OAI,101,0,0,101,0,2026-10-02 09:15:39
4719,51-HCM Binh Chanh/Tan Quy Tay Hub,in-house,Full-Time,87490,NGUYỄN NHỰT TRƯỜNG,119,0,0,119,0,2026-10-02 09:15:39
4719,51-HCM Binh Chanh/Tan Quy Tay Hub,in-house,Full-Time,123081,LÊ HOÀNG PHÚC,92,0,0,92,0,2026-10-02 09:15:39
4719,51-HCM Binh Chanh/Tan Quy Tay Hub,in-house,Full-Time,156841,ĐẶNG HOÀNG KHẢI,67,0,0,67,0,2026-10-02 09:15:39
4628,51-HCM Binh Chanh/Tan Vinh Loc Hub,in-house,Full-Time,119510,NGUYỄN NGỌC TRIỆU,131,40,0.3053,87,4,2026-10-02 09:15:39
4628,51-HCM Binh Chanh/Tan Vinh Loc Hub,in-house,Full-Time,131644,NGUYỄN VĂN TIẾN,116,16,0.1379,99,1,2026-10-02 09:15:39
4628,51-HCM Binh Chanh/Tan Vinh Loc Hub,in-house,Full-Time,19752,TRẦN QUỐC TỊCH,170,0,0,158,12,2026-10-02 09:15:39
4628,51-HCM Binh Chanh/Tan Vinh Loc Hub,in-house,Full-Time,141957,CHUNG TRẦN HỮU LỘC,125,4,0.032,119,2,2026-10-02 09:15:39
4628,51-HCM Binh Chanh/Tan Vinh Loc Hub,in-house,Full-Time,139215,NGUYỄN MINH DŨNG,118,1,0.0085,113,4,2026-10-02 09:15:39
4628,51-HCM Binh Chanh/Tan Vinh Loc Hub,in-house,Full-Time,56453,HUỲNH CƠ,206,0,0,199,7,2026-10-02 09:15:39
4628,51-HCM Binh Chanh/Tan Vinh Loc Hub,in-house,Full-Time,25420,TRƯƠNG VĂN HẬU,141,2,0.0142,138,1,2026-10-02 09:15:39
4628,51-HCM Binh Chanh/Tan Vinh Loc Hub,in-house,Full-Time,138629,BÙI VĂN PHÚC,102,0,0,100,2,2026-10-02 09:15:39
4628,51-HCM Binh Chanh/Tan Vinh Loc Hub,in-house,Full-Time,98038,NGUYỄN ĐÌNH ANH QUÂN,166,0,0,163,3,2026-10-02 09:15:39
4628,51-HCM Binh Chanh/Tan Vinh Loc Hub,in-house,Full-Time,118315,VÕ MINH THƯỞNG,145,0,0,143,2,2026-10-02 09:15:39
4628,51-HCM Binh Chanh/Tan Vinh Loc Hub,in-house,Full-Time,137681,PHAN BẢO ĐẠT,145,1,0.0069,143,1,2026-10-02 09:15:39
4628,51-HCM Binh Chanh/Tan Vinh Loc Hub,in-house,Full-Time,142532,TRẦN QUỐC CƯỜNG,146,1,0.0068,144,1,2026-10-02 09:15:39
4628,51-HCM Binh Chanh/Tan Vinh Loc Hub,in-house,Full-Time,8855,ĐẶNG BẢO LONG,158,1,0.0063,156,1,2026-10-02 09:15:39
4628,51-HCM Binh Chanh/Tan Vinh Loc Hub,in-house,Full-Time,143476,ĐÀM TẤN LỢI,91,0,0,90,1,2026-10-02 09:15:39
4628,51-HCM Binh Chanh/Tan Vinh Loc Hub,in-house,Full-Time,66110,LÂM BÌNH HIẾU,135,0,0,134,1,2026-10-02 09:15:39
4628,51-HCM Binh Chanh/Tan Vinh Loc Hub,in-house,Full-Time,25353,HỒ THỊ BÍCH HỢP,182,0,0,181,1,2026-10-02 09:15:39
4628,51-HCM Binh Chanh/Tan Vinh Loc Hub,in-house,Full-Time,33031,NỊNH VĂN LÀM,145,0,0,145,0,2026-10-02 09:15:39
4628,51-HCM Binh Chanh/Tan Vinh Loc Hub,in-house,Full-Time,153998,ĐẶNG VÕ THÀNH NHÂN,134,0,0,134,0,2026-10-02 09:15:39
4628,51-HCM Binh Chanh/Tan Vinh Loc Hub,in-house,Full-Time,161179,TRẦN QUỐC KHÁNH,73,0,0,73,0,2026-10-02 09:15:39
4628,51-HCM Binh Chanh/Tan Vinh Loc Hub,in-house,Full-Time,61653,TRẦN THÀNH THÁI,0,0,0,0,0,2026-10-02 09:15:39
4628,51-HCM Binh Chanh/Tan Vinh Loc Hub,in-house,Full-Time,66108,LƯU THANH VŨ,0,0,0,0,0,2026-10-02 09:15:39
2440,51-HCM Binh Chanh/Tran Van Giau Hub,in-house,Full-Time,82093,DƯƠNG THỊ THANH TUYỀN,132,79,0.798,17,3,2026-10-02 09:15:39
2440,51-HCM Binh Chanh/Tran Van Giau Hub,in-house,Full-Time,150683,MAI BẢO NGỌC,83,10,0.1205,72,1,2026-10-02 09:15:39
2440,51-HCM Binh Chanh/Tran Van Giau Hub,in-house,Full-Time,33120,NGUYỄN VĂN TẠM,189,10,0.0529,170,9,2026-10-02 09:15:39
2440,51-HCM Binh Chanh/Tran Van Giau Hub,in-house,Full-Time,78708,ĐỖ HOÀNG NHÂN,124,11,0.0887,113,0,2026-10-02 09:15:39
2440,51-HCM Binh Chanh/Tran Van Giau Hub,in-house,Full-Time,79757,PHAN TRƯỜNG AN,191,16,0.0838,175,0,2026-10-02 09:15:39
2440,51-HCM Binh Chanh/Tran Van Giau Hub,in-house,Full-Time,7577,LÝ MINH TOÀN,181,7,0.0387,174,0,2026-10-02 09:15:39
2440,51-HCM Binh Chanh/Tran Van Giau Hub,in-house,Full-Time,117097,TRẦN NGUYÊN HUÂN,172,0,0,168,4,2026-10-02 09:15:39
2440,51-HCM Binh Chanh/Tran Van Giau Hub,in-house,Full-Time,152052,TRƯƠNG VĂN TOÀN,119,1,0.0084,117,1,2026-10-02 09:15:39
2440,51-HCM Binh Chanh/Tran Van Giau Hub,in-house,Full-Time,152048,TRẦN HOÀNG SƠN,100,1,0.01,99,0,2026-10-02 09:15:39
2440,51-HCM Binh Chanh/Tran Van Giau Hub,in-house,Full-Time,90050,NGUYỄN TRUNG TÍN,134,0,0,134,0,2026-10-02 09:15:39
2440,51-HCM Binh Chanh/Tran Van Giau Hub,in-house,Full-Time,143246,TRẦN LONG NHẬT,124,0,0,124,0,2026-10-02 09:15:39
2011,51-HCM Binh Chanh/Vinh Loc A Hub,in-house,Full-Time,63776,PHẠM HOÀNG ANH VŨ,97,45,0.4639,52,0,2026-10-02 09:15:40
2011,51-HCM Binh Chanh/Vinh Loc A Hub,in-house,Full-Time,155313,VÕ VĂN QUỐC,102,28,0.2745,72,2,2026-10-02 09:15:40
2011,51-HCM Binh Chanh/Vinh Loc A Hub,in-house,Full-Time,155161,HÀ KHÁNH PHƯỚC,110,6,0.0545,101,3,2026-10-02 09:15:40
2011,51-HCM Binh Chanh/Vinh Loc A Hub,in-house,Full-Time,30294,NGUYỄN TRUNG LUÂN,123,0,0,117,6,2026-10-02 09:15:40
2011,51-HCM Binh Chanh/Vinh Loc A Hub,in-house,Full-Time,36501,NGUYỄN VĂN CƯỜNG,405,15,0.037,389,1,2026-10-02 09:15:40
2011,51-HCM Binh Chanh/Vinh Loc A Hub,in-house,Full-Time,150810,VŨ BẢO KHÁNH,116,0,0,111,4,2026-10-02 09:15:40
2011,51-HCM Binh Chanh/Vinh Loc A Hub,in-house,Full-Time,158680,HÀ HẢI LÂM,102,0,0,100,2,2026-10-02 09:15:40
2011,51-HCM Binh Chanh/Vinh Loc A Hub,in-house,Full-Time,151356,HUỲNH CÔNG HIẾU,64,0,0,63,1,2026-10-02 09:15:40
2011,51-HCM Binh Chanh/Vinh Loc A Hub,in-house,Full-Time,98897,LÊ CÔNG LƯỢNG,65,0,0,64,1,2026-10-02 09:15:40
2011,51-HCM Binh Chanh/Vinh Loc A Hub,in-house,Full-Time,11877,LÂM ĐỨC THẮNG,135,0,0,133,2,2026-10-02 09:15:40
2011,51-HCM Binh Chanh/Vinh Loc A Hub,in-house,Full-Time,142540,NGUYỄN VĂN QUANG,166,0,0,164,2,2026-10-02 09:15:40
2011,51-HCM Binh Chanh/Vinh Loc A Hub,in-house,Full-Time,152863,LÊ NGỌC PHƯỚC SANG,265,0,0,88,1,2026-10-02 09:15:40
2011,51-HCM Binh Chanh/Vinh Loc A Hub,in-house,Full-Time,140301,NGUYỄN TRUNG KHÉO,151,0,0,150,1,2026-10-02 09:15:40
2011,51-HCM Binh Chanh/Vinh Loc A Hub,in-house,Full-Time,148496,LÊ HỮU TRUNG KIÊN,155,1,0.0065,154,0,2026-10-02 09:15:40
2011,51-HCM Binh Chanh/Vinh Loc A Hub,in-house,Full-Time,125217,PHẠM VÕ QUỐC ANH,176,1,0.0057,175,0,2026-10-02 09:15:40
2011,51-HCM Binh Chanh/Vinh Loc A Hub,in-house,Full-Time,12761,LÊ HỒNG NHÂN,76,0,0,76,0,2026-10-02 09:15:40
2011,51-HCM Binh Chanh/Vinh Loc A Hub,in-house,Full-Time,141815,HỒ TRUNG THÀNH,273,0,0,273,0,2026-10-02 09:15:40
2011,51-HCM Binh Chanh/Vinh Loc A Hub,in-house,Full-Time,149955,NGUYỄN THỊ HỒNG LOAN,99,0,0,99,0,2026-10-02 09:15:40
2011,51-HCM Binh Chanh/Vinh Loc A Hub,in-house,Full-Time,152860,PHAN TẤN ĐẠT,138,0,0,138,0,2026-10-02 09:15:40
2011,51-HCM Binh Chanh/Vinh Loc A Hub,in-house,Full-Time,163288,NGUYỄN MINH HIỀN,69,0,0,69,0,2026-10-02 09:15:40
1877,51-HCM Binh Tan/Binh Hung Hoa B Hub,in-house,Full-Time,90343,LÝ QUỐC TRUNG,157,51,0.3248,106,0,2026-10-02 09:15:40
1877,51-HCM Binh Tan/Binh Hung Hoa B Hub,in-house,Full-Time,102200,TRẦN QUANG VINH,144,36,0.25,108,0,2026-10-02 09:15:40
1877,51-HCM Binh Tan/Binh Hung Hoa B Hub,in-house,Full-Time,82091,TRẦN TRỌNG NGHĨA,112,26,0.2321,85,1,2026-10-02 09:15:40
1877,51-HCM Binh Tan/Binh Hung Hoa B Hub,in-house,Full-Time,10117,TRẦN TUẤN HIẾU,208,38,0.1827,169,1,2026-10-02 09:15:40
1877,51-HCM Binh Tan/Binh Hung Hoa B Hub,in-house,Full-Time,101590,LƯƠNG CHÍ ĐÔNG,162,25,0.1543,137,0,2026-10-02 09:15:40
1877,51-HCM Binh Tan/Binh Hung Hoa B Hub,in-house,Full-Time,8853,MAI THÀNH TÂM,173,22,0.1272,150,1,2026-10-02 09:15:40
1877,51-HCM Binh Tan/Binh Hung Hoa B Hub,in-house,Full-Time,37173,TRẦN QUỐC HƯNG,221,17,0.0769,203,1,2026-10-02 09:15:40
1877,51-HCM Binh Tan/Binh Hung Hoa B Hub,in-house,Full-Time,153021,PHẠM LÊ QUỐC MINH,162,11,0.0679,151,0,2026-10-02 09:15:40
1877,51-HCM Binh Tan/Binh Hung Hoa B Hub,in-house,Full-Time,127629,LÝ HẰNG DINH,141,9,0.0638,132,0,2026-10-02 09:15:40
1877,51-HCM Binh Tan/Binh Hung Hoa B Hub,in-house,Full-Time,123389,TRẦN GIA HUY,139,8,0.0576,131,0,2026-10-02 09:15:40
1877,51-HCM Binh Tan/Binh Hung Hoa B Hub,in-house,Full-Time,101299,NGUYỄN TRUNG PHƯƠNG,167,0,0,162,5,2026-10-02 09:15:40
1877,51-HCM Binh Tan/Binh Hung Hoa B Hub,in-house,Full-Time,117303,NGÔ ĐẠI DUY,219,0,0,213,6,2026-10-02 09:15:40
1877,51-HCM Binh Tan/Binh Hung Hoa B Hub,in-house,Full-Time,92926,TẠ HOÀNG KIM,236,0,0,232,4,2026-10-02 09:15:40
1877,51-HCM Binh Tan/Binh Hung Hoa B Hub,in-house,Full-Time,100931,NGUYỄN HOÀNG SANG,124,1,0.0081,122,1,2026-10-02 09:15:40
1877,51-HCM Binh Tan/Binh Hung Hoa B Hub,in-house,Full-Time,111168,HỒ BẢO TÂM,134,0,0,132,2,2026-10-02 09:15:40
1877,51-HCM Binh Tan/Binh Hung Hoa B Hub,in-house,Full-Time,72973,NGUYỄN KHOA TRẠNG,159,2,0.0126,157,0,2026-10-02 09:15:40
1877,51-HCM Binh Tan/Binh Hung Hoa B Hub,in-house,Full-Time,101586,NGUYỄN MINH KHANG,159,1,0.0063,157,1,2026-10-02 09:15:40
1877,51-HCM Binh Tan/Binh Hung Hoa B Hub,in-house,Full-Time,136978,NGUYỄN HOÀNG LONG,86,1,0.0116,85,0,2026-10-02 09:15:40
1877,51-HCM Binh Tan/Binh Hung Hoa B Hub,in-house,Full-Time,38405,DANH THẾ QUANG,190,0,0,188,2,2026-10-02 09:15:40
1877,51-HCM Binh Tan/Binh Hung Hoa B Hub,in-house,Full-Time,126920,PHÙNG THANH ĐỨC,196,0,0,194,2,2026-10-02 09:15:40
1877,51-HCM Binh Tan/Binh Hung Hoa B Hub,in-house,Full-Time,142817,TRẦN ĐÌNH TÙNG,152,0,0,151,1,2026-10-02 09:15:40
1877,51-HCM Binh Tan/Binh Hung Hoa B Hub,in-house,Full-Time,10736,LÊ HOÀNG TÚ,160,0,0,160,0,2026-10-02 09:15:40
1877,51-HCM Binh Tan/Binh Hung Hoa B Hub,in-house,Full-Time,26905,VĂN THIỆU VINH,170,0,0,170,0,2026-10-02 09:15:40
1877,51-HCM Binh Tan/Binh Hung Hoa B Hub,in-house,Full-Time,34378,LÊ VĂN BẠO,191,0,0,191,0,2026-10-02 09:15:40
1877,51-HCM Binh Tan/Binh Hung Hoa B Hub,in-house,Full-Time,88761,NGUYỄN TRỌNG HIẾU,186,0,0,186,0,2026-10-02 09:15:40
1877,51-HCM Binh Tan/Binh Hung Hoa B Hub,in-house,Full-Time,127920,GIÁP QUANG LINH,162,0,0,162,0,2026-10-02 09:15:40
1877,51-HCM Binh Tan/Binh Hung Hoa B Hub,in-house,Full-Time,155593,HỒ THANH TUẤN,182,0,0,182,0,2026-10-02 09:15:40
1877,51-HCM Binh Tan/Binh Hung Hoa B Hub,in-house,Full-Time,159050,DƯƠNG THÀNH NAM,167,0,0,167,0,2026-10-02 09:15:40
1877,51-HCM Binh Tan/Binh Hung Hoa B Hub,in-house,Full-Time,160009,NGÔ HOÀNG KHA,134,0,0,134,0,2026-10-02 09:15:40
1877,51-HCM Binh Tan/Binh Hung Hoa B Hub,in-house,Full-Time,162284,LÊ TUẤN KIỆT,125,0,0,125,0,2026-10-02 09:15:40
1877,51-HCM Binh Tan/Binh Hung Hoa B Hub,in-house,Full-Time,163290,NGUYỄN VĂN GIA KHÁNH,67,0,0,67,0,2026-10-02 09:15:40
1877,51-HCM Binh Tan/Binh Hung Hoa B Hub,in-house,Full-Time,87036,NGUYỄN HOÀNG PHI ÂN,0,0,0,0,0,2026-10-02 09:15:40
2053,51-HCM Binh Tan/Binh Tri Dong A Hub,in-house,Full-Time,44736,NGUYỄN HOÀNG MINH,197,31,0.1574,165,1,2026-10-02 09:15:40
2053,51-HCM Binh Tan/Binh Tri Dong A Hub,in-house,Full-Time,80679,LƯƠNG QUANG TIẾN,134,21,0.1567,113,0,2026-10-02 09:15:40
2053,51-HCM Binh Tan/Binh Tri Dong A Hub,in-house,Full-Time,11230,NGUYỄN ANH KHOA,248,32,0.129,216,0,2026-10-02 09:15:40
2053,51-HCM Binh Tan/Binh Tri Dong A Hub,in-house,Full-Time,122899,LIÊN HOÀNG PHÚ,160,19,0.1188,140,1,2026-10-02 09:15:40
2053,51-HCM Binh Tan/Binh Tri Dong A Hub,in-house,Full-Time,139024,THẠCH QUỐC BẢO,123,15,0.122,108,0,2026-10-02 09:15:40
2053,51-HCM Binh Tan/Binh Tri Dong A Hub,in-house,Full-Time,120885,CHÂU VÂN HẢI,158,14,0.0886,143,1,2026-10-02 09:15:40
2053,51-HCM Binh Tan/Binh Tri Dong A Hub,in-house,Full-Time,32028,NÌM CHÁNH QUYỀN,169,16,0.0947,153,0,2026-10-02 09:15:40
2053,51-HCM Binh Tan/Binh Tri Dong A Hub,in-house,Full-Time,106902,ĐOÀN XUÂN KHÁNH,160,11,0.0688,149,0,2026-10-02 09:15:40
2053,51-HCM Binh Tan/Binh Tri Dong A Hub,in-house,Full-Time,9980,ĐOÀN CÔNG TƯỜNG,201,11,0.0547,189,1,2026-10-02 09:15:40
2053,51-HCM Binh Tan/Binh Tri Dong A Hub,in-house,Full-Time,83918,NGUYỄN CHÍ TÂM,164,9,0.0549,155,0,2026-10-02 09:15:40
2053,51-HCM Binh Tan/Binh Tri Dong A Hub,in-house,Full-Time,157000,HỒ VĂN MẾN,159,8,0.0503,151,0,2026-10-02 09:15:40
2053,51-HCM Binh Tan/Binh Tri Dong A Hub,in-house,Full-Time,68975,TRANG TÍCH ĐỨC,140,5,0.0357,134,1,2026-10-02 09:15:40
2053,51-HCM Binh Tan/Binh Tri Dong A Hub,in-house,Full-Time,81869,NGUYỄN MINH HOÀNG,142,6,0.0423,136,0,2026-10-02 09:15:40
2053,51-HCM Binh Tan/Binh Tri Dong A Hub,in-house,Full-Time,19916,TRẦN VĂN HOÀNG,197,8,0.0406,189,0,2026-10-02 09:15:40
2053,51-HCM Binh Tan/Binh Tri Dong A Hub,in-house,Full-Time,110273,NGUYỄN TRUNG HIẾU,83,0,0,82,1,2026-10-02 09:15:40
2053,51-HCM Binh Tan/Binh Tri Dong A Hub,in-house,Full-Time,50149,PHAN TUẤN KIỆT,173,0,0,171,2,2026-10-02 09:15:40
2053,51-HCM Binh Tan/Binh Tri Dong A Hub,in-house,Full-Time,79869,PHAN VINH HOÀ,180,1,0.0056,178,1,2026-10-02 09:15:40
2053,51-HCM Binh Tan/Binh Tri Dong A Hub,in-house,Full-Time,155444,HÀ MY NÊ,112,0,0,111,1,2026-10-02 09:15:40
2053,51-HCM Binh Tan/Binh Tri Dong A Hub,in-house,Full-Time,9978,NGUYỄN VĂN DŨNG,195,0,0,195,0,2026-10-02 09:15:40
2053,51-HCM Binh Tan/Binh Tri Dong A Hub,in-house,Full-Time,13488,NÌM CHÁNH TÚ,163,0,0,163,0,2026-10-02 09:15:40
2053,51-HCM Binh Tan/Binh Tri Dong A Hub,in-house,Full-Time,46103,PHAN VĂN TUẤN,162,0,0,162,0,2026-10-02 09:15:40
2053,51-HCM Binh Tan/Binh Tri Dong A Hub,in-house,Full-Time,73518,NGUYỄN HOÀNG TUẤN,196,0,0,196,0,2026-10-02 09:15:40
2053,51-HCM Binh Tan/Binh Tri Dong A Hub,in-house,Full-Time,76966,LÂM CHÁNH HUY,206,0,0,206,0,2026-10-02 09:15:40
2053,51-HCM Binh Tan/Binh Tri Dong A Hub,in-house,Full-Time,89236,PHẠM NGUYỄN NGỌC HÙNG,90,0,0,90,0,2026-10-02 09:15:40
2053,51-HCM Binh Tan/Binh Tri Dong A Hub,in-house,Full-Time,97118,PHAN CÔNG TIẾN,133,0,0,133,0,2026-10-02 09:15:40
2053,51-HCM Binh Tan/Binh Tri Dong A Hub,in-house,Full-Time,120243,TRẦN MINH TUẤN,181,0,0,181,0,2026-10-02 09:15:40
2053,51-HCM Binh Tan/Binh Tri Dong A Hub,in-house,Full-Time,120393,NGUYỄN TRUNG VĨNH,112,0,0,112,0,2026-10-02 09:15:40
2053,51-HCM Binh Tan/Binh Tri Dong A Hub,in-house,Full-Time,139208,LÊ TẤN TÀI,75,0,0,75,0,2026-10-02 09:15:40
2053,51-HCM Binh Tan/Binh Tri Dong A Hub,in-house,Full-Time,161324,ÔN GIA HUY,163,0,0,163,0,2026-10-02 09:15:40
2053,51-HCM Binh Tan/Binh Tri Dong A Hub,in-house,Full-Time,162926,LÊ ĐỖ TÀI,115,0,0,115,0,2026-10-02 09:15:40
5036,51-HCM Binh Tan/Binh Tri Dong B Hub,in-house,Full-Time,101579,ĐỖ HOÀNG PHÚ,189,72,0.381,116,1,2026-10-02 09:15:40
5036,51-HCM Binh Tan/Binh Tri Dong B Hub,in-house,Full-Time,113887,HUỲNH CHÍ BẢO,196,72,0.3673,123,1,2026-10-02 09:15:40
5036,51-HCM Binh Tan/Binh Tri Dong B Hub,in-house,Full-Time,86639,LÊ HỮU TRÍ,166,61,0.3675,105,0,2026-10-02 09:15:40
5036,51-HCM Binh Tan/Binh Tri Dong B Hub,in-house,Full-Time,98123,ĐOÀN TIẾN THÀNH,103,36,0.3495,67,0,2026-10-02 09:15:40
5036,51-HCM Binh Tan/Binh Tri Dong B Hub,in-house,Full-Time,94299,LÝ TIẾN TÀI,198,56,0.2828,141,1,2026-10-02 09:15:40
5036,51-HCM Binh Tan/Binh Tri Dong B Hub,in-house,Full-Time,56584,PHẠM HÙNG VƯƠNG,177,47,0.2655,129,1,2026-10-02 09:15:40
5036,51-HCM Binh Tan/Binh Tri Dong B Hub,in-house,Full-Time,118834,NGUYỄN QUỐC THIỆN,151,39,0.2583,111,1,2026-10-02 09:15:40
5036,51-HCM Binh Tan/Binh Tri Dong B Hub,in-house,Full-Time,55863,TRƯƠNG TUYẾT MY,130,29,0.2231,100,1,2026-10-02 09:15:40
5036,51-HCM Binh Tan/Binh Tri Dong B Hub,in-house,Full-Time,25414,NGUYỄN THÀNH TỶ,165,31,0.1879,131,3,2026-10-02 09:15:40
5036,51-HCM Binh Tan/Binh Tri Dong B Hub,in-house,Full-Time,104856,DƯƠNG VĂN LỘC,198,40,0.202,158,0,2026-10-02 09:15:40
5036,51-HCM Binh Tan/Binh Tri Dong B Hub,in-house,Full-Time,13062,PHẠM MINH TUẤN,132,26,0.197,106,0,2026-10-02 09:15:40
5036,51-HCM Binh Tan/Binh Tri Dong B Hub,in-house,Full-Time,122088,LÊ TẤN TÀI,139,24,0.1727,112,3,2026-10-02 09:15:40
5036,51-HCM Binh Tan/Binh Tri Dong B Hub,in-house,Full-Time,110846,PHẠM NGỌC SƠN,171,31,0.1813,140,0,2026-10-02 09:15:40
5036,51-HCM Binh Tan/Binh Tri Dong B Hub,in-house,Full-Time,48305,HÀ THANH THÙY,156,25,0.1603,130,1,2026-10-02 09:15:40
5036,51-HCM Binh Tan/Binh Tri Dong B Hub,in-house,Full-Time,46528,TRƯƠNG TRUNG TRỰC,176,28,0.1591,147,1,2026-10-02 09:15:40
5036,51-HCM Binh Tan/Binh Tri Dong B Hub,in-house,Full-Time,64121,PHAN TẤN TÂY,159,24,0.1509,133,2,2026-10-02 09:15:40
5036,51-HCM Binh Tan/Binh Tri Dong B Hub,in-house,Full-Time,10658,UNG PHÁT CƯỜNG,178,25,0.1404,151,2,2026-10-02 09:15:40
5036,51-HCM Binh Tan/Binh Tri Dong B Hub,in-house,Full-Time,119902,TENG THIỆU QUÝ,193,29,0.1503,164,0,2026-10-02 09:15:40
5036,51-HCM Binh Tan/Binh Tri Dong B Hub,in-house,Full-Time,120244,MAI VĂN VIỆT,167,24,0.1437,143,0,2026-10-02 09:15:40
5036,51-HCM Binh Tan/Binh Tri Dong B Hub,in-house,Full-Time,44961,ĐƯỜNG KIÊN KIỆT,166,23,0.1386,143,0,2026-10-02 09:15:40
5036,51-HCM Binh Tan/Binh Tri Dong B Hub,in-house,Full-Time,89744,LÊ THỊ CẨM TIÊN,148,20,0.1351,128,0,2026-10-02 09:15:40
5036,51-HCM Binh Tan/Binh Tri Dong B Hub,in-house,Full-Time,118500,SU THẾ CƯỜNG,166,22,0.1325,144,0,2026-10-02 09:15:40
5036,51-HCM Binh Tan/Binh Tri Dong B Hub,in-house,Full-Time,887,TRẦN HỮU NGHĨA,281,36,0.1281,244,1,2026-10-02 09:15:40
5036,51-HCM Binh Tan/Binh Tri Dong B Hub,in-house,Full-Time,126781,LƯƠNG THÁI BẢO,196,24,0.1224,172,0,2026-10-02 09:15:40
5036,51-HCM Binh Tan/Binh Tri Dong B Hub,in-house,Full-Time,65958,CAO HOÀI NAM,141,16,0.1135,124,1,2026-10-02 09:15:40
5036,51-HCM Binh Tan/Binh Tri Dong B Hub,in-house,Full-Time,149958,PHẠM TRUNG NGHĨA,104,11,0.1058,92,1,2026-10-02 09:15:40
5036,51-HCM Binh Tan/Binh Tri Dong B Hub,in-house,Full-Time,158037,NGUYỄN TRƯỜNG SANH,177,19,0.1073,157,1,2026-10-02 09:15:40
5036,51-HCM Binh Tan/Binh Tri Dong B Hub,in-house,Full-Time,47673,TRẦN VĂN TRỌNG,164,18,0.1098,146,0,2026-10-02 09:15:40
5036,51-HCM Binh Tan/Binh Tri Dong B Hub,in-house,Full-Time,108474,LÊ TẤN PHONG,116,12,0.1034,104,0,2026-10-02 09:15:40
5036,51-HCM Binh Tan/Binh Tri Dong B Hub,in-house,Full-Time,53556,LÝ HẢI ĐƯỜNG,147,8,0.0544,133,6,2026-10-02 09:15:40
5036,51-HCM Binh Tan/Binh Tri Dong B Hub,in-house,Full-Time,95018,NGUYỄN LÊ NGỌC LƯƠNG,122,11,0.0902,111,0,2026-10-02 09:15:40
5036,51-HCM Binh Tan/Binh Tri Dong B Hub,in-house,Full-Time,5106,KHA THUẬN LỢI,160,14,0.0875,146,0,2026-10-02 09:15:40
5036,51-HCM Binh Tan/Binh Tri Dong B Hub,in-house,Full-Time,51650,NGUYỄN TRUNG THU,194,15,0.0773,179,0,2026-10-02 09:15:40
5036,51-HCM Binh Tan/Binh Tri Dong B Hub,in-house,Full-Time,155021,NGUYỄN VĂN HOÀ,158,11,0.0696,146,1,2026-10-02 09:15:40
5036,51-HCM Binh Tan/Binh Tri Dong B Hub,in-house,Full-Time,42957,VƯƠNG TRƯỜNG PHONG,172,12,0.0698,160,0,2026-10-02 09:15:40
5036,51-HCM Binh Tan/Binh Tri Dong B Hub,in-house,Full-Time,64548,PHẠM XUÂN QUỲNH,157,9,0.0573,147,1,2026-10-02 09:15:40
5036,51-HCM Binh Tan/Binh Tri Dong B Hub,in-house,Full-Time,10000,NGUYỄN THANH PHƯƠNG,115,7,0.0609,108,0,2026-10-02 09:15:40
5036,51-HCM Binh Tan/Binh Tri Dong B Hub,in-house,Full-Time,63816,NGUYỄN THÀNH NAM,172,9,0.0523,163,0,2026-10-02 09:15:40
5036,51-HCM Binh Tan/Binh Tri Dong B Hub,in-house,Full-Time,37644,NGUYỄN HỒNG TRUNG TRỰC,138,7,0.0507,131,0,2026-10-02 09:15:40
5036,51-HCM Binh Tan/Binh Tri Dong B Hub,in-house,Full-Time,117299,TRƯƠNG CÔNG DUY,249,12,0.0482,237,0,2026-10-02 09:15:40
5036,51-HCM Binh Tan/Binh Tri Dong B Hub,in-house,Full-Time,125087,NGUYỄN NGỌC GIA BẢO,151,7,0.0464,144,0,2026-10-02 09:15:40
5036,51-HCM Binh Tan/Binh Tri Dong B Hub,in-house,Full-Time,4385,NGUYỄN TẤN KHẢI,221,10,0.0452,211,0,2026-10-02 09:15:40
5036,51-HCM Binh Tan/Binh Tri Dong B Hub,in-house,Full-Time,82398,PHẠM XUÂN TRƯỜNG,154,4,0.026,148,2,2026-10-02 09:15:40
5036,51-HCM Binh Tan/Binh Tri Dong B Hub,in-house,Full-Time,133074,NGUYỄN MINH TÂM,130,1,0.0077,126,3,2026-10-02 09:15:40
5036,51-HCM Binh Tan/Binh Tri Dong B Hub,in-house,Full-Time,154308,NGUYỄN TRÍ TOÀN,135,1,0.0074,133,1,2026-10-02 09:15:40
5036,51-HCM Binh Tan/Binh Tri Dong B Hub,in-house,Full-Time,138633,HỒ KHẮC HÒA,193,0,0,191,2,2026-10-02 09:15:40
5036,51-HCM Binh Tan/Binh Tri Dong B Hub,in-house,Full-Time,12195,VÕ ĐẶNG CAO ANH,112,0,0,111,1,2026-10-02 09:15:40
5036,51-HCM Binh Tan/Binh Tri Dong B Hub,in-house,Full-Time,13231,THÁI TRỌNG CƯỜNG,120,1,0.0083,119,0,2026-10-02 09:15:40
5036,51-HCM Binh Tan/Binh Tri Dong B Hub,in-house,Full-Time,43144,TRẦN VĂN TÀI,132,0,0,131,1,2026-10-02 09:15:40
5036,51-HCM Binh Tan/Binh Tri Dong B Hub,in-house,Full-Time,120670,LÊ KỲ ÂN,141,0,0,140,1,2026-10-02 09:15:40
5036,51-HCM Binh Tan/Binh Tri Dong B Hub,in-house,Full-Time,139207,NGUYỄN MINH TIẾN,150,0,0,149,1,2026-10-02 09:15:40
5036,51-HCM Binh Tan/Binh Tri Dong B Hub,in-house,Full-Time,43328,TẠ HOÀNG NAM,168,0,0,167,1,2026-10-02 09:15:40
5036,51-HCM Binh Tan/Binh Tri Dong B Hub,in-house,Full-Time,121430,TRANG SĨ MINH HUY,171,0,0,170,1,2026-10-02 09:15:40
5036,51-HCM Binh Tan/Binh Tri Dong B Hub,in-house,Full-Time,1206,PHAN MINH ĐỨC,237,0,0,237,0,2026-10-02 09:15:40
5036,51-HCM Binh Tan/Binh Tri Dong B Hub,in-house,Full-Time,12736,HUỲNH TRẠCH ÂN,325,0,0,325,0,2026-10-02 09:15:40
5036,51-HCM Binh Tan/Binh Tri Dong B Hub,in-house,Full-Time,33895,VŨ QUỐC HUY,155,0,0,155,0,2026-10-02 09:15:40
5036,51-HCM Binh Tan/Binh Tri Dong B Hub,in-house,Full-Time,41703,QUAN NGUYỄN CƯỜNG,293,0,0,293,0,2026-10-02 09:15:40
5036,51-HCM Binh Tan/Binh Tri Dong B Hub,in-house,Full-Time,48869,VÕ HỮU PHƯỚC,181,0,0,181,0,2026-10-02 09:15:40
5036,51-HCM Binh Tan/Binh Tri Dong B Hub,in-house,Full-Time,129192,NGUYỄN VÕ THANH SƠN,132,0,0,132,0,2026-10-02 09:15:40
5036,51-HCM Binh Tan/Binh Tri Dong B Hub,in-house,Full-Time,130125,TÔ HOÀNG VINH,165,0,0,165,0,2026-10-02 09:15:40
5036,51-HCM Binh Tan/Binh Tri Dong B Hub,in-house,Full-Time,140081,NGUYỄN CHÍ CƯỜNG,188,0,0,188,0,2026-10-02 09:15:40
5036,51-HCM Binh Tan/Binh Tri Dong B Hub,in-house,Full-Time,140760,NGUYỄN PHÚC ĐỨC,122,0,0,122,0,2026-10-02 09:15:40
5036,51-HCM Binh Tan/Binh Tri Dong B Hub,in-house,Full-Time,146517,LÊ THIÊN PHÚ,68,0,0,68,0,2026-10-02 09:15:40
5036,51-HCM Binh Tan/Binh Tri Dong B Hub,in-house,Full-Time,146519,CHÂU VINH ĐẠT,132,0,0,132,0,2026-10-02 09:15:40
5036,51-HCM Binh Tan/Binh Tri Dong B Hub,in-house,Full-Time,152046,CHÂU HOÀI ĐỨC,87,0,0,87,0,2026-10-02 09:15:40
5036,51-HCM Binh Tan/Binh Tri Dong B Hub,in-house,Full-Time,157795,PHẠM DUY TRƯỜNG,136,0,0,136,0,2026-10-02 09:15:40
5036,51-HCM Binh Tan/Binh Tri Dong B Hub,in-house,Full-Time,163294,NGUYỄN NHỰT HOÀNG,62,0,0,62,0,2026-10-02 09:15:40
5036,51-HCM Binh Tan/Binh Tri Dong B Hub,in-house,Full-Time,45203,NGUYỄN LÊ HOÀNG LONG,0,0,0,0,0,2026-10-02 09:15:40
5036,51-HCM Binh Tan/Binh Tri Dong B Hub,in-house,Full-Time,71565,NGUYỄN ĐĂNG KHOA,0,0,0,0,0,2026-10-02 09:15:40
5419,51-HCM Binh Tan/Nguyen Thi Tu Hub,in-house,Full-Time,137670,HOÀNG CẢNH TINH,41,15,0.3659,26,0,2026-10-02 09:15:40
5419,51-HCM Binh Tan/Nguyen Thi Tu Hub,in-house,Full-Time,147541,ĐẶNG DUY TRƯỜNG QUÂN,81,25,0.3086,55,1,2026-10-02 09:15:40
5419,51-HCM Binh Tan/Nguyen Thi Tu Hub,in-house,Full-Time,118319,THÁI PHƯỚC ĐỨC,200,44,0.22,156,0,2026-10-02 09:15:40
5419,51-HCM Binh Tan/Nguyen Thi Tu Hub,in-house,Full-Time,55879,NGUYỄN HỒNG LÂM,128,26,0.2031,102,0,2026-10-02 09:15:40
5419,51-HCM Binh Tan/Nguyen Thi Tu Hub,in-house,Full-Time,82402,NGUYỄN ANH TUẤN,213,38,0.1784,175,0,2026-10-02 09:15:40
5419,51-HCM Binh Tan/Nguyen Thi Tu Hub,in-house,Full-Time,9572,BÙI QUANG HUY,143,20,0.1399,123,0,2026-10-02 09:15:40
5419,51-HCM Binh Tan/Nguyen Thi Tu Hub,in-house,Full-Time,133589,VÕ DUY KHANG,101,12,0.1188,89,0,2026-10-02 09:15:40
5419,51-HCM Binh Tan/Nguyen Thi Tu Hub,in-house,Full-Time,25030,TRỊNH KIM NGỌC,161,18,0.1118,143,0,2026-10-02 09:15:40
5419,51-HCM Binh Tan/Nguyen Thi Tu Hub,in-house,Full-Time,118112,NGUYỄN TRÍ BẢO,184,14,0.0761,167,3,2026-10-02 09:15:40
5419,51-HCM Binh Tan/Nguyen Thi Tu Hub,in-house,Full-Time,91968,LÊ HOÀNG MINH TÂM,122,7,0.0574,112,3,2026-10-02 09:15:40
5419,51-HCM Binh Tan/Nguyen Thi Tu Hub,in-house,Full-Time,43259,NGÔ LÊ MẠNH LÂM,214,13,0.0607,198,3,2026-10-02 09:15:40
5419,51-HCM Binh Tan/Nguyen Thi Tu Hub,in-house,Full-Time,136662,LÊ VĂN HIẾU,165,12,0.0727,153,0,2026-10-02 09:15:40
5419,51-HCM Binh Tan/Nguyen Thi Tu Hub,in-house,Full-Time,117099,LƯ BẢO LỢI,162,7,0.0432,152,3,2026-10-02 09:15:40
5419,51-HCM Binh Tan/Nguyen Thi Tu Hub,in-house,Full-Time,45764,NGUYỄN HOÀI NAM,182,9,0.0495,173,0,2026-10-02 09:15:40
5419,51-HCM Binh Tan/Nguyen Thi Tu Hub,in-house,Full-Time,136669,NGUYỄN XUÂN PHƯỚC,129,5,0.0388,124,0,2026-10-02 09:15:40
5419,51-HCM Binh Tan/Nguyen Thi Tu Hub,in-house,Full-Time,54557,VŨ LÊ TUẤN KIỆT,170,0,0,166,4,2026-10-02 09:15:40
5419,51-HCM Binh Tan/Nguyen Thi Tu Hub,in-house,Full-Time,21373,TRẦN TUẤN HÒA,174,4,0.023,170,0,2026-10-02 09:15:40
5419,51-HCM Binh Tan/Nguyen Thi Tu Hub,in-house,Full-Time,1904,MAI THẾ NGỌC,193,2,0.0104,189,2,2026-10-02 09:15:40
5419,51-HCM Binh Tan/Nguyen Thi Tu Hub,in-house,Full-Time,72272,PHẠM QUỐC TRƯỜNG,177,0,0,174,3,2026-10-02 09:15:40
5419,51-HCM Binh Tan/Nguyen Thi Tu Hub,in-house,Full-Time,7266,HOÀNG DUY BÌNH,170,0,0,169,1,2026-10-02 09:15:40
5419,51-HCM Binh Tan/Nguyen Thi Tu Hub,in-house,Full-Time,66675,ĐINH LÊ HIẾU,169,0,0,168,1,2026-10-02 09:15:40
5419,51-HCM Binh Tan/Nguyen Thi Tu Hub,in-house,Full-Time,95888,TRẦN VĂN BÍCH,184,0,0,183,1,2026-10-02 09:15:40
5419,51-HCM Binh Tan/Nguyen Thi Tu Hub,in-house,Full-Time,117630,TRẦN HẢI LONG,198,0,0,197,1,2026-10-02 09:15:40
5419,51-HCM Binh Tan/Nguyen Thi Tu Hub,in-house,Full-Time,129946,TRẦN MINH HẢI,195,0,0,194,1,2026-10-02 09:15:40
5419,51-HCM Binh Tan/Nguyen Thi Tu Hub,in-house,Full-Time,4069,LÊ VÕ TIỀN,79,0,0,79,0,2026-10-02 09:15:40
5419,51-HCM Binh Tan/Nguyen Thi Tu Hub,in-house,Full-Time,52101,NGUYỄN THÀNH ĐẠT,167,0,0,167,0,2026-10-02 09:15:40
5419,51-HCM Binh Tan/Nguyen Thi Tu Hub,in-house,Full-Time,66578,TRẦN QUỐC ANH,137,0,0,137,0,2026-10-02 09:15:40
5419,51-HCM Binh Tan/Nguyen Thi Tu Hub,in-house,Full-Time,77942,PHẠM LÊ TRUNG HẬU,74,0,0,74,0,2026-10-02 09:15:40
5419,51-HCM Binh Tan/Nguyen Thi Tu Hub,in-house,Full-Time,113312,NGUYỄN MINH HOÀNG,124,0,0,124,0,2026-10-02 09:15:40
5419,51-HCM Binh Tan/Nguyen Thi Tu Hub,in-house,Full-Time,118312,KIỀU THÀNH NAM,235,0,0,235,0,2026-10-02 09:15:40
5419,51-HCM Binh Tan/Nguyen Thi Tu Hub,in-house,Full-Time,137060,NGUYỄN QUANG TOÀN,160,0,0,160,0,2026-10-02 09:15:40
5419,51-HCM Binh Tan/Nguyen Thi Tu Hub,in-house,Full-Time,147394,HỒ VĂN CÔNG TUẤN,149,0,0,149,0,2026-10-02 09:15:40
5876,51-HCM Binh Thanh/Binh Loi Trung Hub,in-house,Full-Time,83092,LÊ VĂN ĐỊNH,140,30,0.2143,109,1,2026-10-02 09:15:40
5876,51-HCM Binh Thanh/Binh Loi Trung Hub,in-house,Full-Time,150390,NGUYỄN HOÀNG DŨNG,170,16,0.0941,151,3,2026-10-02 09:15:40
5876,51-HCM Binh Thanh/Binh Loi Trung Hub,in-house,Full-Time,100607,TRỊNH THANH TÀI,288,31,0.1076,256,1,2026-10-02 09:15:40
5876,51-HCM Binh Thanh/Binh Loi Trung Hub,in-house,Full-Time,42386,LÊ NGUYỄN QUỐC THẢO,154,12,0.0779,142,0,2026-10-02 09:15:40
5876,51-HCM Binh Thanh/Binh Loi Trung Hub,in-house,Full-Time,16620,TRẦN DƯƠNG,196,7,0.0357,189,0,2026-10-02 09:15:40
5876,51-HCM Binh Thanh/Binh Loi Trung Hub,in-house,Full-Time,33078,NGUYỄN VĂN CHỨC,193,6,0.0311,187,0,2026-10-02 09:15:40
5876,51-HCM Binh Thanh/Binh Loi Trung Hub,in-house,Full-Time,27549,PHẠM HÙNG NHÂN,208,4,0.0192,204,0,2026-10-02 09:15:40
5876,51-HCM Binh Thanh/Binh Loi Trung Hub,in-house,Full-Time,69641,NGUYỄN MINH SANG,219,4,0.0183,215,0,2026-10-02 09:15:40
5876,51-HCM Binh Thanh/Binh Loi Trung Hub,in-house,Full-Time,130840,VÕ THÀNH DANH,193,1,0.0052,191,1,2026-10-02 09:15:40
5876,51-HCM Binh Thanh/Binh Loi Trung Hub,in-house,Full-Time,154833,TRẦN NGỌC TIẾN,122,1,0.0082,121,0,2026-10-02 09:15:40
5876,51-HCM Binh Thanh/Binh Loi Trung Hub,in-house,Full-Time,96655,PHAN BÍCH KHA,233,0,0,232,1,2026-10-02 09:15:40
5876,51-HCM Binh Thanh/Binh Loi Trung Hub,in-house,Full-Time,37445,HUỲNH QUANG HUY,275,1,0.0036,274,0,2026-10-02 09:15:40
5876,51-HCM Binh Thanh/Binh Loi Trung Hub,in-house,Full-Time,32002,NGUYỄN VĂN THẠNH,223,0,0,223,0,2026-10-02 09:15:40
5876,51-HCM Binh Thanh/Binh Loi Trung Hub,in-house,Full-Time,38700,HUỲNH VĂN ĐỊNH,160,0,0,160,0,2026-10-02 09:15:40
5876,51-HCM Binh Thanh/Binh Loi Trung Hub,in-house,Full-Time,42742,LÊ THÁI SƠN,139,0,0,139,0,2026-10-02 09:15:40
5876,51-HCM Binh Thanh/Binh Loi Trung Hub,in-house,Full-Time,91771,TRẦN NGỌC VÀNG,187,0,0,187,0,2026-10-02 09:15:40
5876,51-HCM Binh Thanh/Binh Loi Trung Hub,in-house,Full-Time,92492,NGUYỄN THÀNH PHƯƠNG,30,0,0,30,0,2026-10-02 09:15:40
5876,51-HCM Binh Thanh/Binh Loi Trung Hub,in-house,Full-Time,148736,ĐẶNG THÀNH LONG,159,0,0,159,0,2026-10-02 09:15:40
5661,51-HCM Binh Thanh/Binh Quoi Hub,in-house,Full-Time,161590,CAO MINH MẪN,102,17,0.1667,83,2,2026-10-02 09:15:40
5661,51-HCM Binh Thanh/Binh Quoi Hub,in-house,Full-Time,135828,NGUYỄN MINH HOÀNG,165,0,0,154,11,2026-10-02 09:15:40
5661,51-HCM Binh Thanh/Binh Quoi Hub,in-house,Full-Time,107559,ĐINH NGUYỄN HOÀNG QUÂN,200,11,0.055,189,0,2026-10-02 09:15:40
5661,51-HCM Binh Thanh/Binh Quoi Hub,in-house,Full-Time,65220,LƯU VĂN QUYỀN,188,7,0.0372,181,0,2026-10-02 09:15:40
5661,51-HCM Binh Thanh/Binh Quoi Hub,in-house,Full-Time,19726,NGUYỄN HƯNG,180,4,0.0222,174,2,2026-10-02 09:15:40
5661,51-HCM Binh Thanh/Binh Quoi Hub,in-house,Full-Time,83084,HUỲNH VĂN HƯNG,272,9,0.0331,263,0,2026-10-02 09:15:40
5661,51-HCM Binh Thanh/Binh Quoi Hub,in-house,Full-Time,134374,TRẦN THANH TÚ,201,2,0.01,198,1,2026-10-02 09:15:40
5661,51-HCM Binh Thanh/Binh Quoi Hub,in-house,Full-Time,41696,LÂM HOÀNG PHÚC,136,0,0,134,2,2026-10-02 09:15:40
5661,51-HCM Binh Thanh/Binh Quoi Hub,in-house,Full-Time,161839,TRẦN HOÀNG PHÚC,69,0,0,68,1,2026-10-02 09:15:40
5661,51-HCM Binh Thanh/Binh Quoi Hub,in-house,Full-Time,142663,PHAN NHẬT MINH,231,3,0.013,228,0,2026-10-02 09:15:40
5661,51-HCM Binh Thanh/Binh Quoi Hub,in-house,Full-Time,4370,TRẦN QUANG ĐẠO,179,1,0.0056,177,1,2026-10-02 09:15:40
5661,51-HCM Binh Thanh/Binh Quoi Hub,in-house,Full-Time,4289,HUỲNH TRƯƠNG NHẬT TÂN,126,0,0,125,1,2026-10-02 09:15:40
5661,51-HCM Binh Thanh/Binh Quoi Hub,in-house,Full-Time,57451,TRẦN NGUYỄN TRUNG HUY,128,0,0,127,1,2026-10-02 09:15:40
5661,51-HCM Binh Thanh/Binh Quoi Hub,in-house,Full-Time,21525,NGUYỄN VĂN PHA,176,0,0,175,1,2026-10-02 09:15:40
5661,51-HCM Binh Thanh/Binh Quoi Hub,in-house,Full-Time,527,NGUYỄN ĐỨC HIỀN,133,0,0,133,0,2026-10-02 09:15:40
5661,51-HCM Binh Thanh/Binh Quoi Hub,in-house,Full-Time,2539,NGUYỄN THANH ĐÔ,124,0,0,124,0,2026-10-02 09:15:40
5661,51-HCM Binh Thanh/Binh Quoi Hub,in-house,Full-Time,34482,NGUYỄN XUÂN HỒNG,220,0,0,220,0,2026-10-02 09:15:40
5661,51-HCM Binh Thanh/Binh Quoi Hub,in-house,Full-Time,38945,NHAN QUỐC ANH,163,0,0,163,0,2026-10-02 09:15:40
5661,51-HCM Binh Thanh/Binh Quoi Hub,in-house,Full-Time,41704,NGUYỄN QUỐC ANH,26,0,0,26,0,2026-10-02 09:15:40
5661,51-HCM Binh Thanh/Binh Quoi Hub,in-house,Full-Time,43452,NGUYỄN PHI LONG,155,0,0,155,0,2026-10-02 09:15:40
5661,51-HCM Binh Thanh/Binh Quoi Hub,in-house,Full-Time,46502,NGUYỄN VIẾT RI,200,0,0,199,0,2026-10-02 09:15:40
5661,51-HCM Binh Thanh/Binh Quoi Hub,in-house,Full-Time,51532,NGUYỄN SANH TÀI,171,0,0,171,0,2026-10-02 09:15:40
5661,51-HCM Binh Thanh/Binh Quoi Hub,in-house,Full-Time,53503,NGUYỄN VÕ PHƯƠNG ÂN,164,0,0,164,0,2026-10-02 09:15:40
5661,51-HCM Binh Thanh/Binh Quoi Hub,in-house,Full-Time,54156,NGUYỄN VĂN DŨNG,138,0,0,138,0,2026-10-02 09:15:40
5661,51-HCM Binh Thanh/Binh Quoi Hub,in-house,Full-Time,77245,ĐỖ VI CƯƠNG,158,0,0,158,0,2026-10-02 09:15:40
5661,51-HCM Binh Thanh/Binh Quoi Hub,in-house,Full-Time,102927,LÊ NGỌC CHÍ THUẬN,223,0,0,223,0,2026-10-02 09:15:40
5661,51-HCM Binh Thanh/Binh Quoi Hub,in-house,Full-Time,120235,ĐINH NHỰT THIÊN,119,0,0,119,0,2026-10-02 09:15:40
5661,51-HCM Binh Thanh/Binh Quoi Hub,in-house,Full-Time,129354,HỒ ĐĂNG KHÔI,143,0,0,143,0,2026-10-02 09:15:40
5661,51-HCM Binh Thanh/Binh Quoi Hub,in-house,Full-Time,145892,NGUYỄN HOÀNG QUÂN,154,0,0,154,0,2026-10-02 09:15:40
5661,51-HCM Binh Thanh/Binh Quoi Hub,in-house,Full-Time,155445,NGUYỄN TRẦN MINH,46,0,0,46,0,2026-10-02 09:15:40
5661,51-HCM Binh Thanh/Binh Quoi Hub,in-house,Full-Time,155514,NGUYỄN MINH PHÚC,165,0,0,165,0,2026-10-02 09:15:40
5661,51-HCM Binh Thanh/Binh Quoi Hub,in-house,Full-Time,162114,VŨ ĐẠI DƯƠNG,120,0,0,120,0,2026-10-02 09:15:40
5661,51-HCM Binh Thanh/Binh Quoi Hub,in-house,Full-Time,138153,VŨ HOÀNG NHẬT,0,0,0,0,0,2026-10-02 09:15:40
5661,51-HCM Binh Thanh/Binh Quoi Hub,in-house,Full-Time,138157,ĐẶNG GIA PHÚ,2,0,0,0,0,2026-10-02 09:15:40
6143,51-HCM Binh Thanh/Phan Van Tri Hub,in-house,Full-Time,127771,LÊ TRỌNG TÂM,136,45,0.3309,83,8,2026-10-02 09:15:40
6143,51-HCM Binh Thanh/Phan Van Tri Hub,in-house,Full-Time,95711,NGUYỄN QUỐC TUẤN,168,61,0.3631,106,1,2026-10-02 09:15:40
6143,51-HCM Binh Thanh/Phan Van Tri Hub,in-house,Full-Time,117,NGUYỄN HUỲNH LÂM,147,51,0.3469,96,0,2026-10-02 09:15:40
6143,51-HCM Binh Thanh/Phan Van Tri Hub,in-house,Full-Time,103675,HUỲNH VĂN QUY,165,53,0.3212,109,3,2026-10-02 09:15:40
6143,51-HCM Binh Thanh/Phan Van Tri Hub,in-house,Full-Time,129736,LÊ ANH TUẤN,143,44,0.3077,97,2,2026-10-02 09:15:40
6143,51-HCM Binh Thanh/Phan Van Tri Hub,in-house,Full-Time,131750,VÕ TẤN THANH,147,37,0.2517,106,4,2026-10-02 09:15:40
6143,51-HCM Binh Thanh/Phan Van Tri Hub,in-house,Full-Time,105980,NGUYỄN VĂN HÀO,184,46,0.25,136,2,2026-10-02 09:15:40
6143,51-HCM Binh Thanh/Phan Van Tri Hub,in-house,Full-Time,33203,PHẠM BÁ LUÂN,147,34,0.2313,113,0,2026-10-02 09:15:40
6143,51-HCM Binh Thanh/Phan Van Tri Hub,in-house,Full-Time,21573,HÀ VŨ HOÀNG PHONG,208,46,0.2212,160,2,2026-10-02 09:15:40
6143,51-HCM Binh Thanh/Phan Van Tri Hub,in-house,Full-Time,65965,LƯU VĂN THIỆN,139,32,0.2302,107,0,2026-10-02 09:15:40
6143,51-HCM Binh Thanh/Phan Van Tri Hub,in-house,Full-Time,119729,DANH KIM THANH HOÀI,104,22,0.2115,81,1,2026-10-02 09:15:40
6143,51-HCM Binh Thanh/Phan Van Tri Hub,in-house,Full-Time,140753,LÊ HUỲNH TÂN,121,24,0.1983,96,1,2026-10-02 09:15:40
6143,51-HCM Binh Thanh/Phan Van Tri Hub,in-house,Full-Time,130282,CHUNG QUỐC PHONG,112,19,0.1696,92,1,2026-10-02 09:15:40
6143,51-HCM Binh Thanh/Phan Van Tri Hub,in-house,Full-Time,161836,NGUYỄN HOÀNG DŨNG,157,26,0.1656,130,1,2026-10-02 09:15:40
6143,51-HCM Binh Thanh/Phan Van Tri Hub,in-house,Full-Time,126339,NGUYỄN TRỌNG KHOA,146,23,0.1575,121,2,2026-10-02 09:15:40
6143,51-HCM Binh Thanh/Phan Van Tri Hub,in-house,Full-Time,2060,TĂNG DUY QUYỀN,142,16,0.1127,126,0,2026-10-02 09:15:40
6143,51-HCM Binh Thanh/Phan Van Tri Hub,in-house,Full-Time,6258,ĐẶNG THANH AN,177,19,0.1073,158,0,2026-10-02 09:15:40
6143,51-HCM Binh Thanh/Phan Van Tri Hub,in-house,Full-Time,31339,HỒ VĂN PHI,116,12,0.1034,104,0,2026-10-02 09:15:40
6143,51-HCM Binh Thanh/Phan Van Tri Hub,in-house,Full-Time,84573,TRẦN ĐÌNH NGUYÊN,117,10,0.0855,107,0,2026-10-02 09:15:40
6143,51-HCM Binh Thanh/Phan Van Tri Hub,in-house,Full-Time,142273,NGUYỄN NGỌC ANH MINH,102,8,0.0784,94,0,2026-10-02 09:15:40
6143,51-HCM Binh Thanh/Phan Van Tri Hub,in-house,Full-Time,129933,TRẦN QUỐC VIỆT,184,12,0.0652,172,0,2026-10-02 09:15:40
6143,51-HCM Binh Thanh/Phan Van Tri Hub,in-house,Full-Time,15594,NGUYỄN THANH SƠN,185,8,0.0432,177,0,2026-10-02 09:15:40
6143,51-HCM Binh Thanh/Phan Van Tri Hub,in-house,Full-Time,53170,TRẦN HOÀNG VIỆT CHƯƠNG,169,5,0.0296,164,0,2026-10-02 09:15:40
6143,51-HCM Binh Thanh/Phan Van Tri Hub,in-house,Full-Time,3798,NGUYỄN MINH TÂM,135,0,0,135,0,2026-10-02 09:15:40
2095,51-HCM Binh Thanh/Phuong 12 Hub,in-house,Full-Time,13489,NGUYỄN THÁI PHƯƠNG,124,64,0.5161,58,2,2026-10-02 09:15:40
2095,51-HCM Binh Thanh/Phuong 12 Hub,in-house,Full-Time,19993,NGÔ THANH THÁI BÌNH,137,55,0.4015,80,2,2026-10-02 09:15:40
2095,51-HCM Binh Thanh/Phuong 12 Hub,in-house,Full-Time,31344,TRƯƠNG TẤN PHƯƠNG,141,46,0.3262,94,1,2026-10-02 09:15:40
2095,51-HCM Binh Thanh/Phuong 12 Hub,in-house,Full-Time,63780,NGÔ HÙNG MẠNH,163,51,0.3129,111,1,2026-10-02 09:15:40
2095,51-HCM Binh Thanh/Phuong 12 Hub,in-house,Full-Time,35286,NGUYỄN BÁ QUANG,148,42,0.2838,105,1,2026-10-02 09:15:40
2095,51-HCM Binh Thanh/Phuong 12 Hub,in-house,Full-Time,7461,NGUYỄN BÁ TÀI,190,48,0.2526,141,1,2026-10-02 09:15:40
2095,51-HCM Binh Thanh/Phuong 12 Hub,in-house,Full-Time,81366,THÁI BẢO DUY,115,21,0.1826,93,1,2026-10-02 09:15:40
2095,51-HCM Binh Thanh/Phuong 12 Hub,in-house,Full-Time,25406,TRẦN NGUYỄN GIA MINH,218,0,0,178,40,2026-10-02 09:15:40
2095,51-HCM Binh Thanh/Phuong 12 Hub,in-house,Full-Time,151753,NGUYỄN NHẬT KHÁNH,261,43,0.1648,217,1,2026-10-02 09:15:40
2095,51-HCM Binh Thanh/Phuong 12 Hub,in-house,Full-Time,133070,PHẠM VĂN MINH,172,22,0.1279,145,5,2026-10-02 09:15:40
2095,51-HCM Binh Thanh/Phuong 12 Hub,in-house,Full-Time,137674,NGUYỄN VĂN NANG,150,13,0.0867,131,6,2026-10-02 09:15:40
2095,51-HCM Binh Thanh/Phuong 12 Hub,in-house,Full-Time,15304,TRẦN DUY VĂN BÌNH,155,13,0.0839,136,6,2026-10-02 09:15:40
2095,51-HCM Binh Thanh/Phuong 12 Hub,in-house,Full-Time,148738,PHẠM TRUNG TÀI,187,22,0.1176,165,0,2026-10-02 09:15:40
2095,51-HCM Binh Thanh/Phuong 12 Hub,in-house,Full-Time,37405,DƯƠNG TRẦN ANH VŨ,170,19,0.1118,151,0,2026-10-02 09:15:40
2095,51-HCM Binh Thanh/Phuong 12 Hub,in-house,Full-Time,161177,NGUYỄN THANH ĐẠT,146,16,0.1096,130,0,2026-10-02 09:15:40
2095,51-HCM Binh Thanh/Phuong 12 Hub,in-house,Full-Time,75198,HỒ THÁI TIẾN ĐẠT,276,30,0.1087,246,0,2026-10-02 09:15:40
2095,51-HCM Binh Thanh/Phuong 12 Hub,in-house,Full-Time,145567,QUÝ NHÀN,208,13,0.0625,186,9,2026-10-02 09:15:40
2095,51-HCM Binh Thanh/Phuong 12 Hub,in-house,Full-Time,106408,HUỲNH KIM LÂN,216,22,0.1019,194,0,2026-10-02 09:15:40
2095,51-HCM Binh Thanh/Phuong 12 Hub,in-house,Full-Time,87042,PHẠM THÀNH NHÂN,163,15,0.092,147,1,2026-10-02 09:15:40
2095,51-HCM Binh Thanh/Phuong 12 Hub,in-house,Full-Time,129739,LÊ TRẦN HIỀN,125,0,0,114,11,2026-10-02 09:15:40
2095,51-HCM Binh Thanh/Phuong 12 Hub,in-house,Full-Time,69259,LÊ TRẦN THANH PHONG,124,9,0.0726,115,0,2026-10-02 09:15:40
2095,51-HCM Binh Thanh/Phuong 12 Hub,in-house,Full-Time,21913,NGUYỄN VĂN PHẢI,135,8,0.0593,126,1,2026-10-02 09:15:40
2095,51-HCM Binh Thanh/Phuong 12 Hub,in-house,Full-Time,7146,TRẦN VĂN LÂM,186,0,0,174,12,2026-10-02 09:15:40
2095,51-HCM Binh Thanh/Phuong 12 Hub,in-house,Full-Time,134827,NGUYỄN MINH HIẾU,235,9,0.0383,221,5,2026-10-02 09:15:40
2095,51-HCM Binh Thanh/Phuong 12 Hub,in-house,Full-Time,162922,PHẠM HUY VŨ,106,4,0.0377,100,2,2026-10-02 09:15:40
2095,51-HCM Binh Thanh/Phuong 12 Hub,in-house,Full-Time,134392,NGUYỄN TUẤN THANH,181,9,0.0497,171,1,2026-10-02 09:15:40
2095,51-HCM Binh Thanh/Phuong 12 Hub,in-house,Full-Time,149127,HÀ NGỌC GIANG,182,8,0.044,172,2,2026-10-02 09:15:40
2095,51-HCM Binh Thanh/Phuong 12 Hub,in-house,Full-Time,18873,NGUYỄN HOÀNG TUẤN VIỆT,221,12,0.0543,209,0,2026-10-02 09:15:40
2095,51-HCM Binh Thanh/Phuong 12 Hub,in-house,Full-Time,109802,HUỲNH TRIỀU VỸ,242,11,0.0455,230,1,2026-10-02 09:15:40
2095,51-HCM Binh Thanh/Phuong 12 Hub,in-house,Full-Time,58943,MAI NGUYỄN NHẬT VINH,142,7,0.0493,135,0,2026-10-02 09:15:40
2095,51-HCM Binh Thanh/Phuong 12 Hub,in-house,Full-Time,56730,NGUYỄN SỸ PHÚ,122,5,0.041,116,1,2026-10-02 09:15:40
2095,51-HCM Binh Thanh/Phuong 12 Hub,in-house,Full-Time,149447,TRƯƠNG KIẾN KHANG,189,9,0.0476,180,0,2026-10-02 09:15:40
2095,51-HCM Binh Thanh/Phuong 12 Hub,in-house,Full-Time,155169,LÊ QUÝ DUY,84,3,0.0357,80,1,2026-10-02 09:15:40
2095,51-HCM Binh Thanh/Phuong 12 Hub,in-house,Full-Time,1907,PHAN LONG PHÚC,165,0,0,159,6,2026-10-02 09:15:40
2095,51-HCM Binh Thanh/Phuong 12 Hub,Hoàng Minh,Full-Time,16107,LÊ QUỲNH ANH THOẠI,193,6,0.0311,186,1,2026-10-02 09:15:40
2095,51-HCM Binh Thanh/Phuong 12 Hub,in-house,Full-Time,88572,LÊ QUỐC BẢO,163,5,0.0307,158,0,2026-10-02 09:15:40
2095,51-HCM Binh Thanh/Phuong 12 Hub,in-house,Full-Time,92479,MOHAMACH FARUT,202,2,0.0099,196,4,2026-10-02 09:15:40
2095,51-HCM Binh Thanh/Phuong 12 Hub,in-house,Full-Time,146309,NGÔ HỮU LỘC,140,1,0.0071,136,3,2026-10-02 09:15:40
2095,51-HCM Binh Thanh/Phuong 12 Hub,in-house,Full-Time,32190,PHAN KIM THÁI,114,0,0,111,3,2026-10-02 09:15:40
2095,51-HCM Binh Thanh/Phuong 12 Hub,in-house,Full-Time,81070,LÝ KIẾN THỨC,197,4,0.0203,193,0,2026-10-02 09:15:40
2095,51-HCM Binh Thanh/Phuong 12 Hub,in-house,Full-Time,98044,TRẦN QUỐC TRÍ,106,0,0,104,2,2026-10-02 09:15:40
2095,51-HCM Binh Thanh/Phuong 12 Hub,in-house,Full-Time,160019,ĐỖ TRỌNG PHÁT,112,2,0.0179,110,0,2026-10-02 09:15:40
2095,51-HCM Binh Thanh/Phuong 12 Hub,in-house,Full-Time,23746,NGUYỄN ĐĂNG KHOA,194,2,0.0103,191,1,2026-10-02 09:15:40
2095,51-HCM Binh Thanh/Phuong 12 Hub,in-house,Full-Time,88239,HỒ THANH TRANG,102,0,0,101,1,2026-10-02 09:15:40
2095,51-HCM Binh Thanh/Phuong 12 Hub,in-house,Full-Time,36973,DƯƠNG PHẠM HOÀNG DŨNG,220,0,0,218,2,2026-10-02 09:15:40
2095,51-HCM Binh Thanh/Phuong 12 Hub,in-house,Full-Time,68503,TRẦN HOÀNG PHÚC,119,0,0,118,1,2026-10-02 09:15:40
2095,51-HCM Binh Thanh/Phuong 12 Hub,in-house,Full-Time,938,NGUYỄN QUỐC TOÀN,144,0,0,143,1,2026-10-02 09:15:40
2095,51-HCM Binh Thanh/Phuong 12 Hub,in-house,Full-Time,67945,CAO CHÍ HIẾU,161,0,0,160,1,2026-10-02 09:15:40
2095,51-HCM Binh Thanh/Phuong 12 Hub,in-house,Full-Time,14126,HÀ TRIỀU QUỐC THỊNH,201,1,0.005,200,0,2026-10-02 09:15:40
2095,51-HCM Binh Thanh/Phuong 12 Hub,in-house,Full-Time,5407,TRẦN THÁI THUẬN HOÀNG,203,0,0,202,1,2026-10-02 09:15:40
2095,51-HCM Binh Thanh/Phuong 12 Hub,in-house,Full-Time,36720,NGUYỄN HÀ TUẤN VŨ,233,0,0,232,1,2026-10-02 09:15:40
2095,51-HCM Binh Thanh/Phuong 12 Hub,in-house,Full-Time,120107,LÊ QUANG VŨ,275,0,0,274,1,2026-10-02 09:15:40
2095,51-HCM Binh Thanh/Phuong 12 Hub,in-house,Full-Time,1906,LÝ BẢO MINH,161,0,0,161,0,2026-10-02 09:15:40
2095,51-HCM Binh Thanh/Phuong 12 Hub,in-house,Full-Time,3472,NGUYỄN PHẠM NGỌC HẢI,182,0,0,182,0,2026-10-02 09:15:40
2095,51-HCM Binh Thanh/Phuong 12 Hub,in-house,Full-Time,12496,NGUYỄN QUỐC THẮNG,180,0,0,180,0,2026-10-02 09:15:40
2095,51-HCM Binh Thanh/Phuong 12 Hub,in-house,Full-Time,14290,TRẦN ĐỨC HUY,194,0,0,194,0,2026-10-02 09:15:40
2095,51-HCM Binh Thanh/Phuong 12 Hub,in-house,Full-Time,16593,HỒ PHÚ KIỆT,143,0,0,143,0,2026-10-02 09:15:40
2095,51-HCM Binh Thanh/Phuong 12 Hub,in-house,Full-Time,32419,ĐỖ KIM QUÝ,145,0,0,145,0,2026-10-02 09:15:40
2095,51-HCM Binh Thanh/Phuong 12 Hub,in-house,Full-Time,33355,LÊ NHỰT THÀNH,293,0,0,293,0,2026-10-02 09:15:40
2095,51-HCM Binh Thanh/Phuong 12 Hub,in-house,Full-Time,42743,ĐỖ THÀNH TIẾN,274,0,0,274,0,2026-10-02 09:15:40
2095,51-HCM Binh Thanh/Phuong 12 Hub,in-house,Full-Time,53610,PHẠM THANH LIÊM,158,0,0,158,0,2026-10-02 09:15:40
2095,51-HCM Binh Thanh/Phuong 12 Hub,in-house,Full-Time,53963,TỐNG QUỐC ĐẠT,108,0,0,108,0,2026-10-02 09:15:40
2095,51-HCM Binh Thanh/Phuong 12 Hub,in-house,Full-Time,54550,VÒNG TỰ LONG,22,0,0,22,0,2026-10-02 09:15:40
2095,51-HCM Binh Thanh/Phuong 12 Hub,in-house,Full-Time,57058,PHẠM THẾ BẢO,250,0,0,250,0,2026-10-02 09:15:40
2095,51-HCM Binh Thanh/Phuong 12 Hub,in-house,Full-Time,59420,ĐỖ KHANG,166,0,0,166,0,2026-10-02 09:15:40
2095,51-HCM Binh Thanh/Phuong 12 Hub,in-house,Full-Time,74188,HUỲNH THANH SƠN,130,0,0,130,0,2026-10-02 09:15:40
2095,51-HCM Binh Thanh/Phuong 12 Hub,in-house,Full-Time,88864,TRẦN MINH HOÀNG,134,0,0,134,0,2026-10-02 09:15:40
2095,51-HCM Binh Thanh/Phuong 12 Hub,in-house,Full-Time,89581,DƯƠNG HỒ THIÊN LONG,362,0,0,362,0,2026-10-02 09:15:40
2095,51-HCM Binh Thanh/Phuong 12 Hub,in-house,Full-Time,89913,TRẦN THẾ HOÀI,164,0,0,164,0,2026-10-02 09:15:40
2095,51-HCM Binh Thanh/Phuong 12 Hub,in-house,Full-Time,91772,NGUYỄN TRUNG TIẾN,145,0,0,145,0,2026-10-02 09:15:40
2095,51-HCM Binh Thanh/Phuong 12 Hub,in-house,Full-Time,95096,VÕ TRỊNH THANH TRIỀU,83,0,0,83,0,2026-10-02 09:15:40
2095,51-HCM Binh Thanh/Phuong 12 Hub,in-house,Full-Time,96650,ĐẶNG QUỐC VINH,135,0,0,135,0,2026-10-02 09:15:40
2095,51-HCM Binh Thanh/Phuong 12 Hub,in-house,Full-Time,98131,NGUYỄN VŨ KHOA,140,0,0,140,0,2026-10-02 09:15:40
2095,51-HCM Binh Thanh/Phuong 12 Hub,in-house,Full-Time,103302,NGUYỄN MINH HIẾU,197,0,0,197,0,2026-10-02 09:15:40
2095,51-HCM Binh Thanh/Phuong 12 Hub,in-house,Full-Time,130939,PHÙNG TÂM ANH,202,0,0,202,0,2026-10-02 09:15:40
2095,51-HCM Binh Thanh/Phuong 12 Hub,in-house,Full-Time,138149,TRẦN QUỐC VIỆT,160,0,0,160,0,2026-10-02 09:15:40
2095,51-HCM Binh Thanh/Phuong 12 Hub,in-house,Full-Time,139025,KIỀU MINH NHỰT,171,0,0,171,0,2026-10-02 09:15:40
2095,51-HCM Binh Thanh/Phuong 12 Hub,in-house,Full-Time,145707,TRƯƠNG KHÁNH ĐĂNG,174,0,0,174,0,2026-10-02 09:15:40
2095,51-HCM Binh Thanh/Phuong 12 Hub,in-house,Full-Time,149960,TRẦN THANH SANG,171,0,0,171,0,2026-10-02 09:15:40
2095,51-HCM Binh Thanh/Phuong 12 Hub,in-house,Full-Time,150811,NGUYỄN NGỌC QUÝ,173,0,0,173,0,2026-10-02 09:15:40
2095,51-HCM Binh Thanh/Phuong 12 Hub,in-house,Full-Time,154201,NGUYỄN MINH TÂN,111,0,0,111,0,2026-10-02 09:15:40
2095,51-HCM Binh Thanh/Phuong 12 Hub,in-house,Full-Time,160446,NGUYỄN TẤN DŨNG,194,0,0,194,0,2026-10-02 09:15:40
2095,51-HCM Binh Thanh/Phuong 12 Hub,in-house,Full-Time,161466,LÊ HUỲNH NGỌC PHƯƠNG TOÀN,149,0,0,149,0,2026-10-02 09:15:40
2095,51-HCM Binh Thanh/Phuong 12 Hub,in-house,Full-Time,162623,NGUYỄN ĐỨC DUY,117,0,0,117,0,2026-10-02 09:15:40
2095,51-HCM Binh Thanh/Phuong 12 Hub,in-house,Full-Time,162839,NGUYỄN HÙNG TUẤN ANH,129,0,0,129,0,2026-10-02 09:15:40
2095,51-HCM Binh Thanh/Phuong 12 Hub,in-house,Full-Time,162924,TƯƠNG TẤN PHONG,79,0,0,79,0,2026-10-02 09:15:40
5731,51-HCM Can Gio/Binh Khanh Hub,in-house,Full-Time,143863,TRẦN GIA AN,5,0,0,3,2,2026-10-02 09:15:40
5731,51-HCM Can Gio/Binh Khanh Hub,in-house,Full-Time,161594,TRƯƠNG HOÀI SƠN,31,0,0,19,12,2026-10-02 09:15:40
5731,51-HCM Can Gio/Binh Khanh Hub,in-house,Full-Time,161327,NGUYỄN ANH QUÂN,50,2,0.04,46,2,2026-10-02 09:15:40
5731,51-HCM Can Gio/Binh Khanh Hub,in-house,Full-Time,89228,VÕ ANH NAM,36,0,0,35,1,2026-10-02 09:15:40
5731,51-HCM Can Gio/Binh Khanh Hub,in-house,Full-Time,46971,LÊ DUY KHÁNH,1,0,0,1,0,2026-10-02 09:15:40
5731,51-HCM Can Gio/Binh Khanh Hub,in-house,Full-Time,73930,TRẦN TUẤN XINH,66,0,0,66,0,2026-10-02 09:15:40
5731,51-HCM Can Gio/Binh Khanh Hub,in-house,Full-Time,160011,NGUYỄN CHÍ BẢO,70,0,0,70,0,2026-10-02 09:15:40
2442,51-HCM Cu Chi/Binh My Hub,in-house,Full-Time,56054,LÊ VŨ LINH,106,22,0.2075,83,1,2026-10-02 09:15:40
2442,51-HCM Cu Chi/Binh My Hub,in-house,Full-Time,134711,CAO TẤN PHÁT,111,23,0.2072,88,0,2026-10-02 09:15:40
2442,51-HCM Cu Chi/Binh My Hub,in-house,Full-Time,106563,NGÔ NHUẬN PHÁT,145,21,0.1448,120,4,2026-10-02 09:15:40
2442,51-HCM Cu Chi/Binh My Hub,in-house,Full-Time,66700,NGUYỄN MINH NHỰT,114,14,0.1228,95,5,2026-10-02 09:15:40
2442,51-HCM Cu Chi/Binh My Hub,in-house,Full-Time,14224,TRẦN QUỐC HÙNG,127,20,0.1575,107,0,2026-10-02 09:15:40
2442,51-HCM Cu Chi/Binh My Hub,in-house,Full-Time,114908,ĐẶNG MINH HÂN,113,17,0.1504,96,0,2026-10-02 09:15:40
2442,51-HCM Cu Chi/Binh My Hub,in-house,Full-Time,161045,LÊ MINH HIẾU,85,11,0.1294,73,1,2026-10-02 09:15:40
2442,51-HCM Cu Chi/Binh My Hub,in-house,Full-Time,124705,PHAN VĂN CÔNG,96,9,0.0938,84,3,2026-10-02 09:15:40
2442,51-HCM Cu Chi/Binh My Hub,in-house,Full-Time,134675,NGUYỄN CHÁNH PHÁT,83,8,0.0964,74,1,2026-10-02 09:15:40
2442,51-HCM Cu Chi/Binh My Hub,in-house,Full-Time,117901,NGUYỄN HOÀNG LONG,87,9,0.1034,78,0,2026-10-02 09:15:40
2442,51-HCM Cu Chi/Binh My Hub,in-house,Full-Time,66692,TRẦN ĐÔNG HUY,129,9,0.0698,116,4,2026-10-02 09:15:40
2442,51-HCM Cu Chi/Binh My Hub,in-house,Full-Time,89036,HUỲNH MINH TRÍ,116,9,0.0776,106,1,2026-10-02 09:15:40
2442,51-HCM Cu Chi/Binh My Hub,in-house,Full-Time,156306,LÊ PHƯỚC SANG,126,2,0.0159,119,5,2026-10-02 09:15:40
2442,51-HCM Cu Chi/Binh My Hub,in-house,Full-Time,114903,TRẦN THANH BÌNH,85,3,0.0353,81,1,2026-10-02 09:15:40
2442,51-HCM Cu Chi/Binh My Hub,in-house,Full-Time,67735,LÊ HUỲNH KHÁNH ĐẠI,114,3,0.0263,110,1,2026-10-02 09:15:40
2442,51-HCM Cu Chi/Binh My Hub,in-house,Full-Time,149170,NGUYỄN QUANG VINH,104,2,0.0192,102,0,2026-10-02 09:15:40
2442,51-HCM Cu Chi/Binh My Hub,in-house,Full-Time,116010,HUỲNH QUỐC BẢO,119,0,0,119,0,2026-10-02 09:15:40
2442,51-HCM Cu Chi/Binh My Hub,in-house,Full-Time,117902,CAO ĐẶNG ÚT MINH,0,0,0,0,0,2026-10-02 09:15:40
2199,51-HCM Cu Chi/Phuoc Hiep Hub,in-house,Full-Time,161469,HUỲNH MINH TÂN,48,12,0.25,36,0,2026-10-02 09:15:40
2199,51-HCM Cu Chi/Phuoc Hiep Hub,in-house,Full-Time,110438,NGUYỄN VĂN THẠCH,64,10,0.1563,54,0,2026-10-02 09:15:40
2199,51-HCM Cu Chi/Phuoc Hiep Hub,in-house,Full-Time,109804,LÊ DUY KHA,95,9,0.0947,85,1,2026-10-02 09:15:40
2199,51-HCM Cu Chi/Phuoc Hiep Hub,in-house,Full-Time,46038,NGUYỄN THÁI DƯƠNG,80,8,0.1,72,0,2026-10-02 09:15:40
2199,51-HCM Cu Chi/Phuoc Hiep Hub,in-house,Full-Time,97113,NGUYỄN TRẦN HOÀI NAM,69,4,0.058,63,2,2026-10-02 09:15:40
2199,51-HCM Cu Chi/Phuoc Hiep Hub,in-house,Full-Time,75027,PHẠM CÔNG LỰC,93,6,0.0645,85,2,2026-10-02 09:15:40
2199,51-HCM Cu Chi/Phuoc Hiep Hub,in-house,Full-Time,134924,HUỲNH VĂN SƠN,86,3,0.0349,83,0,2026-10-02 09:15:40
2199,51-HCM Cu Chi/Phuoc Hiep Hub,in-house,Full-Time,89167,NGUYỄN VĂN ĐỊNH,150,5,0.0333,145,0,2026-10-02 09:15:40
2199,51-HCM Cu Chi/Phuoc Hiep Hub,in-house,Full-Time,7458,LÊ THANH NAM,120,1,0.0083,117,2,2026-10-02 09:15:40
2199,51-HCM Cu Chi/Phuoc Hiep Hub,in-house,Full-Time,158677,HUỲNH VĂN THIỆT,56,1,0.0179,55,0,2026-10-02 09:15:40
2199,51-HCM Cu Chi/Phuoc Hiep Hub,in-house,Full-Time,139788,DƯƠNG PHẠM PHÁT ĐẠT,69,0,0,68,1,2026-10-02 09:15:40
2199,51-HCM Cu Chi/Phuoc Hiep Hub,in-house,Full-Time,7227,TRẦN VĂN SÁNG,24,0,0,24,0,2026-10-02 09:15:40
2199,51-HCM Cu Chi/Phuoc Hiep Hub,in-house,Full-Time,74706,ĐỖ HOÀI LUÂN,70,0,0,70,0,2026-10-02 09:15:40
2199,51-HCM Cu Chi/Phuoc Hiep Hub,in-house,Full-Time,91778,NGUYỄN MINH KHÔI,76,0,0,76,0,2026-10-02 09:15:40
2199,51-HCM Cu Chi/Phuoc Hiep Hub,in-house,Full-Time,142539,NGUYỄN ANH TÌNH,148,0,0,148,0,2026-10-02 09:15:40
2199,51-HCM Cu Chi/Phuoc Hiep Hub,in-house,Full-Time,151250,NGUYỄN LÊ PHƯƠNG,86,0,0,86,0,2026-10-02 09:15:40
6164,51-HCM Cu Chi/Tan An Hoi Hub,in-house,Full-Time,32005,PHẠM QUỐC KIỆT,61,50,0.8197,11,0,2026-10-02 09:15:40
6164,51-HCM Cu Chi/Tan An Hoi Hub,in-house,Full-Time,22623,MAI VĂN PHÚ,123,50,0.4065,69,4,2026-10-02 09:15:40
6164,51-HCM Cu Chi/Tan An Hoi Hub,in-house,Full-Time,121738,LÊ PHẠM KHƯƠNG DUY,89,37,0.4157,52,0,2026-10-02 09:15:40
6164,51-HCM Cu Chi/Tan An Hoi Hub,in-house,Full-Time,7457,PHẠM HỒNG TẤN,71,29,0.4085,42,0,2026-10-02 09:15:40
6164,51-HCM Cu Chi/Tan An Hoi Hub,in-house,Full-Time,93676,TRẦN THIÊN PHÚC,101,39,0.3861,61,1,2026-10-02 09:15:40
6164,51-HCM Cu Chi/Tan An Hoi Hub,in-house,Full-Time,89244,VÕ VĂN PHÚC,66,26,0.3939,40,0,2026-10-02 09:15:40
6164,51-HCM Cu Chi/Tan An Hoi Hub,in-house,Full-Time,14846,DƯƠNG TRUNG HIẾU,109,32,0.2936,77,0,2026-10-02 09:15:40
6164,51-HCM Cu Chi/Tan An Hoi Hub,in-house,Full-Time,22274,NGUYỄN HỮU PHƯỚC,128,31,0.2422,97,0,2026-10-02 09:15:40
6164,51-HCM Cu Chi/Tan An Hoi Hub,in-house,Full-Time,118318,LÂM HOÀI NAM,78,16,0.2051,60,2,2026-10-02 09:15:40
6164,51-HCM Cu Chi/Tan An Hoi Hub,in-house,Full-Time,97840,HÀ THÀNH LINH,99,20,0.202,78,1,2026-10-02 09:15:40
6164,51-HCM Cu Chi/Tan An Hoi Hub,in-house,Full-Time,120883,NGUYỄN LÊ ĐẠI DANH,111,22,0.1982,88,1,2026-10-02 09:15:40
6164,51-HCM Cu Chi/Tan An Hoi Hub,in-house,Full-Time,43305,LÊ VĂN TIỀN,89,14,0.1573,75,0,2026-10-02 09:15:40
6164,51-HCM Cu Chi/Tan An Hoi Hub,in-house,Full-Time,150193,NGUYỄN DOÃN HỒNG SƠN,104,13,0.125,91,0,2026-10-02 09:15:40
6164,51-HCM Cu Chi/Tan An Hoi Hub,in-house,Full-Time,19128,HỒ THANH DUY,117,8,0.0684,105,4,2026-10-02 09:15:40
6164,51-HCM Cu Chi/Tan An Hoi Hub,in-house,Full-Time,45186,TÔ TUẤN CƯỜNG,163,7,0.0429,152,4,2026-10-02 09:15:40
6164,51-HCM Cu Chi/Tan An Hoi Hub,in-house,Full-Time,10233,LÊ TẤN TÀI,136,4,0.0294,130,2,2026-10-02 09:15:40
6164,51-HCM Cu Chi/Tan An Hoi Hub,in-house,Full-Time,125569,TRƯƠNG TRUNG KIÊN,79,2,0.0253,77,0,2026-10-02 09:15:40
6164,51-HCM Cu Chi/Tan An Hoi Hub,in-house,Full-Time,96409,NGUYỄN TRUNG TÍNH,132,0,0,132,0,2026-10-02 09:15:40
6164,51-HCM Cu Chi/Tan An Hoi Hub,in-house,Full-Time,112028,LÊ HẠ SANG,149,0,0,149,0,2026-10-02 09:15:40
2149,51-HCM Cu Chi/Tan Phu Trung Hub,in-house,Full-Time,123393,NGUYỄN HỮU TRÍ,91,31,0.3407,60,0,2026-10-02 09:15:40
2149,51-HCM Cu Chi/Tan Phu Trung Hub,in-house,Full-Time,130682,PHẠM TẤN PHÁT,72,22,0.3056,50,0,2026-10-02 09:15:40
2149,51-HCM Cu Chi/Tan Phu Trung Hub,in-house,Full-Time,74701,NGUYỄN VĨNH PHÁT,144,27,0.1875,115,2,2026-10-02 09:15:40
2149,51-HCM Cu Chi/Tan Phu Trung Hub,in-house,Full-Time,118323,LƯỢNG THANH SANG,57,7,0.1228,49,1,2026-10-02 09:15:40
2149,51-HCM Cu Chi/Tan Phu Trung Hub,in-house,Full-Time,75350,NGUYỄN XUÂN GIANG,87,11,0.1264,76,0,2026-10-02 09:15:40
2149,51-HCM Cu Chi/Tan Phu Trung Hub,in-house,Full-Time,106413,NGUYỄN MINH QUANG,126,14,0.1111,112,0,2026-10-02 09:15:40
2149,51-HCM Cu Chi/Tan Phu Trung Hub,in-house,Full-Time,45363,PHẠM TẤN CƯỜNG,88,2,0.0227,80,6,2026-10-02 09:15:40
2149,51-HCM Cu Chi/Tan Phu Trung Hub,in-house,Full-Time,66209,TRẦN VĂN ĐỦ EM,103,6,0.0583,97,0,2026-10-02 09:15:40
2149,51-HCM Cu Chi/Tan Phu Trung Hub,in-house,Full-Time,148247,VĂN PHI CÔNG,61,1,0.0164,58,2,2026-10-02 09:15:40
2149,51-HCM Cu Chi/Tan Phu Trung Hub,in-house,Full-Time,99603,ĐẶNG HOÀNG QUÂN,117,3,0.0256,112,2,2026-10-02 09:15:40
2149,51-HCM Cu Chi/Tan Phu Trung Hub,in-house,Full-Time,67630,LÊ THÁI HUY,109,0,0,106,3,2026-10-02 09:15:40
2149,51-HCM Cu Chi/Tan Phu Trung Hub,in-house,Full-Time,150456,TRẦN THANH BÌNH,108,0,0,107,1,2026-10-02 09:15:40
2149,51-HCM Cu Chi/Tan Phu Trung Hub,in-house,Full-Time,77070,VŨ MINH DƯƠNG,114,1,0.0088,113,0,2026-10-02 09:15:40
2149,51-HCM Cu Chi/Tan Phu Trung Hub,in-house,Full-Time,111162,TRẦN TRỌNG XANH,145,0,0,144,1,2026-10-02 09:15:40
2149,51-HCM Cu Chi/Tan Phu Trung Hub,in-house,Full-Time,7174,MAI CHÍ THANH,104,0,0,104,0,2026-10-02 09:15:40
2149,51-HCM Cu Chi/Tan Phu Trung Hub,in-house,Full-Time,110748,ĐÀO LÊ DUY,87,0,0,87,0,2026-10-02 09:15:40
2149,51-HCM Cu Chi/Tan Phu Trung Hub,in-house,Full-Time,111318,NGUYỄN THỊ PHƯƠNG,78,0,0,78,0,2026-10-02 09:15:40
2149,51-HCM Cu Chi/Tan Phu Trung Hub,in-house,Full-Time,122896,ĐẶNG THANH PHONG,100,0,0,100,0,2026-10-02 09:15:40
2149,51-HCM Cu Chi/Tan Phu Trung Hub,in-house,Full-Time,150686,BÙI VĂN CẢM,59,0,0,59,0,2026-10-02 09:15:40
1387,51-HCM Cu Chi/Tan Thanh Dong Hub,in-house,Full-Time,124530,PHẠM TUẤN ANH,61,9,0.1475,52,0,2026-10-02 09:15:40
1387,51-HCM Cu Chi/Tan Thanh Dong Hub,in-house,Full-Time,116646,PHAN VĂN THUẬN,77,6,0.0779,66,5,2026-10-02 09:15:40
1387,51-HCM Cu Chi/Tan Thanh Dong Hub,in-house,Full-Time,90235,NGUYỄN TIẾN DŨNG,121,14,0.1157,107,0,2026-10-02 09:15:40
1387,51-HCM Cu Chi/Tan Thanh Dong Hub,in-house,Full-Time,27638,HUỲNH NGỌC THANH NHÃ,110,9,0.0818,101,0,2026-10-02 09:15:40
1387,51-HCM Cu Chi/Tan Thanh Dong Hub,in-house,Full-Time,161680,HUỲNH GIA PHÚC,63,5,0.0794,58,0,2026-10-02 09:15:40
1387,51-HCM Cu Chi/Tan Thanh Dong Hub,in-house,Full-Time,84125,PHAN ANH,140,11,0.0786,129,0,2026-10-02 09:15:40
1387,51-HCM Cu Chi/Tan Thanh Dong Hub,in-house,Full-Time,91995,LÊ TẤN LONG THÀNH,152,0,0,141,11,2026-10-02 09:15:40
1387,51-HCM Cu Chi/Tan Thanh Dong Hub,in-house,Full-Time,92473,NGUYỄN HOÀNG THANH TÚ,130,6,0.0462,121,3,2026-10-02 09:15:40
1387,51-HCM Cu Chi/Tan Thanh Dong Hub,in-house,Full-Time,77940,LÊ QUỐC TRUNG,129,3,0.0233,123,3,2026-10-02 09:15:40
1387,51-HCM Cu Chi/Tan Thanh Dong Hub,in-house,Full-Time,73928,NGUYỄN THANH HIẾU,149,6,0.0403,143,0,2026-10-02 09:15:40
1387,51-HCM Cu Chi/Tan Thanh Dong Hub,in-house,Full-Time,147961,NGUYỄN ANH HÀO,110,0,0,106,4,2026-10-02 09:15:40
1387,51-HCM Cu Chi/Tan Thanh Dong Hub,in-house,Full-Time,109167,HỒ TUẤN ANH,145,3,0.0207,140,2,2026-10-02 09:15:40
1387,51-HCM Cu Chi/Tan Thanh Dong Hub,in-house,Full-Time,96726,LÊ VĂN ĐẠI,84,1,0.0119,82,1,2026-10-02 09:15:40
1387,51-HCM Cu Chi/Tan Thanh Dong Hub,in-house,Full-Time,72972,CHÂU NGỌC TẤN TÀI,66,0,0,65,1,2026-10-02 09:15:40
1387,51-HCM Cu Chi/Tan Thanh Dong Hub,in-house,Full-Time,8294,TRẦN TRỌNG NGHĨA,85,0,0,84,1,2026-10-02 09:15:40
1387,51-HCM Cu Chi/Tan Thanh Dong Hub,in-house,Full-Time,143001,LÊ HỮU TÍNH,85,0,0,84,1,2026-10-02 09:15:40
1387,51-HCM Cu Chi/Tan Thanh Dong Hub,in-house,Full-Time,64099,HUỲNH THÂN TRỌNG HUY,175,0,0,173,2,2026-10-02 09:15:40
1387,51-HCM Cu Chi/Tan Thanh Dong Hub,in-house,Full-Time,27956,NGUYỄN TRUNG TÍN,43,0,0,43,0,2026-10-02 09:15:40
1387,51-HCM Cu Chi/Tan Thanh Dong Hub,in-house,Full-Time,45157,LÊ THANH TUẤN,121,0,0,121,0,2026-10-02 09:15:40
1387,51-HCM Cu Chi/Tan Thanh Dong Hub,in-house,Full-Time,67577,VÕ TRẦN TAM,126,0,0,126,0,2026-10-02 09:15:40
1387,51-HCM Cu Chi/Tan Thanh Dong Hub,in-house,Full-Time,80296,NGUYỄN THÁI BẢO,99,0,0,99,0,2026-10-02 09:15:40
1387,51-HCM Cu Chi/Tan Thanh Dong Hub,in-house,Full-Time,102828,NGUYỄN HUỲNH THANH TRÀ,83,0,0,83,0,2026-10-02 09:15:40
1387,51-HCM Cu Chi/Tan Thanh Dong Hub,in-house,Full-Time,115507,NGUYỄN TẤN DƯ,126,0,0,126,0,2026-10-02 09:15:40
1387,51-HCM Cu Chi/Tan Thanh Dong Hub,in-house,Full-Time,159673,BÙI THANH PHONG,61,0,0,61,0,2026-10-02 09:15:40
1390,51-HCM Cu Chi/Trung Lap Thuong Hub,in-house,Full-Time,96851,NGUYỄN THANH THIỆN,87,26,0.2989,60,1,2026-10-02 09:15:40
1390,51-HCM Cu Chi/Trung Lap Thuong Hub,in-house,Full-Time,57770,NGUYỄN VĂN HUY,101,16,0.1584,83,2,2026-10-02 09:15:40
1390,51-HCM Cu Chi/Trung Lap Thuong Hub,in-house,Full-Time,99704,NGUYỄN HUỲNH DUY KHANG,120,11,0.0917,103,6,2026-10-02 09:15:40
1390,51-HCM Cu Chi/Trung Lap Thuong Hub,in-house,Full-Time,45472,HUỲNH MINH TUYỂN,142,13,0.0915,123,6,2026-10-02 09:15:40
1390,51-HCM Cu Chi/Trung Lap Thuong Hub,in-house,Full-Time,7455,LÊ HOÀNG SƠN,169,20,0.1183,149,0,2026-10-02 09:15:40
1390,51-HCM Cu Chi/Trung Lap Thuong Hub,in-house,Full-Time,8081,NGUYỄN MINH DƯƠNG,128,15,0.1172,113,0,2026-10-02 09:15:40
1390,51-HCM Cu Chi/Trung Lap Thuong Hub,in-house,Full-Time,83908,QUẢN UYÊN UÔNG MINH,81,6,0.0741,74,1,2026-10-02 09:15:40
1390,51-HCM Cu Chi/Trung Lap Thuong Hub,in-house,Full-Time,109792,NGUYỄN NGỌC NAM,147,3,0.0204,135,9,2026-10-02 09:15:40
1390,51-HCM Cu Chi/Trung Lap Thuong Hub,in-house,Full-Time,121029,NGUYỄN HỮU TRUNG,179,5,0.0279,174,0,2026-10-02 09:15:40
1390,51-HCM Cu Chi/Trung Lap Thuong Hub,in-house,Full-Time,144062,TRẦN TẤN TRÍ,179,0,0,175,4,2026-10-02 09:15:40
1390,51-HCM Cu Chi/Trung Lap Thuong Hub,in-house,Full-Time,82566,NGUYỄN TRUNG HIẾU,131,0,0,129,2,2026-10-02 09:15:40
1390,51-HCM Cu Chi/Trung Lap Thuong Hub,in-house,Full-Time,147121,LÊ NGUYỄN HOÀNG HUY,95,0,0,94,1,2026-10-02 09:15:40
1390,51-HCM Cu Chi/Trung Lap Thuong Hub,in-house,Full-Time,111152,NGUYỄN ĐỨC TOÀN,100,0,0,99,1,2026-10-02 09:15:40
1390,51-HCM Cu Chi/Trung Lap Thuong Hub,in-house,Full-Time,77398,HUỲNH CHÍ CÔNG,118,0,0,117,1,2026-10-02 09:15:40
1390,51-HCM Cu Chi/Trung Lap Thuong Hub,in-house,Full-Time,7226,CAO MINH TRÍ,79,0,0,79,0,2026-10-02 09:15:40
4228,51-HCM D10/Dien Hong Hub,in-house,Full-Time,55865,LÊ PHẠM MINH NHẬT,148,83,0.5608,64,1,2026-10-02 09:15:40
4228,51-HCM D10/Dien Hong Hub,in-house,Full-Time,29115,PHẠM ĐÌNH TUẤN ANH,205,79,0.3854,122,4,2026-10-02 09:15:40
4228,51-HCM D10/Dien Hong Hub,in-house,Full-Time,26027,THÁI ANH THẮNG,188,45,0.2394,142,1,2026-10-02 09:15:40
4228,51-HCM D10/Dien Hong Hub,in-house,Full-Time,51822,ĐẶNG MINH LUÂN,149,34,0.2282,115,0,2026-10-02 09:15:40
4228,51-HCM D10/Dien Hong Hub,in-house,Full-Time,9591,PHẠM THANH LÂM,225,50,0.2222,175,0,2026-10-02 09:15:40
4228,51-HCM D10/Dien Hong Hub,in-house,Full-Time,12158,LẠI PHƯƠNG DUY,219,42,0.1918,177,0,2026-10-02 09:15:40
4228,51-HCM D10/Dien Hong Hub,in-house,Full-Time,92486,PHÙNG THANH BẢO,208,32,0.1538,175,1,2026-10-02 09:15:40
4228,51-HCM D10/Dien Hong Hub,in-house,Full-Time,3402,VŨ TRỌNG HUY,193,30,0.1554,163,0,2026-10-02 09:15:40
4228,51-HCM D10/Dien Hong Hub,in-house,Full-Time,159054,NGUYỄN CAO QUỐC,130,20,0.1538,110,0,2026-10-02 09:15:40
4228,51-HCM D10/Dien Hong Hub,in-house,Full-Time,12361,TRẦN TRUNG TÍN,179,15,0.0838,164,0,2026-10-02 09:15:40
4228,51-HCM D10/Dien Hong Hub,in-house,Full-Time,45280,NGUYỄN TRỌNG NGUYỄN,225,17,0.0756,208,0,2026-10-02 09:15:40
4228,51-HCM D10/Dien Hong Hub,in-house,Full-Time,25683,TRẦN QUỐC ĐĂNG KHOA,261,15,0.0575,244,2,2026-10-02 09:15:40
4228,51-HCM D10/Dien Hong Hub,in-house,Full-Time,1400,NGUYỄN VĂN HẬU,192,7,0.0365,184,1,2026-10-02 09:15:40
4228,51-HCM D10/Dien Hong Hub,in-house,Full-Time,67443,TRẦN CẨM HỒNG,187,5,0.0267,182,0,2026-10-02 09:15:40
4228,51-HCM D10/Dien Hong Hub,in-house,Full-Time,71575,VƯƠNG CẢNH HUY,222,0,0,218,4,2026-10-02 09:15:40
4228,51-HCM D10/Dien Hong Hub,in-house,Full-Time,42853,NGUYỄN KIẾN TRUNG,202,3,0.0149,199,0,2026-10-02 09:15:40
4228,51-HCM D10/Dien Hong Hub,in-house,Full-Time,6250,HUỲNH LỘC PHÚ,157,0,0,156,1,2026-10-02 09:15:40
4228,51-HCM D10/Dien Hong Hub,in-house,Full-Time,5723,TRẦN DỈNH TÀI,181,0,0,180,1,2026-10-02 09:15:40
4228,51-HCM D10/Dien Hong Hub,in-house,Full-Time,91631,LÊ HOÀNG LONG,189,0,0,188,1,2026-10-02 09:15:40
4228,51-HCM D10/Dien Hong Hub,in-house,Full-Time,12198,ĐẶNG NGỌC TRÚC,158,0,0,158,0,2026-10-02 09:15:40
4228,51-HCM D10/Dien Hong Hub,in-house,Full-Time,16358,DƯƠNG HOÀI DŨNG,174,0,0,174,0,2026-10-02 09:15:40
4228,51-HCM D10/Dien Hong Hub,in-house,Full-Time,16666,VƯƠNG BỒI LÂM,225,0,0,225,0,2026-10-02 09:15:40
4228,51-HCM D10/Dien Hong Hub,in-house,Full-Time,16804,TRẦN DUY TÙNG,131,0,0,131,0,2026-10-02 09:15:40
4228,51-HCM D10/Dien Hong Hub,in-house,Full-Time,21517,DƯƠNG CHÍ QUANG,170,0,0,170,0,2026-10-02 09:15:40
4228,51-HCM D10/Dien Hong Hub,in-house,Full-Time,22867,VÕ QUỐC NAM,157,0,0,157,0,2026-10-02 09:15:40
4228,51-HCM D10/Dien Hong Hub,in-house,Full-Time,23839,TRƯƠNG NGỌC QUÝ,167,0,0,167,0,2026-10-02 09:15:40
4228,51-HCM D10/Dien Hong Hub,in-house,Full-Time,25980,HÀ TRƯỞNG TUẤN,151,0,0,151,0,2026-10-02 09:15:40
4228,51-HCM D10/Dien Hong Hub,in-house,Full-Time,33775,HỒ HOÀNG KHANG,143,0,0,143,0,2026-10-02 09:15:40
4228,51-HCM D10/Dien Hong Hub,in-house,Full-Time,46016,NGUYỄN TUẤN TRUNG,254,0,0,254,0,2026-10-02 09:15:40
4228,51-HCM D10/Dien Hong Hub,in-house,Full-Time,49815,VÕ MINH CHIẾN,157,0,0,157,0,2026-10-02 09:15:40
4228,51-HCM D10/Dien Hong Hub,in-house,Full-Time,51965,TRẦN VĂN PHÚ,147,0,0,147,0,2026-10-02 09:15:40
4228,51-HCM D10/Dien Hong Hub,in-house,Full-Time,52148,NGUYỄN THÀNH LUÂN,191,0,0,191,0,2026-10-02 09:15:40
4228,51-HCM D10/Dien Hong Hub,in-house,Full-Time,52400,LA VU TRIỂN HUY,179,0,0,179,0,2026-10-02 09:15:40
4228,51-HCM D10/Dien Hong Hub,in-house,Full-Time,58765,TRẦN MÃN TẤN,157,0,0,157,0,2026-10-02 09:15:40
4228,51-HCM D10/Dien Hong Hub,in-house,Full-Time,68803,NGUYỄN VĂN NGUYÊN,127,0,0,127,0,2026-10-02 09:15:40
4228,51-HCM D10/Dien Hong Hub,in-house,Full-Time,92488,VÕ QUỐC LẬP,174,0,0,174,0,2026-10-02 09:15:40
4228,51-HCM D10/Dien Hong Hub,in-house,Full-Time,97014,CAO NGỌC HUỲNH,232,0,0,232,0,2026-10-02 09:15:40
4228,51-HCM D10/Dien Hong Hub,in-house,Full-Time,97333,NGUYỄN TIẾN THÔNG,130,0,0,130,0,2026-10-02 09:15:40
4228,51-HCM D10/Dien Hong Hub,in-house,Full-Time,98125,TRẦN MINH THẮNG,180,0,0,180,0,2026-10-02 09:15:40
4228,51-HCM D10/Dien Hong Hub,in-house,Full-Time,112023,LƯƠNG QUỐC HUY,169,0,0,169,0,2026-10-02 09:15:40
4228,51-HCM D10/Dien Hong Hub,in-house,Full-Time,114249,LƯ Ý THUẬN,205,0,0,205,0,2026-10-02 09:15:40
4228,51-HCM D10/Dien Hong Hub,in-house,Full-Time,117295,LÝ PHÁT,192,0,0,192,0,2026-10-02 09:15:40
4228,51-HCM D10/Dien Hong Hub,in-house,Full-Time,119520,NGÔ QUỐC BẢO,94,0,0,94,0,2026-10-02 09:15:40
4228,51-HCM D10/Dien Hong Hub,in-house,Full-Time,119530,NGUYỄN HOÀNG PHÚC,179,0,0,179,0,2026-10-02 09:15:40
4228,51-HCM D10/Dien Hong Hub,in-house,Full-Time,124604,PHẠM ANH NGHĨA,142,0,0,142,0,2026-10-02 09:15:40
4228,51-HCM D10/Dien Hong Hub,in-house,Full-Time,124870,LÊ VĂN NGÔ,140,0,0,140,0,2026-10-02 09:15:40
4228,51-HCM D10/Dien Hong Hub,in-house,Full-Time,126582,TRẦN VĨNH THẠNH,184,0,0,184,0,2026-10-02 09:15:40
4228,51-HCM D10/Dien Hong Hub,in-house,Full-Time,126777,VƯƠNG BỈNH HUY,191,0,0,191,0,2026-10-02 09:15:40
4625,51-HCM D10/Hoa Hung Hub,in-house,Full-Time,97011,LÊ HUỲNH PHI LONG,228,71,0.3114,153,4,2026-10-02 09:15:40
4625,51-HCM D10/Hoa Hung Hub,in-house,Full-Time,44783,NGUYỄN HOÀNG HÙNG,173,52,0.3006,119,2,2026-10-02 09:15:40
4625,51-HCM D10/Hoa Hung Hub,in-house,Full-Time,6658,VÒNG VĨNH CƯỜNG,248,70,0.2823,178,0,2026-10-02 09:15:40
4625,51-HCM D10/Hoa Hung Hub,in-house,Full-Time,62596,HUỲNH NHẬT HẢI,219,59,0.2694,160,0,2026-10-02 09:15:40
4625,51-HCM D10/Hoa Hung Hub,in-house,Full-Time,34575,NGUYỄN DŨNG TÂM,253,58,0.2292,195,0,2026-10-02 09:15:40
4625,51-HCM D10/Hoa Hung Hub,in-house,Full-Time,15316,TRẦN NGỌC VINH,165,36,0.2182,129,0,2026-10-02 09:15:40
4625,51-HCM D10/Hoa Hung Hub,in-house,Full-Time,135035,THÁI ANH MINH,262,54,0.2061,208,0,2026-10-02 09:15:40
4625,51-HCM D10/Hoa Hung Hub,in-house,Full-Time,84038,TRẦN LÂM MINH ĐẠI,126,22,0.1746,104,0,2026-10-02 09:15:40
4625,51-HCM D10/Hoa Hung Hub,in-house,Full-Time,1596,MAI THANH DUY,232,36,0.1552,193,3,2026-10-02 09:15:40
4625,51-HCM D10/Hoa Hung Hub,in-house,Full-Time,162118,TRẦN NGỌC HÙNG,180,27,0.15,153,0,2026-10-02 09:15:40
4625,51-HCM D10/Hoa Hung Hub,in-house,Full-Time,99705,LÊ XUÂN HÙNG,295,39,0.1322,255,1,2026-10-02 09:15:40
4625,51-HCM D10/Hoa Hung Hub,in-house,Full-Time,95293,ĐỖ THÁI TÂM,262,34,0.1298,228,0,2026-10-02 09:15:40
4625,51-HCM D10/Hoa Hung Hub,in-house,Full-Time,68663,TRẦN THÀNH PHÚC,259,24,0.0927,235,0,2026-10-02 09:15:40
4625,51-HCM D10/Hoa Hung Hub,in-house,Full-Time,30159,PHAN QUỐC BẢO,160,12,0.075,148,0,2026-10-02 09:15:40
4625,51-HCM D10/Hoa Hung Hub,in-house,Full-Time,71111,PHẠM TIẾN LÂM,220,15,0.0682,204,1,2026-10-02 09:15:40
4625,51-HCM D10/Hoa Hung Hub,in-house,Full-Time,84841,CAO DƯƠNG HẢI,160,5,0.0313,150,5,2026-10-02 09:15:40
4625,51-HCM D10/Hoa Hung Hub,in-house,Full-Time,33760,PHAN TRỌNG LINH,196,9,0.0459,187,0,2026-10-02 09:15:40
4625,51-HCM D10/Hoa Hung Hub,in-house,Full-Time,14775,LẠC CHÍ TÂM,163,0,0,156,7,2026-10-02 09:15:40
4625,51-HCM D10/Hoa Hung Hub,in-house,Full-Time,543,TRỊNH CÔNG,217,0,0,215,2,2026-10-02 09:15:40
4625,51-HCM D10/Hoa Hung Hub,in-house,Full-Time,870,VÕ MINH TRỌNG,282,2,0.0071,280,0,2026-10-02 09:15:40
4625,51-HCM D10/Hoa Hung Hub,in-house,Full-Time,61504,NGUYỄN NGỌC LONG,151,0,0,150,1,2026-10-02 09:15:40
4625,51-HCM D10/Hoa Hung Hub,in-house,Full-Time,1558,TRẦN TRỌNG NHÂN,204,0,0,203,1,2026-10-02 09:15:40
4625,51-HCM D10/Hoa Hung Hub,in-house,Full-Time,835,NGÔ TẤN THÀNH,191,0,0,191,0,2026-10-02 09:15:40
4625,51-HCM D10/Hoa Hung Hub,in-house,Full-Time,6001,NGUYỄN BỮU ĐĂNG,259,0,0,259,0,2026-10-02 09:15:40
4625,51-HCM D10/Hoa Hung Hub,in-house,Full-Time,13083,QUÁCH ĐẠT KIỆN,132,0,0,132,0,2026-10-02 09:15:40
4625,51-HCM D10/Hoa Hung Hub,in-house,Full-Time,14622,ĐÀM CHÍ BẢO,75,0,0,75,0,2026-10-02 09:15:40
4625,51-HCM D10/Hoa Hung Hub,in-house,Full-Time,16260,HÀ NGUYỄN PHƯƠNG NAM,184,0,0,184,0,2026-10-02 09:15:40
4625,51-HCM D10/Hoa Hung Hub,in-house,Full-Time,24581,VÕ MINH HOÀNG,197,0,0,197,0,2026-10-02 09:15:40
4625,51-HCM D10/Hoa Hung Hub,in-house,Full-Time,25113,LAI HỮU TÀI,137,0,0,137,0,2026-10-02 09:15:40
4625,51-HCM D10/Hoa Hung Hub,in-house,Full-Time,28625,LA TRƯỜNG SƠN,240,0,0,240,0,2026-10-02 09:15:40
4625,51-HCM D10/Hoa Hung Hub,in-house,Full-Time,33209,LÊ NHỰT MINH,216,0,0,216,0,2026-10-02 09:15:40
4625,51-HCM D10/Hoa Hung Hub,in-house,Full-Time,33500,LÝ HUỲNH CHÍ LƯƠNG,180,0,0,180,0,2026-10-02 09:15:40
4625,51-HCM D10/Hoa Hung Hub,in-house,Full-Time,33896,NGUYỄN MINH HOÀNG,176,0,0,176,0,2026-10-02 09:15:40
4625,51-HCM D10/Hoa Hung Hub,in-house,Full-Time,49940,QUÁCH ĐẠT THÔNG,144,0,0,144,0,2026-10-02 09:15:40
4625,51-HCM D10/Hoa Hung Hub,in-house,Full-Time,53164,BÙI VĨNH PHÁT,219,0,0,219,0,2026-10-02 09:15:40
4625,51-HCM D10/Hoa Hung Hub,in-house,Full-Time,55936,NGUYỄN CÔNG TUỆ,170,0,0,170,0,2026-10-02 09:15:40
4625,51-HCM D10/Hoa Hung Hub,in-house,Full-Time,68674,ĐOÀN VÕ HOÀNG TUẤN,176,0,0,176,0,2026-10-02 09:15:40
4625,51-HCM D10/Hoa Hung Hub,in-house,Full-Time,73619,ĐỒNG HỮU TIẾN,150,0,0,150,0,2026-10-02 09:15:40
4625,51-HCM D10/Hoa Hung Hub,in-house,Full-Time,80582,NGUYỄN TUẤN THÔNG,106,0,0,106,0,2026-10-02 09:15:40
4625,51-HCM D10/Hoa Hung Hub,in-house,Full-Time,81699,NGUYỄN MINH ĐỨC,167,0,0,167,0,2026-10-02 09:15:40
4625,51-HCM D10/Hoa Hung Hub,in-house,Full-Time,82225,PHẠM MINH THUẬN,144,0,0,144,0,2026-10-02 09:15:40
4625,51-HCM D10/Hoa Hung Hub,in-house,Full-Time,91977,TRƯƠNG LẬP HÀO,242,0,0,242,0,2026-10-02 09:15:40
4625,51-HCM D10/Hoa Hung Hub,in-house,Full-Time,101303,NGUYỄN HOÀNG NGHĨA,107,0,0,107,0,2026-10-02 09:15:40
4625,51-HCM D10/Hoa Hung Hub,in-house,Full-Time,104863,MẠC TÔ MẪN,115,0,0,115,0,2026-10-02 09:15:40
4625,51-HCM D10/Hoa Hung Hub,in-house,Full-Time,115765,ĐẶNG TRUNG KIÊN,189,0,0,189,0,2026-10-02 09:15:40
4625,51-HCM D10/Hoa Hung Hub,in-house,Full-Time,123590,LÊ MINH,132,0,0,132,0,2026-10-02 09:15:40
4625,51-HCM D10/Hoa Hung Hub,in-house,Full-Time,146515,THÁI DÂN DIỆU,235,0,0,235,0,2026-10-02 09:15:40
5039,51-HCM D10/Truong Son Hub,in-house,Full-Time,98127,LÊ LƯU HOÀNG ANH TUẤN,109,38,0.3486,69,2,2026-10-02 09:15:40
5039,51-HCM D10/Truong Son Hub,in-house,Full-Time,153023,TRẦN VIỆT HOÀNG,115,28,0.2435,85,2,2026-10-02 09:15:40
5039,51-HCM D10/Truong Son Hub,in-house,Full-Time,6698,DƯƠNG VỸ HÙNG,206,41,0.199,159,6,2026-10-02 09:15:40
5039,51-HCM D10/Truong Son Hub,in-house,Full-Time,93662,PHÙNG NGUYỄN XUÂN THẮNG,119,24,0.2017,95,0,2026-10-02 09:15:40
5039,51-HCM D10/Truong Son Hub,in-house,Full-Time,31800,HOÀNG ĐỨC TOÀN,10,0,0,8,2,2026-10-02 09:15:40
5039,51-HCM D10/Truong Son Hub,in-house,Full-Time,33558,TRƯƠNG THÀNH DANH,155,27,0.1742,128,0,2026-10-02 09:15:40
5039,51-HCM D10/Truong Son Hub,in-house,Full-Time,94773,LÊ MINH CƯỜNG,47,0,0,43,4,2026-10-02 09:15:40
5039,51-HCM D10/Truong Son Hub,in-house,Full-Time,48559,LÝ THÀNH ĐẠT,130,11,0.0846,119,0,2026-10-02 09:15:40
5039,51-HCM D10/Truong Son Hub,in-house,Full-Time,139758,NGUYỄN LƯ THANH THÁI,103,0,0,99,4,2026-10-02 09:15:40
5039,51-HCM D10/Truong Son Hub,in-house,Full-Time,22977,TẠ XUÂN TÀI,175,0,0,169,6,2026-10-02 09:15:40
5039,51-HCM D10/Truong Son Hub,in-house,Full-Time,35959,CAO BÁ PHÁT,137,0,0,133,4,2026-10-02 09:15:40
5039,51-HCM D10/Truong Son Hub,in-house,Full-Time,43812,MAI HOÀNG ĐỨC,198,0,0,193,5,2026-10-02 09:15:40
5039,51-HCM D10/Truong Son Hub,in-house,Full-Time,97117,NGUYỄN ĐÌNH PHÁT,99,0,0,97,2,2026-10-02 09:15:40
5039,51-HCM D10/Truong Son Hub,in-house,Full-Time,1121,NGUYỄN TRƯỜNG DUY,168,0,0,165,3,2026-10-02 09:15:40
5039,51-HCM D10/Truong Son Hub,in-house,Full-Time,22106,NGUYỄN PHẠM VĂN GIỎI,113,0,0,111,2,2026-10-02 09:15:40
5039,51-HCM D10/Truong Son Hub,in-house,Full-Time,135827,NGUYỄN VĂN TRÍ,91,0,0,90,1,2026-10-02 09:15:40
5039,51-HCM D10/Truong Son Hub,in-house,Full-Time,22555,NGUYỄN TRUNG HIẾU,141,0,0,140,1,2026-10-02 09:15:40
5039,51-HCM D10/Truong Son Hub,in-house,Full-Time,96212,NGUYỄN KHẮC SƠN,204,0,0,203,1,2026-10-02 09:15:40
5039,51-HCM D10/Truong Son Hub,in-house,Full-Time,2229,HOÀNG ANH TUẤN,3,0,0,3,0,2026-10-02 09:15:40
5039,51-HCM D10/Truong Son Hub,in-house,Full-Time,3356,ĐÀO NGỌC TRÍ,111,0,0,111,0,2026-10-02 09:15:40
5039,51-HCM D10/Truong Son Hub,in-house,Full-Time,3662,PHAN TRỌNG KHOA,88,0,0,88,0,2026-10-02 09:15:40
5039,51-HCM D10/Truong Son Hub,in-house,Full-Time,16268,TRẦN HẢI ĐĂNG,44,0,0,44,0,2026-10-02 09:15:40
5039,51-HCM D10/Truong Son Hub,in-house,Full-Time,16783,NGUYỄN MINH HÙNG,43,0,0,43,0,2026-10-02 09:15:40
5039,51-HCM D10/Truong Son Hub,in-house,Full-Time,18784,ÔN CHÍ LƯƠNG,126,0,0,126,0,2026-10-02 09:15:40
5039,51-HCM D10/Truong Son Hub,in-house,Full-Time,18984,KIỀU MINH ĐỨC,87,0,0,87,0,2026-10-02 09:15:40
5039,51-HCM D10/Truong Son Hub,in-house,Full-Time,26047,LÊ PHAN NHẤT DUY,129,0,0,129,0,2026-10-02 09:15:40
5039,51-HCM D10/Truong Son Hub,in-house,Full-Time,26639,TRẦN ĐỨC PHƯƠNG,170,0,0,170,0,2026-10-02 09:15:40
5039,51-HCM D10/Truong Son Hub,in-house,Full-Time,32856,ĐINH ĐỨC THÀNH,27,0,0,27,0,2026-10-02 09:15:40
5039,51-HCM D10/Truong Son Hub,in-house,Full-Time,33367,PHAN ANH TÂY,200,0,0,200,0,2026-10-02 09:15:40
5039,51-HCM D10/Truong Son Hub,in-house,Full-Time,35277,NGUYỄN TRƯƠNG THÀNH VÂN,117,0,0,117,0,2026-10-02 09:15:40
5039,51-HCM D10/Truong Son Hub,in-house,Full-Time,35622,ĐOÀN LONG QUÝ,125,0,0,125,0,2026-10-02 09:15:40
5039,51-HCM D10/Truong Son Hub,in-house,Full-Time,36670,TRƯƠNG QUÍ THUẬN,174,0,0,174,0,2026-10-02 09:15:40
5039,51-HCM D10/Truong Son Hub,in-house,Full-Time,41763,TRƯƠNG VĂN THÀNH,191,0,0,191,0,2026-10-02 09:15:40
5039,51-HCM D10/Truong Son Hub,in-house,Full-Time,44404,NGUYỄN ĐỨC QUYẾT,117,0,0,117,0,2026-10-02 09:15:40
5039,51-HCM D10/Truong Son Hub,in-house,Full-Time,45630,ĐỒNG THANH TÚ,170,0,0,170,0,2026-10-02 09:15:40
5039,51-HCM D10/Truong Son Hub,in-house,Full-Time,52760,HỒNG MINH SANG,38,0,0,38,0,2026-10-02 09:15:40
5039,51-HCM D10/Truong Son Hub,in-house,Full-Time,61583,VĂN QUANG DĨ,85,0,0,85,0,2026-10-02 09:15:40
5039,51-HCM D10/Truong Son Hub,in-house,Full-Time,75515,VŨ THÀNH TRUNG HIẾU,33,0,0,33,0,2026-10-02 09:15:40
5039,51-HCM D10/Truong Son Hub,in-house,Full-Time,86499,MAI PHƯỚC TÀI,109,0,0,109,0,2026-10-02 09:15:40
5039,51-HCM D10/Truong Son Hub,in-house,Full-Time,95702,NGUYỄN TẤN ĐẠT,38,0,0,38,0,2026-10-02 09:15:40
5039,51-HCM D10/Truong Son Hub,in-house,Full-Time,97116,TRẦN MINH TIẾN,119,0,0,119,0,2026-10-02 09:15:40
5039,51-HCM D10/Truong Son Hub,in-house,Full-Time,103439,LÊ VŨ THANH BÌNH,103,0,0,103,0,2026-10-02 09:15:40
5039,51-HCM D10/Truong Son Hub,in-house,Full-Time,130533,NGUYỄN MINH QUÂN,1,0,0,1,0,2026-10-02 09:15:40
5039,51-HCM D10/Truong Son Hub,in-house,Full-Time,147737,NGUYỄN LÊ MINH ĐỨC,130,0,0,130,0,2026-10-02 09:15:40
5039,51-HCM D10/Truong Son Hub,in-house,Full-Time,152332,ĐOÀN CHIẾN TRƯỜNG,129,0,0,129,0,2026-10-02 09:15:40
5039,51-HCM D10/Truong Son Hub,in-house,Full-Time,161987,HÀ VĨNH DINH,78,0,0,78,0,2026-10-02 09:15:40
4293,51-HCM D11/Binh Thoi Hub,in-house,Full-Time,12220,NGUYỄN HỮU BẢO,153,31,0.2026,122,0,2026-10-02 09:15:40
4293,51-HCM D11/Binh Thoi Hub,in-house,Full-Time,7137,TRẦN TRIỂN VŨ,161,18,0.1118,141,2,2026-10-02 09:15:40
4293,51-HCM D11/Binh Thoi Hub,in-house,Full-Time,120239,TRẦN PHƯỚC LÂM,99,12,0.1212,87,0,2026-10-02 09:15:40
4293,51-HCM D11/Binh Thoi Hub,in-house,Full-Time,12292,NGUYỄN NGỌC SANG,194,11,0.0567,181,2,2026-10-02 09:15:40
4293,51-HCM D11/Binh Thoi Hub,in-house,Full-Time,122087,TRỊNH ĐỨC LỢI,259,2,0.0077,254,3,2026-10-02 09:15:40
4293,51-HCM D11/Binh Thoi Hub,in-house,Full-Time,90420,HỒ QUỐC HOÀ,197,1,0.0051,195,1,2026-10-02 09:15:40
4293,51-HCM D11/Binh Thoi Hub,in-house,Full-Time,89233,TRẦN NGỌC TRÂN,157,1,0.0064,156,0,2026-10-02 09:15:40
4293,51-HCM D11/Binh Thoi Hub,in-house,Full-Time,47392,LÊ XUÂN TÍN,199,0,0,199,0,2026-10-02 09:15:40
4293,51-HCM D11/Binh Thoi Hub,in-house,Full-Time,50006,PHÚN CHĂN VÁY,163,0,0,163,0,2026-10-02 09:15:40
4293,51-HCM D11/Binh Thoi Hub,in-house,Full-Time,56455,LÊ THÀNH NGHỊ,152,0,0,152,0,2026-10-02 09:15:40
4293,51-HCM D11/Binh Thoi Hub,in-house,Full-Time,64107,NGUYỄN DANH HOÀNG HIẾU,220,0,0,220,0,2026-10-02 09:15:40
4293,51-HCM D11/Binh Thoi Hub,in-house,Full-Time,86853,PHẠM VĂN HẬU,167,0,0,167,0,2026-10-02 09:15:40
4293,51-HCM D11/Binh Thoi Hub,in-house,Full-Time,128759,LÝ CHÍ VINH,203,0,0,203,0,2026-10-02 09:15:40
4293,51-HCM D11/Binh Thoi Hub,in-house,Full-Time,132184,LÊ MINH HẠP,195,0,0,195,0,2026-10-02 09:15:40
2318,51-HCM D11/Phuong 15 Hub,in-house,Full-Time,106904,HUỲNH CHÍNH THÀNH,156,35,0.2244,121,0,2026-10-02 09:15:40
2318,51-HCM D11/Phuong 15 Hub,in-house,Full-Time,95,TRẦN ANH KIỆT,149,20,0.1342,128,1,2026-10-02 09:15:40
2318,51-HCM D11/Phuong 15 Hub,in-house,Full-Time,57995,HUỲNH HỒNG HƯNG,150,6,0.04,144,0,2026-10-02 09:15:40
2318,51-HCM D11/Phuong 15 Hub,in-house,Full-Time,16284,MAI THIÊN PHƯỚC,153,4,0.0261,148,1,2026-10-02 09:15:40
2318,51-HCM D11/Phuong 15 Hub,in-house,Full-Time,1512,TRƯƠNG VÕ HOÀI BẢO,204,3,0.0147,201,0,2026-10-02 09:15:40
2318,51-HCM D11/Phuong 15 Hub,in-house,Full-Time,52339,NGUYỄN MINH TUẤN,96,1,0.0104,95,0,2026-10-02 09:15:40
2318,51-HCM D11/Phuong 15 Hub,in-house,Full-Time,3520,PHÙNG BỈNH TÍN,139,0,0,138,1,2026-10-02 09:15:40
2318,51-HCM D11/Phuong 15 Hub,in-house,Full-Time,8299,MÃ HÁN TÀI,155,1,0.0065,154,0,2026-10-02 09:15:40
2318,51-HCM D11/Phuong 15 Hub,in-house,Full-Time,31654,NGUYỄN QUANG HẢI,153,0,0,152,1,2026-10-02 09:15:40
2318,51-HCM D11/Phuong 15 Hub,in-house,Full-Time,14612,NGUYỄN HOÀNG THANH TÙNG,174,0,0,174,0,2026-10-02 09:15:40
2318,51-HCM D11/Phuong 15 Hub,in-house,Full-Time,71453,TĂNG GIA BẢO,174,0,0,174,0,2026-10-02 09:15:40
2421,51-HCM D12/Dong Hung Thuan Hub,in-house,Full-Time,117629,NGUYỄN ĐẠT PHƯƠNG,153,40,0.2614,112,1,2026-10-02 09:15:40
2421,51-HCM D12/Dong Hung Thuan Hub,in-house,Full-Time,59610,NGUYỄN MAI LINH,187,43,0.2299,143,1,2026-10-02 09:15:40
2421,51-HCM D12/Dong Hung Thuan Hub,in-house,Full-Time,95026,NGUYỄN VĂN TÌNH,140,32,0.2286,108,0,2026-10-02 09:15:40
2421,51-HCM D12/Dong Hung Thuan Hub,in-house,Full-Time,97119,LÊ VĂN NGHIÊM,136,15,0.1103,119,2,2026-10-02 09:15:40
2421,51-HCM D12/Dong Hung Thuan Hub,in-house,Full-Time,96206,TRẦN ĐỨC ANH,115,14,0.1217,101,0,2026-10-02 09:15:40
2421,51-HCM D12/Dong Hung Thuan Hub,in-house,Full-Time,37803,NGUYỄN HUỲNH NGỌC ÂN,173,19,0.1098,153,1,2026-10-02 09:15:40
2421,51-HCM D12/Dong Hung Thuan Hub,in-house,Full-Time,77588,NGUYỄN CHÍ HẢI,143,11,0.0769,127,5,2026-10-02 09:15:40
2421,51-HCM D12/Dong Hung Thuan Hub,in-house,Full-Time,60132,NGUYỄN VĂN THÌN,148,11,0.0743,137,0,2026-10-02 09:15:40
2421,51-HCM D12/Dong Hung Thuan Hub,in-house,Full-Time,111171,KIỀU GIA HƯNG,133,6,0.0451,124,3,2026-10-02 09:15:40
2421,51-HCM D12/Dong Hung Thuan Hub,in-house,Full-Time,68891,HÀ MẠNH NGUYÊN,110,3,0.0273,107,0,2026-10-02 09:15:40
2421,51-HCM D12/Dong Hung Thuan Hub,in-house,Full-Time,4127,NGUYỄN VŨ PHONG,154,0,0,154,0,2026-10-02 09:15:40
2421,51-HCM D12/Dong Hung Thuan Hub,in-house,Full-Time,31030,NGUYỄN MINH TÂN,125,0,0,125,0,2026-10-02 09:15:40
2421,51-HCM D12/Dong Hung Thuan Hub,in-house,Full-Time,46501,NGUYỄN ĐỨC SONG,118,0,0,118,0,2026-10-02 09:15:40
2396,51-HCM D12/Le Thi Rieng Hub,in-house,Full-Time,71330,VÕ VĂN NGHĨA,101,7,0.0693,94,0,2026-10-02 09:15:41
2396,51-HCM D12/Le Thi Rieng Hub,in-house,Full-Time,157349,NGUYỄN TOÀN THẮNG,168,7,0.0417,158,3,2026-10-02 09:15:41
2396,51-HCM D12/Le Thi Rieng Hub,in-house,Full-Time,137691,ĐINH VĂN MẢO,100,1,0.01,96,3,2026-10-02 09:15:41
2396,51-HCM D12/Le Thi Rieng Hub,in-house,Full-Time,94298,TRẦN HỮU CHIẾN,174,0,0,168,5,2026-10-02 09:15:41
2396,51-HCM D12/Le Thi Rieng Hub,in-house,Full-Time,16658,LÊ TÙNG QUANG,182,0,0,178,4,2026-10-02 09:15:41
2396,51-HCM D12/Le Thi Rieng Hub,in-house,Full-Time,66418,NGUYỄN QUANG TRƯỜNG,161,0,0,159,2,2026-10-02 09:15:41
2396,51-HCM D12/Le Thi Rieng Hub,in-house,Full-Time,149786,NGUYỄN TRƯỜNG AN,179,2,0.0112,177,0,2026-10-02 09:15:41
2396,51-HCM D12/Le Thi Rieng Hub,in-house,Full-Time,58660,NGUYỄN THÁI DƯƠNG,124,0,0,123,1,2026-10-02 09:15:41
2396,51-HCM D12/Le Thi Rieng Hub,in-house,Full-Time,134051,NGUYỄN CẢNH MINH,141,0,0,140,1,2026-10-02 09:15:41
2396,51-HCM D12/Le Thi Rieng Hub,in-house,Full-Time,39340,TRỊNH HOÀNG QUÂN,149,0,0,148,1,2026-10-02 09:15:41
2396,51-HCM D12/Le Thi Rieng Hub,in-house,Full-Time,2102,ĐÀM QUỐC VINH,136,0,0,136,0,2026-10-02 09:15:41
2396,51-HCM D12/Le Thi Rieng Hub,in-house,Full-Time,9348,ĐÀM QUỐC VƯƠNG,167,0,0,167,0,2026-10-02 09:15:41
2396,51-HCM D12/Le Thi Rieng Hub,in-house,Full-Time,34472,NGUYỄN LÊ THẾ ANH,156,0,0,156,0,2026-10-02 09:15:41
2396,51-HCM D12/Le Thi Rieng Hub,in-house,Full-Time,37955,TRẦN TRỌNG TÍN,164,0,0,164,0,2026-10-02 09:15:41
2396,51-HCM D12/Le Thi Rieng Hub,in-house,Full-Time,64766,NGUYỄN MINH TRÍ,132,0,0,132,0,2026-10-02 09:15:41
2396,51-HCM D12/Le Thi Rieng Hub,in-house,Full-Time,119516,NGUYỄN VĂN NGÂN,143,0,0,143,0,2026-10-02 09:15:41
2316,51-HCM D12/Le Van Khuong Hub,in-house,Full-Time,109182,NGUYỄN VĂN MINH,1,1,1,0,0,2026-10-02 09:15:41
2316,51-HCM D12/Le Van Khuong Hub,in-house,Full-Time,119526,TÔ THANH VĨNH,159,37,0.2327,121,1,2026-10-02 09:15:41
2316,51-HCM D12/Le Van Khuong Hub,in-house,Full-Time,1609,TRƯƠNG CÔNG SƠN,197,42,0.2132,155,0,2026-10-02 09:15:41
2316,51-HCM D12/Le Van Khuong Hub,in-house,Full-Time,19071,HUỲNH NGUYỄN THÁI VƯƠNG,189,34,0.1799,155,0,2026-10-02 09:15:41
2316,51-HCM D12/Le Van Khuong Hub,in-house,Full-Time,9001,LÊ BÌNH,220,17,0.0773,203,0,2026-10-02 09:15:41
2316,51-HCM D12/Le Van Khuong Hub,in-house,Full-Time,2671,LÊ VẸN,167,4,0.024,162,1,2026-10-02 09:15:41
2316,51-HCM D12/Le Van Khuong Hub,in-house,Full-Time,44739,NGUYỄN MINH HẢI,112,0,0,111,1,2026-10-02 09:15:41
2316,51-HCM D12/Le Van Khuong Hub,in-house,Full-Time,136127,ĐÀO ĐỨC THỊNH,123,0,0,122,1,2026-10-02 09:15:41
2316,51-HCM D12/Le Van Khuong Hub,in-house,Full-Time,37446,TRẦN KHÁNH THIỆN,147,0,0,146,1,2026-10-02 09:15:41
2316,51-HCM D12/Le Van Khuong Hub,in-house,Full-Time,15189,NGUYỄN VĂN LIÊM,158,0,0,157,1,2026-10-02 09:15:41
2316,51-HCM D12/Le Van Khuong Hub,in-house,Full-Time,15081,NGUYỄN VĂN THANH LONG,289,1,0.0035,288,0,2026-10-02 09:15:41
2316,51-HCM D12/Le Van Khuong Hub,in-house,Full-Time,75352,NGUYỄN THANH LONG,175,0,0,175,0,2026-10-02 09:15:41
2316,51-HCM D12/Le Van Khuong Hub,in-house,Full-Time,77246,NGUYỄN VĂN ĐẠT,162,0,0,162,0,2026-10-02 09:15:41
2316,51-HCM D12/Le Van Khuong Hub,in-house,Full-Time,125902,TRẦN THANH HÀ,116,0,0,116,0,2026-10-02 09:15:41
2316,51-HCM D12/Le Van Khuong Hub,in-house,Full-Time,132602,TRẦN QUỐC KHÔI,98,0,0,98,0,2026-10-02 09:15:41
2316,51-HCM D12/Le Van Khuong Hub,in-house,Full-Time,153810,ĐINH MINH TUẤN,0,0,0,0,0,2026-10-02 09:15:41
4785,51-HCM D12/Nguyen Van Qua Hub,in-house,Full-Time,76700,NGUYỄN CAO NGHĨA,193,46,0.2383,147,0,2026-10-02 09:15:41
4785,51-HCM D12/Nguyen Van Qua Hub,in-house,Full-Time,76793,ĐỖ THANH SANG,133,25,0.188,107,1,2026-10-02 09:15:41
4785,51-HCM D12/Nguyen Van Qua Hub,in-house,Full-Time,70683,NGUYỄN MINH KHANG,152,25,0.1645,126,1,2026-10-02 09:15:41
4785,51-HCM D12/Nguyen Van Qua Hub,in-house,Full-Time,149295,PHẠM QUỐC MINH,125,10,0.08,114,1,2026-10-02 09:15:41
4785,51-HCM D12/Nguyen Van Qua Hub,in-house,Full-Time,117622,TRẦN THANH ĐẢM,200,13,0.065,187,0,2026-10-02 09:15:41
4785,51-HCM D12/Nguyen Van Qua Hub,in-house,Full-Time,38218,VŨ CÔNG HIẾU,165,0,0,156,9,2026-10-02 09:15:41
4785,51-HCM D12/Nguyen Van Qua Hub,in-house,Full-Time,101302,NGUYỄN CHÍ HÀO,164,8,0.0488,156,0,2026-10-02 09:15:41
4785,51-HCM D12/Nguyen Van Qua Hub,in-house,Full-Time,117306,PHAN TẤN TÀI,185,0,0,176,9,2026-10-02 09:15:41
4785,51-HCM D12/Nguyen Van Qua Hub,in-house,Full-Time,8286,TRẦN VĂN NHƠN,160,4,0.025,156,0,2026-10-02 09:15:41
4785,51-HCM D12/Nguyen Van Qua Hub,in-house,Full-Time,123594,TRẦN THANH HUY,169,1,0.0059,168,0,2026-10-02 09:15:41
4785,51-HCM D12/Nguyen Van Qua Hub,in-house,Full-Time,119517,NGUYỄN QUỐC HÒA,195,1,0.0051,194,0,2026-10-02 09:15:41
4785,51-HCM D12/Nguyen Van Qua Hub,in-house,Full-Time,48278,NGUYỄN NGỌC MINH CHÂU,127,0,0,127,0,2026-10-02 09:15:41
4785,51-HCM D12/Nguyen Van Qua Hub,in-house,Full-Time,77582,PHẠM THANH PHONG,131,0,0,131,0,2026-10-02 09:15:41
4785,51-HCM D12/Nguyen Van Qua Hub,in-house,Full-Time,86161,NGUYỄN HỮU TÌNH,95,0,0,95,0,2026-10-02 09:15:41
4785,51-HCM D12/Nguyen Van Qua Hub,in-house,Full-Time,95706,PHẠM QUỐC HÀO,174,0,0,174,0,2026-10-02 09:15:41
1872,51-HCM D12/Thanh Loc Hub,in-house,Full-Time,3757,NGUYỄN VĂN PHÚC,118,33,0.2797,85,0,2026-10-02 09:15:41
1872,51-HCM D12/Thanh Loc Hub,in-house,Full-Time,17189,NGUYỄN ĐỨC ANH TÀI,147,22,0.1497,118,7,2026-10-02 09:15:41
1872,51-HCM D12/Thanh Loc Hub,in-house,Full-Time,162117,NGUYỄN KHẮC MINH DŨNG,137,15,0.1095,122,0,2026-10-02 09:15:41
1872,51-HCM D12/Thanh Loc Hub,in-house,Full-Time,140299,HUỲNH VĂN HẬU,102,10,0.098,92,0,2026-10-02 09:15:41
1872,51-HCM D12/Thanh Loc Hub,in-house,Full-Time,116417,NGUYỄN ĐĂNG HẠNH PHÚC,173,16,0.0925,157,0,2026-10-02 09:15:41
1872,51-HCM D12/Thanh Loc Hub,in-house,Full-Time,139035,PHẠM VĂN NHÂN,116,9,0.0776,107,0,2026-10-02 09:15:41
1872,51-HCM D12/Thanh Loc Hub,in-house,Full-Time,95879,LÊ MINH TÙNG,144,1,0.0069,134,9,2026-10-02 09:15:41
1872,51-HCM D12/Thanh Loc Hub,in-house,Full-Time,64350,NGUYỄN QUỐC BẢO,139,7,0.0504,132,0,2026-10-02 09:15:41
1872,51-HCM D12/Thanh Loc Hub,in-house,Full-Time,138649,NGUYỄN VĂN PHƯỚC,117,1,0.0085,114,2,2026-10-02 09:15:41
1872,51-HCM D12/Thanh Loc Hub,in-house,Full-Time,4666,TRẦN MINH CHÂU,124,0,0,123,1,2026-10-02 09:15:41
1872,51-HCM D12/Thanh Loc Hub,in-house,Full-Time,71329,DƯƠNG MINH TIỀN,128,1,0.0078,127,0,2026-10-02 09:15:41
1872,51-HCM D12/Thanh Loc Hub,in-house,Full-Time,157978,ĐÀO VĂN LAM SƠN,134,1,0.0075,133,0,2026-10-02 09:15:41
1872,51-HCM D12/Thanh Loc Hub,in-house,Full-Time,33040,TRẦN QUANG THÁI,175,0,0,174,1,2026-10-02 09:15:41
1872,51-HCM D12/Thanh Loc Hub,in-house,Full-Time,130685,NGUYỄN TRUNG HIẾU,185,0,0,184,1,2026-10-02 09:15:41
1872,51-HCM D12/Thanh Loc Hub,in-house,Full-Time,22373,TRƯƠNG HOÀNG VŨ,135,0,0,135,0,2026-10-02 09:15:41
1872,51-HCM D12/Thanh Loc Hub,in-house,Full-Time,39907,NGUYỄN QUỐC DUY,258,0,0,258,0,2026-10-02 09:15:41
1872,51-HCM D12/Thanh Loc Hub,in-house,Full-Time,42110,TRẦN NGỌC BÌNH,93,0,0,93,0,2026-10-02 09:15:41
1872,51-HCM D12/Thanh Loc Hub,in-house,Full-Time,43147,NGUYỄN MINH TÂM,180,0,0,180,0,2026-10-02 09:15:41
1872,51-HCM D12/Thanh Loc Hub,in-house,Full-Time,54564,ĐINH NGUYỄN TẤN TÀI,145,0,0,145,0,2026-10-02 09:15:41
1872,51-HCM D12/Thanh Loc Hub,in-house,Full-Time,64754,NGUYỄN VĂN TIẾN,103,0,0,103,0,2026-10-02 09:15:41
1872,51-HCM D12/Thanh Loc Hub,in-house,Full-Time,92467,LÊ NGỌC BẢO CHÂU,123,0,0,123,0,2026-10-02 09:15:41
1872,51-HCM D12/Thanh Loc Hub,in-house,Full-Time,121038,ĐỖ CHẤN PHONG,105,0,0,105,0,2026-10-02 09:15:41
1872,51-HCM D12/Thanh Loc Hub,in-house,Full-Time,125090,ĐỖ CHÍ THÀNH,26,0,0,26,0,2026-10-02 09:15:41
1872,51-HCM D12/Thanh Loc Hub,in-house,Full-Time,126335,LÊ HOÀNG TÂN,168,0,0,168,0,2026-10-02 09:15:41
1872,51-HCM D12/Thanh Loc Hub,in-house,Full-Time,128162,PHẠM KHẢ TRỌNG,72,0,0,72,0,2026-10-02 09:15:41
1872,51-HCM D12/Thanh Loc Hub,in-house,Full-Time,134181,NGHỊ HỒNG TÂM,191,0,0,191,0,2026-10-02 09:15:41
1872,51-HCM D12/Thanh Loc Hub,in-house,Full-Time,141821,NGUYỄN ĐẠT TIẾN,137,0,0,137,0,2026-10-02 09:15:41
1872,51-HCM D12/Thanh Loc Hub,in-house,Full-Time,142277,NGUYỄN VĂN NAM,145,0,0,145,0,2026-10-02 09:15:41
2260,51-HCM D12/Thanh Xuan Hub,in-house,Full-Time,156842,NGUYỄN HOÀNG DŨNG,104,18,0.1731,86,0,2026-10-02 09:15:41
2260,51-HCM D12/Thanh Xuan Hub,in-house,Full-Time,136980,TRẦN NGỌC TỶ,164,22,0.1341,141,1,2026-10-02 09:15:41
2260,51-HCM D12/Thanh Xuan Hub,in-house,Full-Time,20303,NGUYỄN THỊ TƯƠI,137,16,0.1168,121,0,2026-10-02 09:15:41
2260,51-HCM D12/Thanh Xuan Hub,in-house,Full-Time,67593,NGUYỄN TUẤN ANH,214,1,0.0047,195,18,2026-10-02 09:15:41
2260,51-HCM D12/Thanh Xuan Hub,in-house,Full-Time,159055,NGUYỄN HOÀNG SANG,92,5,0.0543,86,1,2026-10-02 09:15:41
2260,51-HCM D12/Thanh Xuan Hub,in-house,Full-Time,145898,BÙI ĐỨC TÍN,117,5,0.0427,110,2,2026-10-02 09:15:41
2260,51-HCM D12/Thanh Xuan Hub,in-house,Full-Time,51862,TRẦN THỊ NHƯ QUỲNH,125,0,0,119,6,2026-10-02 09:15:41
2260,51-HCM D12/Thanh Xuan Hub,in-house,Full-Time,144539,TRẦN QUANG TRƯỜNG,118,4,0.0339,114,0,2026-10-02 09:15:41
2260,51-HCM D12/Thanh Xuan Hub,in-house,Full-Time,127980,NGUYỄN THANH TÒNG,148,3,0.0203,143,2,2026-10-02 09:15:41
2260,51-HCM D12/Thanh Xuan Hub,in-house,Full-Time,149172,NGUYỄN TRỌNG TUẤN,100,0,0,98,2,2026-10-02 09:15:41
2260,51-HCM D12/Thanh Xuan Hub,in-house,Full-Time,158804,LÊ VĂN PHẢI,111,1,0.009,110,0,2026-10-02 09:15:41
2260,51-HCM D12/Thanh Xuan Hub,in-house,Full-Time,135470,HÀ TẤN TÀI,129,0,0,128,1,2026-10-02 09:15:41
2260,51-HCM D12/Thanh Xuan Hub,in-house,Full-Time,115243,VÕ ĐÌNH LONG,133,1,0.0075,132,0,2026-10-02 09:15:41
2260,51-HCM D12/Thanh Xuan Hub,in-house,Full-Time,100744,NGUYỄN VĂN VŨ LUÂN,147,0,0,146,1,2026-10-02 09:15:41
2260,51-HCM D12/Thanh Xuan Hub,in-house,Full-Time,37302,NGUYỄN TẤN LỘC,157,1,0.0064,156,0,2026-10-02 09:15:41
2260,51-HCM D12/Thanh Xuan Hub,in-house,Full-Time,59241,LÊ MINH AN,162,0,0,161,1,2026-10-02 09:15:41
2260,51-HCM D12/Thanh Xuan Hub,in-house,Full-Time,125890,TRƯƠNG VĂN TÍNH,167,0,0,166,1,2026-10-02 09:15:41
2260,51-HCM D12/Thanh Xuan Hub,in-house,Full-Time,33372,TRẦN PHONG,153,0,0,153,0,2026-10-02 09:15:41
2260,51-HCM D12/Thanh Xuan Hub,in-house,Full-Time,45790,NGUYỄN PHƯỚC THỌ,142,0,0,142,0,2026-10-02 09:15:41
2260,51-HCM D12/Thanh Xuan Hub,in-house,Full-Time,48986,HUỲNH PHÁT QUI,155,0,0,155,0,2026-10-02 09:15:41
2260,51-HCM D12/Thanh Xuan Hub,in-house,Full-Time,85263,NHIÊU ĐỨC THẮNG,218,0,0,218,0,2026-10-02 09:15:41
2260,51-HCM D12/Thanh Xuan Hub,in-house,Full-Time,98873,LÂM TRẦN TẤN NHỰT,161,0,0,161,0,2026-10-02 09:15:41
2260,51-HCM D12/Thanh Xuan Hub,in-house,Full-Time,114692,TRẦN THỊ HUỲNH NHƯ,197,0,0,197,0,2026-10-02 09:15:41
2260,51-HCM D12/Thanh Xuan Hub,in-house,Full-Time,136993,HOÀNG PHÙNG HƯNG,138,0,0,138,0,2026-10-02 09:15:41
2260,51-HCM D12/Thanh Xuan Hub,in-house,Full-Time,145301,LÊ QUANG VIỄN,98,0,0,98,0,2026-10-02 09:15:41
2260,51-HCM D12/Thanh Xuan Hub,in-house,Full-Time,151357,TRẦN QUỐC DŨNG,122,0,0,122,0,2026-10-02 09:15:41
2260,51-HCM D12/Thanh Xuan Hub,in-house,Full-Time,156229,NGUYỄN TRẦN HOÀN ANH,169,0,0,169,0,2026-10-02 09:15:41
2260,51-HCM D12/Thanh Xuan Hub,in-house,Full-Time,157596,PHAN HỮU PHÚC,100,0,0,100,0,2026-10-02 09:15:41
2260,51-HCM D12/Thanh Xuan Hub,in-house,Full-Time,157672,PHẠM VÕ MINH TÂN,157,0,0,157,0,2026-10-02 09:15:41
2260,51-HCM D12/Thanh Xuan Hub,in-house,Full-Time,161042,NGUYỄN QUỐC TRẦM,0,0,0,0,0,2026-10-02 09:15:41
1808,51-HCM D12/Thoi An Hub,in-house,Full-Time,142283,PHẠM MAI PHI LONG,179,29,0.162,149,1,2026-10-02 09:15:41
1808,51-HCM D12/Thoi An Hub,in-house,Full-Time,15279,NGUYỄN MINH PHI,140,23,0.1643,117,0,2026-10-02 09:15:41
1808,51-HCM D12/Thoi An Hub,in-house,Full-Time,126585,NGUYỄN HOÀNG VŨ,141,21,0.1489,120,0,2026-10-02 09:15:41
1808,51-HCM D12/Thoi An Hub,in-house,Full-Time,133821,NGUYỄN THÀNH TRUNG,151,14,0.0927,137,0,2026-10-02 09:15:41
1808,51-HCM D12/Thoi An Hub,in-house,Full-Time,34473,ĐẶNG PHƯƠNG NAM,245,21,0.0857,224,0,2026-10-02 09:15:41
1808,51-HCM D12/Thoi An Hub,in-house,Full-Time,23565,NGUYỄN TẤN LỢI,133,9,0.0677,124,0,2026-10-02 09:15:41
1808,51-HCM D12/Thoi An Hub,in-house,Full-Time,95883,PHẠM NGỌC HÙNG,157,8,0.051,149,0,2026-10-02 09:15:41
1808,51-HCM D12/Thoi An Hub,in-house,Full-Time,33038,NGUYỄN VĂN CƯỜNG,109,5,0.0459,104,0,2026-10-02 09:15:41
1808,51-HCM D12/Thoi An Hub,in-house,Full-Time,119080,BÙI XUÂN PHƯỚC,187,8,0.0428,179,0,2026-10-02 09:15:41
1808,51-HCM D12/Thoi An Hub,in-house,Full-Time,91373,NGUYỄN HUỲNH PHI,134,0,0,130,4,2026-10-02 09:15:41
1808,51-HCM D12/Thoi An Hub,in-house,Full-Time,69845,NGUYỄN THANH HÙNG,160,2,0.0125,157,1,2026-10-02 09:15:41
1808,51-HCM D12/Thoi An Hub,in-house,Full-Time,1947,LÊ TOÀN,178,2,0.0112,176,0,2026-10-02 09:15:41
1808,51-HCM D12/Thoi An Hub,in-house,Full-Time,114899,LÊ ĐỨC THÀNH,114,1,0.0088,113,0,2026-10-02 09:15:41
1808,51-HCM D12/Thoi An Hub,in-house,Full-Time,15371,ĐẶNG NHÂN QUYỀN,234,1,0.0043,232,1,2026-10-02 09:15:41
1808,51-HCM D12/Thoi An Hub,in-house,Full-Time,75247,TRƯƠNG THÀNH TÂM,135,0,0,134,1,2026-10-02 09:15:41
1808,51-HCM D12/Thoi An Hub,in-house,Full-Time,13398,BÙI VĂN THẾ,161,0,0,160,1,2026-10-02 09:15:41
1808,51-HCM D12/Thoi An Hub,in-house,Full-Time,3760,LÊ HOÀNG VŨ,168,1,0.006,167,0,2026-10-02 09:15:41
1808,51-HCM D12/Thoi An Hub,in-house,Full-Time,22732,HUỲNH THANH TÙNG,167,1,0.006,166,0,2026-10-02 09:15:41
1808,51-HCM D12/Thoi An Hub,in-house,Full-Time,71576,TRẦN VĂN HÙNG,213,0,0,212,1,2026-10-02 09:15:41
1808,51-HCM D12/Thoi An Hub,in-house,Full-Time,1211,LÊ PHÚC LAI,154,0,0,154,0,2026-10-02 09:15:41
1808,51-HCM D12/Thoi An Hub,in-house,Full-Time,16010,ĐỒNG TẤN CẢNH,157,0,0,157,0,2026-10-02 09:15:41
1808,51-HCM D12/Thoi An Hub,in-house,Full-Time,20383,LÊ NGUYỄN HOÀI BẢO,147,0,0,147,0,2026-10-02 09:15:41
1808,51-HCM D12/Thoi An Hub,in-house,Full-Time,38446,NGUYỄN THẾ VIỄN,182,0,0,182,0,2026-10-02 09:15:41
1808,51-HCM D12/Thoi An Hub,in-house,Full-Time,52700,VÕ NAM SƠN,172,0,0,172,0,2026-10-02 09:15:41
1808,51-HCM D12/Thoi An Hub,in-house,Full-Time,67590,MẠC VŨ TUẤN HIẾU,168,0,0,168,0,2026-10-02 09:15:41
1808,51-HCM D12/Thoi An Hub,in-house,Full-Time,71761,ĐINH MINH HOÀI,144,0,0,144,0,2026-10-02 09:15:41
1808,51-HCM D12/Thoi An Hub,in-house,Full-Time,101157,VÕ THÀNH DANH,117,0,0,117,0,2026-10-02 09:15:41
1808,51-HCM D12/Thoi An Hub,in-house,Full-Time,108906,ĐINH VĂN TÚ,170,0,0,170,0,2026-10-02 09:15:41
5662,51-HCM D12/Vuon Lai Hub,in-house,Full-Time,118494,TRẦN VĂN KHÁNH,130,17,0.1308,109,4,2026-10-02 09:15:41
5662,51-HCM D12/Vuon Lai Hub,in-house,Full-Time,105296,NGUYỄN HOÀNG LỊCH,230,7,0.0304,216,7,2026-10-02 09:15:41
5662,51-HCM D12/Vuon Lai Hub,in-house,Full-Time,136656,TRẦN THANH HIỆP,112,0,0,107,5,2026-10-02 09:15:41
5662,51-HCM D12/Vuon Lai Hub,in-house,Full-Time,136658,LÊ MINH KHẢI,168,0,0,162,6,2026-10-02 09:15:41
5662,51-HCM D12/Vuon Lai Hub,in-house,Full-Time,132483,TRẦN TRUNG TÍN,175,0,0,170,5,2026-10-02 09:15:41
5662,51-HCM D12/Vuon Lai Hub,in-house,Full-Time,146255,NGUYỄN TẤN PHÚC,105,0,0,102,3,2026-10-02 09:15:41
5662,51-HCM D12/Vuon Lai Hub,in-house,Full-Time,137053,LÊ TUẤN EM,94,1,0.0106,92,1,2026-10-02 09:15:41
5662,51-HCM D12/Vuon Lai Hub,in-house,Full-Time,93416,NGUYỄN HUỲNH THANH TÚ,141,0,0,139,2,2026-10-02 09:15:41
5662,51-HCM D12/Vuon Lai Hub,in-house,Full-Time,128167,TRẦN HUỲNH CÔNG KHANH,108,0,0,107,1,2026-10-02 09:15:41
5662,51-HCM D12/Vuon Lai Hub,in-house,Full-Time,128616,NGUYỄN LÊ HOÀI THANH,221,0,0,219,2,2026-10-02 09:15:41
5662,51-HCM D12/Vuon Lai Hub,in-house,Full-Time,152339,ĐẶNG GIA BẢO,117,0,0,116,1,2026-10-02 09:15:41
5662,51-HCM D12/Vuon Lai Hub,in-house,Full-Time,150815,THẠCH TRẦN TUẤN HẢI,131,0,0,130,1,2026-10-02 09:15:41
5662,51-HCM D12/Vuon Lai Hub,in-house,Full-Time,136321,NGUYỄN NGỌC SANG,137,1,0.0073,136,0,2026-10-02 09:15:41
5662,51-HCM D12/Vuon Lai Hub,in-house,Full-Time,154457,TRẦN ANH TÚ,140,0,0,139,1,2026-10-02 09:15:41
5662,51-HCM D12/Vuon Lai Hub,in-house,Full-Time,91621,ĐOÀN KHẮC ĐÔNG,197,0,0,196,1,2026-10-02 09:15:41
5662,51-HCM D12/Vuon Lai Hub,in-house,Full-Time,4742,NGUYỄN VĂN BÌNH,117,0,0,117,0,2026-10-02 09:15:41
5662,51-HCM D12/Vuon Lai Hub,in-house,Full-Time,6940,TRẦN VĂN THANH,150,0,0,150,0,2026-10-02 09:15:41
5662,51-HCM D12/Vuon Lai Hub,in-house,Full-Time,13405,TẤT NGUYỄN TRỌNG TẦN,181,0,0,181,0,2026-10-02 09:15:41
5662,51-HCM D12/Vuon Lai Hub,in-house,Full-Time,44250,VÕ NGỌC LƯỢNG,222,0,0,222,0,2026-10-02 09:15:41
5662,51-HCM D12/Vuon Lai Hub,in-house,Full-Time,87692,HUỲNH TUẤN THANH,155,0,0,155,0,2026-10-02 09:15:41
5662,51-HCM D12/Vuon Lai Hub,in-house,Full-Time,95274,NGUYỄN HOÀNG NHÃ,201,0,0,201,0,2026-10-02 09:15:41
5662,51-HCM D12/Vuon Lai Hub,in-house,Full-Time,126336,HỒ VĂN NGỌC,161,0,0,161,0,2026-10-02 09:15:41
5662,51-HCM D12/Vuon Lai Hub,in-house,Full-Time,129922,TẤT TRỌNG TẤN,209,0,0,209,0,2026-10-02 09:15:41
5662,51-HCM D12/Vuon Lai Hub,in-house,Full-Time,152757,NGUYỄN ĐĂNG LÂM,153,0,0,153,0,2026-10-02 09:15:41
5662,51-HCM D12/Vuon Lai Hub,in-house,Full-Time,157981,NGUYỄN THANH TRA,107,0,0,107,0,2026-10-02 09:15:41
2110,51-HCM D2/An Khanh Hub,in-house,Full-Time,24522,NGUYỄN THỊ MỸ PHỤNG,120,57,0.475,63,0,2026-10-02 09:15:41
2110,51-HCM D2/An Khanh Hub,in-house,Full-Time,140453,PHẠM QUỐC DUY,70,24,0.3429,46,0,2026-10-02 09:15:41
2110,51-HCM D2/An Khanh Hub,in-house,Full-Time,152333,NGUYỄN HOÀNG KỲ ANH,66,18,0.2727,48,0,2026-10-02 09:15:41
2110,51-HCM D2/An Khanh Hub,in-house,Full-Time,136429,NGUYỄN HOÀI BẢO,113,21,0.1858,88,4,2026-10-02 09:15:41
2110,51-HCM D2/An Khanh Hub,in-house,Full-Time,132083,TRƯƠNG CÔNG THẮNG,141,30,0.2128,111,0,2026-10-02 09:15:41
2110,51-HCM D2/An Khanh Hub,in-house,Full-Time,96004,TRẦN CHUNG HÒA,135,24,0.1778,109,2,2026-10-02 09:15:41
2110,51-HCM D2/An Khanh Hub,in-house,Full-Time,110440,VÕ NGUYỄN ĐỨC THANH,203,29,0.1429,173,1,2026-10-02 09:15:41
2110,51-HCM D2/An Khanh Hub,in-house,Full-Time,144296,LÊ HUỲNH THANH PHONG,129,14,0.1085,114,1,2026-10-02 09:15:41
2110,51-HCM D2/An Khanh Hub,in-house,Full-Time,98751,NGUYỄN THẠCH QUỐC THIỆN,179,18,0.1006,159,2,2026-10-02 09:15:41
2110,51-HCM D2/An Khanh Hub,in-house,Full-Time,985,VÕ ANH TUẤN,111,11,0.0991,100,0,2026-10-02 09:15:41
2110,51-HCM D2/An Khanh Hub,in-house,Full-Time,57,NGUYỄN ANH OANH,220,18,0.0818,201,1,2026-10-02 09:15:41
2110,51-HCM D2/An Khanh Hub,in-house,Full-Time,81872,NGUYỄN NGỌC THUẬN,164,12,0.0732,151,1,2026-10-02 09:15:41
2110,51-HCM D2/An Khanh Hub,in-house,Full-Time,75836,NGUYỄN HOÀNG SƠN,158,6,0.038,148,4,2026-10-02 09:15:41
2110,51-HCM D2/An Khanh Hub,in-house,Full-Time,18950,NGUYỄN HỮU TÂN,202,8,0.0396,190,4,2026-10-02 09:15:41
2110,51-HCM D2/An Khanh Hub,in-house,Full-Time,87693,NGUYỄN LÊ NGỌC LỢI,220,12,0.0545,207,1,2026-10-02 09:15:41
2110,51-HCM D2/An Khanh Hub,in-house,Full-Time,69643,NGUYỄN VĂN TÂN,154,8,0.0519,145,1,2026-10-02 09:15:41
2110,51-HCM D2/An Khanh Hub,in-house,Full-Time,31646,LÝ CẨM HỒNG,207,3,0.0145,198,6,2026-10-02 09:15:41
2110,51-HCM D2/An Khanh Hub,in-house,Full-Time,140095,LÊ HOÀNG VĨ,118,0,0,117,1,2026-10-02 09:15:41
2110,51-HCM D2/An Khanh Hub,in-house,Full-Time,60249,ĐỖ THỊ THẢO VI,135,0,0,134,1,2026-10-02 09:15:41
2110,51-HCM D2/An Khanh Hub,in-house,Full-Time,39474,NGUYỄN LÊ CÔNG TRIỀU,148,0,0,147,1,2026-10-02 09:15:41
2110,51-HCM D2/An Khanh Hub,in-house,Full-Time,51535,TRẦN NGUYỄN GIA BẢO,157,0,0,156,1,2026-10-02 09:15:41
2110,51-HCM D2/An Khanh Hub,in-house,Full-Time,1777,ĐỖ THANH LONG,146,0,0,146,0,2026-10-02 09:15:41
2110,51-HCM D2/An Khanh Hub,in-house,Full-Time,7147,TRẦN DUY PHƯƠNG,167,0,0,167,0,2026-10-02 09:15:41
2110,51-HCM D2/An Khanh Hub,in-house,Full-Time,16451,HUỲNH CHÍ ĐẠT,140,0,0,140,0,2026-10-02 09:15:41
2110,51-HCM D2/An Khanh Hub,in-house,Full-Time,65426,TRƯƠNG THÀNH NHÂN,175,0,0,175,0,2026-10-02 09:15:41
2110,51-HCM D2/An Khanh Hub,in-house,Full-Time,89740,NGUYỄN LÊ ĐĂNG KHOA,151,0,0,151,0,2026-10-02 09:15:41
2110,51-HCM D2/An Khanh Hub,in-house,Full-Time,91760,NGUYỄN PHÚC NGUYÊN,134,0,0,134,0,2026-10-02 09:15:41
2110,51-HCM D2/An Khanh Hub,in-house,Full-Time,91779,NGUYỄN PHI,137,0,0,137,0,2026-10-02 09:15:41
2110,51-HCM D2/An Khanh Hub,in-house,Full-Time,96005,VÕ MINH THÔNG,188,0,0,188,0,2026-10-02 09:15:41
2110,51-HCM D2/An Khanh Hub,in-house,Full-Time,100248,NGUYỄN CHÍ HÙNG,144,0,0,144,0,2026-10-02 09:15:41
2110,51-HCM D2/An Khanh Hub,in-house,Full-Time,132504,TẠ MINH TÂM,151,0,0,151,0,2026-10-02 09:15:41
2110,51-HCM D2/An Khanh Hub,in-house,Full-Time,144543,NGUYỄN THANH NHẬT,110,0,0,110,0,2026-10-02 09:15:41
2110,51-HCM D2/An Khanh Hub,in-house,Full-Time,151464,LÝ NHẬT TRƯỜNG,118,0,0,118,0,2026-10-02 09:15:41
2020,51-HCM D2/Cat Lai Hub,in-house,Full-Time,129352,NGUYỄN ĐỨC CHẤT,151,82,0.543,69,0,2026-10-02 09:15:41
2020,51-HCM D2/Cat Lai Hub,in-house,Full-Time,136985,NGUYỄN THẾ VINH,119,53,0.4454,65,1,2026-10-02 09:15:41
2020,51-HCM D2/Cat Lai Hub,in-house,Full-Time,151353,TRƯƠNG DUY HOÀNG,125,52,0.416,73,0,2026-10-02 09:15:41
2020,51-HCM D2/Cat Lai Hub,in-house,Full-Time,67497,TRẦN THỊ THANH XUÂN,154,58,0.3766,95,1,2026-10-02 09:15:41
2020,51-HCM D2/Cat Lai Hub,in-house,Full-Time,93843,VÕ THANH TÚ,137,40,0.292,93,4,2026-10-02 09:15:41
2020,51-HCM D2/Cat Lai Hub,in-house,Full-Time,95007,NGUYỄN ĐÌNH THẢO,141,44,0.3121,96,1,2026-10-02 09:15:41
2020,51-HCM D2/Cat Lai Hub,in-house,Full-Time,81689,LÊ THANH PHÚC,163,45,0.2761,115,3,2026-10-02 09:15:41
2020,51-HCM D2/Cat Lai Hub,in-house,Full-Time,81368,NGUYỄN TẤN ĐẠT,178,51,0.2865,126,1,2026-10-02 09:15:41
2020,51-HCM D2/Cat Lai Hub,in-house,Full-Time,71445,NGUYỄN MINH TRỌNG,167,44,0.2635,122,1,2026-10-02 09:15:41
2020,51-HCM D2/Cat Lai Hub,in-house,Full-Time,130841,HUỲNH NGỌC HẢI,140,37,0.2643,103,0,2026-10-02 09:15:41
2020,51-HCM D2/Cat Lai Hub,in-house,Full-Time,134922,TRẦN VĂN THANH,153,35,0.2288,116,2,2026-10-02 09:15:41
2020,51-HCM D2/Cat Lai Hub,in-house,Full-Time,126231,DƯƠNG VĂN THÀNH,144,33,0.2292,110,1,2026-10-02 09:15:41
2020,51-HCM D2/Cat Lai Hub,in-house,Full-Time,119509,LƯƠNG THỊ THANH NHI,133,31,0.2331,102,0,2026-10-02 09:15:41
2020,51-HCM D2/Cat Lai Hub,in-house,Full-Time,10360,CHÂU TUẤN HIỀN,180,39,0.2167,140,1,2026-10-02 09:15:41
2020,51-HCM D2/Cat Lai Hub,in-house,Full-Time,22210,NGUYỄN VĂN BÌNH,187,40,0.2139,147,0,2026-10-02 09:15:41
2020,51-HCM D2/Cat Lai Hub,in-house,Full-Time,12224,BÙI MINH THANH,162,32,0.1975,128,2,2026-10-02 09:15:41
2020,51-HCM D2/Cat Lai Hub,in-house,Full-Time,78714,NGUYỄN PHẠM THÀNH ĐẠT,158,29,0.1835,128,1,2026-10-02 09:15:41
2020,51-HCM D2/Cat Lai Hub,in-house,Full-Time,81691,PHAN THỊ MAI HUỲNH,208,39,0.1875,169,0,2026-10-02 09:15:41
2020,51-HCM D2/Cat Lai Hub,in-house,Full-Time,43044,NGUYỄN THỊ HỒNG PHÚC,151,25,0.1656,126,0,2026-10-02 09:15:41
2020,51-HCM D2/Cat Lai Hub,in-house,Full-Time,87825,NGUYỄN MINH TRUNG,125,20,0.16,105,0,2026-10-02 09:15:41
2020,51-HCM D2/Cat Lai Hub,in-house,Full-Time,139026,PHAN QUANG KHẢI,183,27,0.1475,155,1,2026-10-02 09:15:41
2020,51-HCM D2/Cat Lai Hub,in-house,Full-Time,48380,NGUYỄN VĂN NGHĨA,260,35,0.1346,223,2,2026-10-02 09:15:41
2020,51-HCM D2/Cat Lai Hub,in-house,Full-Time,65077,NGUYỄN ĐỨC TRƯỞNG,208,27,0.1298,181,0,2026-10-02 09:15:41
2020,51-HCM D2/Cat Lai Hub,in-house,Full-Time,21411,NGUYỄN HUY CƯỜNG,240,30,0.125,209,1,2026-10-02 09:15:41
2020,51-HCM D2/Cat Lai Hub,in-house,Full-Time,2108,LÊ MINH GIÀU,176,17,0.0966,156,3,2026-10-02 09:15:41
2020,51-HCM D2/Cat Lai Hub,in-house,Full-Time,79596,TRẦN QUỐC HÙNG,196,21,0.1071,174,1,2026-10-02 09:15:41
2020,51-HCM D2/Cat Lai Hub,in-house,Full-Time,48121,ĐOÀN THÁI BÌNH,191,20,0.1047,170,1,2026-10-02 09:15:41
2020,51-HCM D2/Cat Lai Hub,in-house,Full-Time,155809,NGUYỄN HOÀNG MINH HIỆP,122,11,0.0902,109,2,2026-10-02 09:15:41
2020,51-HCM D2/Cat Lai Hub,in-house,Full-Time,141468,VÕ MINH THIỆN,144,10,0.0694,134,0,2026-10-02 09:15:41
2020,51-HCM D2/Cat Lai Hub,in-house,Full-Time,49790,MAI TUẤN ANH,153,10,0.0654,143,0,2026-10-02 09:15:41
2020,51-HCM D2/Cat Lai Hub,in-house,Full-Time,110163,ĐOÀN THANH TUẤN,311,20,0.0643,291,0,2026-10-02 09:15:41
2020,51-HCM D2/Cat Lai Hub,in-house,Full-Time,148395,TRẦN THANH VŨ,190,7,0.0368,183,0,2026-10-02 09:15:41
2020,51-HCM D2/Cat Lai Hub,in-house,Full-Time,52386,VŨ HOÀNG HUY,156,3,0.0192,153,0,2026-10-02 09:15:41
2020,51-HCM D2/Cat Lai Hub,in-house,Full-Time,29065,BÙI MINH NHỰT,218,4,0.0183,214,0,2026-10-02 09:15:41
2020,51-HCM D2/Cat Lai Hub,in-house,Full-Time,143244,NGUYỄN TRUNG TÍN,195,2,0.0103,193,0,2026-10-02 09:15:41
2020,51-HCM D2/Cat Lai Hub,in-house,Full-Time,86891,HÀ PHI LONG,129,1,0.0078,128,0,2026-10-02 09:15:41
2020,51-HCM D2/Cat Lai Hub,in-house,Full-Time,3051,LÊ CÔNG TẤN PHÁT,172,0,0,172,0,2026-10-02 09:15:41
2020,51-HCM D2/Cat Lai Hub,in-house,Full-Time,12244,ĐẶNG ĐÌNH SAN,183,0,0,183,0,2026-10-02 09:15:41
2020,51-HCM D2/Cat Lai Hub,in-house,Full-Time,70552,PHẠM CÔNG HỮU,135,0,0,135,0,2026-10-02 09:15:41
2020,51-HCM D2/Cat Lai Hub,in-house,Full-Time,143068,DƯƠNG THẾ CẢNH,183,0,0,183,0,2026-10-02 09:15:41
2020,51-HCM D2/Cat Lai Hub,in-house,Full-Time,162505,NGUYỄN PHAN MINH THÔNG,93,0,0,93,0,2026-10-02 09:15:41
2453,51-HCM D2/Thao Dien Hub,in-house,Full-Time,45087,NGUYỄN HOÀNG QUÂN,93,19,0.2043,74,0,2026-10-02 09:15:41
2453,51-HCM D2/Thao Dien Hub,in-house,Full-Time,7958,DƯƠNG THÁI TOÀN,178,24,0.1348,154,0,2026-10-02 09:15:41
2453,51-HCM D2/Thao Dien Hub,in-house,Full-Time,117897,NGUYỄN HOÀNG TUYÊN,127,9,0.0709,118,0,2026-10-02 09:15:41
2453,51-HCM D2/Thao Dien Hub,in-house,Full-Time,41620,PHẠM HOÀNG DƯƠNG,137,9,0.0657,128,0,2026-10-02 09:15:41
2453,51-HCM D2/Thao Dien Hub,in-house,Full-Time,88868,HUỲNH VĂN NUÔI,179,9,0.0503,169,1,2026-10-02 09:15:41
2453,51-HCM D2/Thao Dien Hub,in-house,Full-Time,21365,PHAN THẾ TÙNG,185,8,0.0432,177,0,2026-10-02 09:15:41
2453,51-HCM D2/Thao Dien Hub,in-house,Full-Time,7823,TRẦN DUY KHANG,215,8,0.0372,206,1,2026-10-02 09:15:41
2453,51-HCM D2/Thao Dien Hub,in-house,Full-Time,32720,BÙI NGỌC ĐẠT,203,3,0.0148,200,0,2026-10-02 09:15:41
2453,51-HCM D2/Thao Dien Hub,in-house,Full-Time,8404,VÕ NGỌC HOÀNG,196,0,0,195,1,2026-10-02 09:15:41
2453,51-HCM D2/Thao Dien Hub,in-house,Full-Time,8089,NGUYỄN PHI LONG,206,0,0,206,0,2026-10-02 09:15:41
2453,51-HCM D2/Thao Dien Hub,in-house,Full-Time,19036,NGUYỄN MINH TRỌNG,254,0,0,254,0,2026-10-02 09:15:41
2453,51-HCM D2/Thao Dien Hub,in-house,Full-Time,25897,NGUYỄN NGỌC HẢI,196,0,0,196,0,2026-10-02 09:15:41
2453,51-HCM D2/Thao Dien Hub,in-house,Full-Time,31148,ĐỖ NIỀM TIN,151,0,0,151,0,2026-10-02 09:15:41
2453,51-HCM D2/Thao Dien Hub,in-house,Full-Time,45269,TRƯƠNG TRÍ NHÂN,262,0,0,262,0,2026-10-02 09:15:41
2453,51-HCM D2/Thao Dien Hub,in-house,Full-Time,52702,VÕ MINH NHÀN,143,0,0,143,0,2026-10-02 09:15:41
2453,51-HCM D2/Thao Dien Hub,in-house,Full-Time,54257,NGUYỄN NGỌC HẢI,145,0,0,145,0,2026-10-02 09:15:41
2453,51-HCM D2/Thao Dien Hub,in-house,Full-Time,67424,TRẦN VIỆT HOÀNG,149,0,0,149,0,2026-10-02 09:15:41
2453,51-HCM D2/Thao Dien Hub,in-house,Full-Time,67493,LÊ VĂN NGÀ,162,0,0,162,0,2026-10-02 09:15:41
2453,51-HCM D2/Thao Dien Hub,in-house,Full-Time,81896,TRẦN NGỌC HÙNG,154,0,0,154,0,2026-10-02 09:15:41
2453,51-HCM D2/Thao Dien Hub,in-house,Full-Time,91633,PHẠM NGỌC GIÀU,178,0,0,178,0,2026-10-02 09:15:41
2453,51-HCM D2/Thao Dien Hub,in-house,Full-Time,119082,VŨ QUANG TRÍ,132,0,0,132,0,2026-10-02 09:15:41
2453,51-HCM D2/Thao Dien Hub,in-house,Full-Time,154199,NGUYỄN NHỰT THIÊN,61,0,0,61,0,2026-10-02 09:15:41
2453,51-HCM D2/Thao Dien Hub,in-house,Full-Time,155168,NGUYỄN TRÚC MY,182,0,0,182,0,2026-10-02 09:15:41
2453,51-HCM D2/Thao Dien Hub,in-house,Full-Time,155818,NGUYỄN VĂN CHIẾN,147,0,0,147,0,2026-10-02 09:15:41
5798,51-HCM D3/Ban Co Hub,in-house,Full-Time,5719,NGUYỄN ĐỨC MINH,128,39,0.3047,89,0,2026-10-02 09:15:41
5798,51-HCM D3/Ban Co Hub,in-house,Full-Time,96203,NGUYỄN BÁ THANH HUY,197,55,0.2792,142,0,2026-10-02 09:15:41
5798,51-HCM D3/Ban Co Hub,in-house,Full-Time,53752,NGUYỄN QUANG TRƯỜNG,180,40,0.2222,134,6,2026-10-02 09:15:41
5798,51-HCM D3/Ban Co Hub,in-house,Full-Time,14127,NGUYỄN VĂN MẠNH,174,43,0.2471,130,1,2026-10-02 09:15:41
5798,51-HCM D3/Ban Co Hub,in-house,Full-Time,43310,NGUYỄN THANH PHƯƠNG,137,33,0.2409,104,0,2026-10-02 09:15:41
5798,51-HCM D3/Ban Co Hub,in-house,Full-Time,47242,PHẠM HỮU TRỊNH PHONG,161,35,0.2174,126,0,2026-10-02 09:15:41
5798,51-HCM D3/Ban Co Hub,in-house,Full-Time,99491,QUÁCH ĐÌNH TUẤN,183,29,0.1585,150,4,2026-10-02 09:15:41
5798,51-HCM D3/Ban Co Hub,in-house,Full-Time,19447,LÊ NGÔ ANH PHA,79,11,0.1392,68,0,2026-10-02 09:15:41
5798,51-HCM D3/Ban Co Hub,in-house,Full-Time,36343,NGUYỄN LẬP PHONG,140,18,0.1286,122,0,2026-10-02 09:15:41
5798,51-HCM D3/Ban Co Hub,in-house,Full-Time,67498,HUỲNH QUỐC TUẤN,247,26,0.1053,216,5,2026-10-02 09:15:41
5798,51-HCM D3/Ban Co Hub,in-house,Full-Time,141459,TRIỆU QUỐC KHƯƠNG,178,21,0.118,156,1,2026-10-02 09:15:41
5798,51-HCM D3/Ban Co Hub,in-house,Full-Time,783,NGUYỄN VÕ HIẾU THẢO,230,26,0.113,202,2,2026-10-02 09:15:41
5798,51-HCM D3/Ban Co Hub,in-house,Full-Time,40180,LÊ THÀNH ĐẠT,127,11,0.0866,116,0,2026-10-02 09:15:41
5798,51-HCM D3/Ban Co Hub,in-house,Full-Time,152122,TRẦN HỮU TRUNG,176,15,0.0852,161,0,2026-10-02 09:15:41
5798,51-HCM D3/Ban Co Hub,in-house,Full-Time,46882,TRẦN VŨ KHANG,113,5,0.0442,108,0,2026-10-02 09:15:41
5798,51-HCM D3/Ban Co Hub,in-house,Full-Time,3308,NGUYỄN VĂN BẢO,158,1,0.0063,157,0,2026-10-02 09:15:41
5798,51-HCM D3/Ban Co Hub,in-house,Full-Time,1106,TRẦN TRỌNG NGHI,161,0,0,161,0,2026-10-02 09:15:41
5798,51-HCM D3/Ban Co Hub,in-house,Full-Time,2097,PHẠM XUÂN TÙNG,142,0,0,142,0,2026-10-02 09:15:41
5798,51-HCM D3/Ban Co Hub,in-house,Full-Time,7787,BÙI NGUYỄN NAM,139,0,0,139,0,2026-10-02 09:15:41
5798,51-HCM D3/Ban Co Hub,in-house,Full-Time,17194,NGUYỄN DUY,147,0,0,147,0,2026-10-02 09:15:41
5798,51-HCM D3/Ban Co Hub,in-house,Full-Time,19730,ĐINH NHẬT BẢO,170,0,0,170,0,2026-10-02 09:15:41
5798,51-HCM D3/Ban Co Hub,in-house,Full-Time,19733,TRẦN VĂN HỮU NGHĨA,163,0,0,163,0,2026-10-02 09:15:41
5798,51-HCM D3/Ban Co Hub,in-house,Full-Time,32179,TRẦN QUANG ANH,159,0,0,159,0,2026-10-02 09:15:41
5798,51-HCM D3/Ban Co Hub,in-house,Full-Time,33557,ĐỖ VĨNH PHÁT,155,0,0,155,0,2026-10-02 09:15:41
5798,51-HCM D3/Ban Co Hub,in-house,Full-Time,58933,ĐẶNG THANH LIÊM,181,0,0,181,0,2026-10-02 09:15:41
5798,51-HCM D3/Ban Co Hub,in-house,Full-Time,94499,NGUYỄN ĐỨC ĐẠI LỢI,127,0,0,127,0,2026-10-02 09:15:41
5798,51-HCM D3/Ban Co Hub,in-house,Full-Time,156016,TRẦN NGUYỄN ANH HUY,0,0,0,0,0,2026-10-02 09:15:41
4623,51-HCM D3/Nhieu Loc Hub,in-house,Full-Time,6931,TÔN THẤT DUY PHONG,177,15,0.0847,160,2,2026-10-02 09:15:41
4623,51-HCM D3/Nhieu Loc Hub,in-house,Full-Time,101584,TRẦN QUỐC ĐẠT,157,12,0.0764,144,1,2026-10-02 09:15:41
4623,51-HCM D3/Nhieu Loc Hub,in-house,Full-Time,92490,VŨ HOÀI NAM,172,6,0.0349,164,2,2026-10-02 09:15:41
4623,51-HCM D3/Nhieu Loc Hub,in-house,Full-Time,67947,TRẦN HỮU LỘC,225,5,0.0222,220,0,2026-10-02 09:15:41
4623,51-HCM D3/Nhieu Loc Hub,in-house,Full-Time,35355,PHAN VĂN BÉ HIẾU,130,1,0.0077,129,0,2026-10-02 09:15:41
4623,51-HCM D3/Nhieu Loc Hub,in-house,Full-Time,67010,NGUYỄN PHÚ QUÝ,166,0,0,165,1,2026-10-02 09:15:41
4623,51-HCM D3/Nhieu Loc Hub,in-house,Full-Time,105668,BÙI VÕ TRUNG NGUYÊN,123,0,0,123,0,2026-10-02 09:15:41
5422,51-HCM D6/Kinh Duong Vuong Hub,in-house,Full-Time,46796,NGUYỄN BÁ THÀNH,20,18,0.9,2,0,2026-10-02 09:15:41
5422,51-HCM D6/Kinh Duong Vuong Hub,in-house,Full-Time,3764,NGUYỄN QUỐC BẢO LONG,15,10,0.6667,5,0,2026-10-02 09:15:41
5422,51-HCM D6/Kinh Duong Vuong Hub,in-house,Full-Time,601,TRƯƠNG CẨM HUY,12,0,0,7,5,2026-10-02 09:15:41
5422,51-HCM D6/Kinh Duong Vuong Hub,in-house,Full-Time,110164,NGUYỄN QUANG NHẬT,125,28,0.224,95,2,2026-10-02 09:15:41
5422,51-HCM D6/Kinh Duong Vuong Hub,in-house,Full-Time,46434,NGÔ VĂN TUẤN,177,27,0.1525,150,0,2026-10-02 09:15:41
5422,51-HCM D6/Kinh Duong Vuong Hub,in-house,Full-Time,83739,VÕ HỒNG BẢO,172,19,0.1105,146,7,2026-10-02 09:15:41
5422,51-HCM D6/Kinh Duong Vuong Hub,in-house,Full-Time,110609,LÝ HOÀNG VŨ,128,11,0.0859,116,1,2026-10-02 09:15:41
5422,51-HCM D6/Kinh Duong Vuong Hub,in-house,Full-Time,14646,MAI VĂN CHƠN,190,11,0.0579,179,0,2026-10-02 09:15:41
5422,51-HCM D6/Kinh Duong Vuong Hub,in-house,Full-Time,94924,TRẦN THANH THIÊN,162,6,0.037,155,1,2026-10-02 09:15:41
5422,51-HCM D6/Kinh Duong Vuong Hub,in-house,Full-Time,78866,TRƯƠNG HUỲNH QUỐC ANH,164,4,0.0244,160,0,2026-10-02 09:15:41
5422,51-HCM D6/Kinh Duong Vuong Hub,in-house,Full-Time,61395,NGUYỄN TRỌNG HIẾU,171,1,0.0058,167,3,2026-10-02 09:15:41
5422,51-HCM D6/Kinh Duong Vuong Hub,in-house,Full-Time,2010,VÀ VĂN CHẨY,149,0,0,146,3,2026-10-02 09:15:41
5422,51-HCM D6/Kinh Duong Vuong Hub,in-house,Full-Time,5617,PHẠM HOÀNG BIẾT,168,0,0,165,3,2026-10-02 09:15:41
5422,51-HCM D6/Kinh Duong Vuong Hub,in-house,Full-Time,102036,NGUYỄN NHỰT HÙNG,231,4,0.0173,227,0,2026-10-02 09:15:41
5422,51-HCM D6/Kinh Duong Vuong Hub,in-house,Full-Time,139285,NGUYỄN TRẦN QUỐC VIỆT,117,0,0,115,2,2026-10-02 09:15:41
5422,51-HCM D6/Kinh Duong Vuong Hub,in-house,Full-Time,56444,BÙI THANH HUY,197,2,0.0102,195,0,2026-10-02 09:15:41
5422,51-HCM D6/Kinh Duong Vuong Hub,in-house,Full-Time,61400,NGUYỄN CAO HỮU PHƯỚC,134,0,0,133,1,2026-10-02 09:15:41
5422,51-HCM D6/Kinh Duong Vuong Hub,in-house,Full-Time,3096,TRẦN THANH BÌNH,163,0,0,162,1,2026-10-02 09:15:41
5422,51-HCM D6/Kinh Duong Vuong Hub,in-house,Full-Time,159634,NGÔ PHÚC TRÍ,169,0,0,168,1,2026-10-02 09:15:41
5422,51-HCM D6/Kinh Duong Vuong Hub,in-house,Full-Time,131749,NGUYỄN PHÚC HƯNG,193,0,0,192,1,2026-10-02 09:15:41
5422,51-HCM D6/Kinh Duong Vuong Hub,in-house,Full-Time,127510,LÊ TUẤN KIỆT,219,0,0,218,1,2026-10-02 09:15:41
5422,51-HCM D6/Kinh Duong Vuong Hub,in-house,Full-Time,459,NGUYỄN MẠNH HUY,196,0,0,196,0,2026-10-02 09:15:41
5422,51-HCM D6/Kinh Duong Vuong Hub,in-house,Full-Time,950,NGUYỄN HOÀNG TÍN,190,0,0,190,0,2026-10-02 09:15:41
5422,51-HCM D6/Kinh Duong Vuong Hub,in-house,Full-Time,5109,NGUYỄN HỒNG THIỆN,204,0,0,204,0,2026-10-02 09:15:41
5422,51-HCM D6/Kinh Duong Vuong Hub,in-house,Full-Time,7582,PHẠM THANH CƯỜNG,177,0,0,177,0,2026-10-02 09:15:41
5422,51-HCM D6/Kinh Duong Vuong Hub,in-house,Full-Time,8302,TRƯƠNG PHÚ HÙNG,205,0,0,205,0,2026-10-02 09:15:41
5422,51-HCM D6/Kinh Duong Vuong Hub,in-house,Full-Time,13117,NGUYỄN QUANG HẬU,227,0,0,227,0,2026-10-02 09:15:41
5422,51-HCM D6/Kinh Duong Vuong Hub,in-house,Full-Time,26912,NGUYỄN ANH CƯƠNG,199,0,0,199,0,2026-10-02 09:15:41
5422,51-HCM D6/Kinh Duong Vuong Hub,in-house,Full-Time,34630,NGUYỄN HỮU TÍN ANH,247,0,0,247,0,2026-10-02 09:15:41
5422,51-HCM D6/Kinh Duong Vuong Hub,in-house,Full-Time,45468,PHAN HỒNG LĨNH,160,0,0,160,0,2026-10-02 09:15:41
5422,51-HCM D6/Kinh Duong Vuong Hub,in-house,Full-Time,46797,LÊ TRẦN QUỐC THÁI,166,0,0,166,0,2026-10-02 09:15:41
5422,51-HCM D6/Kinh Duong Vuong Hub,in-house,Full-Time,46798,PHẠM HOÀNG VINH,139,0,0,139,0,2026-10-02 09:15:41
5422,51-HCM D6/Kinh Duong Vuong Hub,in-house,Full-Time,53905,HỒ KHÁNH HUY,163,0,0,163,0,2026-10-02 09:15:41
5422,51-HCM D6/Kinh Duong Vuong Hub,in-house,Full-Time,65113,NGUYỄN BẢO NGUYÊN,169,0,0,169,0,2026-10-02 09:15:41
5422,51-HCM D6/Kinh Duong Vuong Hub,in-house,Full-Time,89576,LÊ HUỲNH MINH NGỌC,165,0,0,165,0,2026-10-02 09:15:41
5422,51-HCM D6/Kinh Duong Vuong Hub,in-house,Full-Time,126242,HUỲNH NGUYỄN ANH KHÔI,184,0,0,184,0,2026-10-02 09:15:41
5422,51-HCM D6/Kinh Duong Vuong Hub,in-house,Full-Time,132079,TRƯƠNG VĨNH BỬU,145,0,0,145,0,2026-10-02 09:15:41
5422,51-HCM D6/Kinh Duong Vuong Hub,in-house,Full-Time,148901,VÕ TRỌNG BẰNG,91,0,0,91,0,2026-10-02 09:15:41
5422,51-HCM D6/Kinh Duong Vuong Hub,in-house,Full-Time,149953,TRANG BẢO TUẤN,81,0,0,81,0,2026-10-02 09:15:41
5422,51-HCM D6/Kinh Duong Vuong Hub,in-house,Full-Time,151091,CHÂU VĂN PHƯƠNG,153,0,0,153,0,2026-10-02 09:15:41
5422,51-HCM D6/Kinh Duong Vuong Hub,in-house,Full-Time,152862,PHẠM PHÚ HIỂN,183,0,0,183,0,2026-10-02 09:15:41
5422,51-HCM D6/Kinh Duong Vuong Hub,in-house,Full-Time,160018,LÊ HỮU THẮNG,133,0,0,133,0,2026-10-02 09:15:41
5422,51-HCM D6/Kinh Duong Vuong Hub,in-house,Full-Time,113314,NGUYỄN MINH ĐỨC,0,0,0,0,0,2026-10-02 09:15:41
2473,51-HCM D7/Bui Van Ba Hub,in-house,Full-Time,38363,PHẠM LÊ MINH TRƯỜNG,238,63,0.2647,175,0,2026-10-02 09:15:41
2473,51-HCM D7/Bui Van Ba Hub,in-house,Full-Time,84577,NGUYỄN TẤN ĐẠT,186,35,0.1882,151,0,2026-10-02 09:15:41
2473,51-HCM D7/Bui Van Ba Hub,in-house,Full-Time,122651,NGUYỄN MINH THỨC,154,26,0.1688,127,1,2026-10-02 09:15:41
2473,51-HCM D7/Bui Van Ba Hub,in-house,Full-Time,721,TRẦN QUỐC TRUNG,217,36,0.1659,181,0,2026-10-02 09:15:41
2473,51-HCM D7/Bui Van Ba Hub,in-house,Full-Time,74418,VÕ THÀNH NAM,160,24,0.15,136,0,2026-10-02 09:15:41
2473,51-HCM D7/Bui Van Ba Hub,in-house,Full-Time,93672,NGUYỄN VĂN TOÀN,175,24,0.1371,149,2,2026-10-02 09:15:41
2473,51-HCM D7/Bui Van Ba Hub,in-house,Full-Time,22104,NGŨ MINH HẢI,167,16,0.0958,146,5,2026-10-02 09:15:41
2473,51-HCM D7/Bui Van Ba Hub,in-house,Full-Time,25866,TRƯƠNG ĐĂNG QUỐC HẢI,218,25,0.1147,193,0,2026-10-02 09:15:41
2473,51-HCM D7/Bui Van Ba Hub,in-house,Full-Time,24727,VÕ KIM THANH,206,23,0.1117,183,0,2026-10-02 09:15:41
2473,51-HCM D7/Bui Van Ba Hub,in-house,Full-Time,113320,LÊ NGÔ PHÚC THIÊN,167,18,0.1078,149,0,2026-10-02 09:15:41
2473,51-HCM D7/Bui Van Ba Hub,in-house,Full-Time,109603,HUỲNH VĂN DŨNG,121,13,0.1074,108,0,2026-10-02 09:15:41
2473,51-HCM D7/Bui Van Ba Hub,in-house,Full-Time,141594,LÊ HOÀNG VĨNH,133,14,0.1053,119,0,2026-10-02 09:15:41
2473,51-HCM D7/Bui Van Ba Hub,in-house,Full-Time,20287,NGUYỄN CHÍ PHONG,194,20,0.1031,174,0,2026-10-02 09:15:41
2473,51-HCM D7/Bui Van Ba Hub,in-house,Full-Time,21870,QUAN MINH HOÀNG,229,22,0.0961,207,0,2026-10-02 09:15:41
2473,51-HCM D7/Bui Van Ba Hub,in-house,Full-Time,89048,BÙI CÔNG HẬU,166,11,0.0663,155,0,2026-10-02 09:15:41
2473,51-HCM D7/Bui Van Ba Hub,in-house,Full-Time,83793,ĐỖ THANH HÙNG,130,7,0.0538,122,1,2026-10-02 09:15:41
2473,51-HCM D7/Bui Van Ba Hub,in-house,Full-Time,148084,DƯƠNG THANH TUẤN,184,10,0.0543,173,1,2026-10-02 09:15:41
2473,51-HCM D7/Bui Van Ba Hub,in-house,Full-Time,46969,LÊ THỐNG NHẤT,148,7,0.0473,140,1,2026-10-02 09:15:41
2473,51-HCM D7/Bui Van Ba Hub,in-house,Full-Time,141114,TRẦN HỬU VINH,135,6,0.0444,128,1,2026-10-02 09:15:41
2473,51-HCM D7/Bui Van Ba Hub,in-house,Full-Time,29357,CAO QUỐC ĐĂNG KHOA,242,5,0.0207,237,0,2026-10-02 09:15:41
2473,51-HCM D7/Bui Van Ba Hub,in-house,Full-Time,160206,PHAN GIA LẬP,208,2,0.0096,204,2,2026-10-02 09:15:41
2473,51-HCM D7/Bui Van Ba Hub,in-house,Full-Time,54973,LÂM VĂN TỶ,212,1,0.0047,210,1,2026-10-02 09:15:41
2473,51-HCM D7/Bui Van Ba Hub,in-house,Full-Time,16254,HỒ QUANG VINH,192,0,0,191,1,2026-10-02 09:15:41
2473,51-HCM D7/Bui Van Ba Hub,in-house,Full-Time,10362,MAI VĂN DUY,214,0,0,213,1,2026-10-02 09:15:41
2473,51-HCM D7/Bui Van Ba Hub,in-house,Full-Time,32591,HUỲNH HỮU NGHĨA,220,0,0,219,1,2026-10-02 09:15:41
2473,51-HCM D7/Bui Van Ba Hub,in-house,Full-Time,11015,NGUYỄN THỊ TUYẾT MAI,157,0,0,157,0,2026-10-02 09:15:41
2473,51-HCM D7/Bui Van Ba Hub,in-house,Full-Time,15183,TRẦN MINH KHÁNH,237,0,0,237,0,2026-10-02 09:15:41
2473,51-HCM D7/Bui Van Ba Hub,in-house,Full-Time,15570,BÙI ANH DŨNG,209,0,0,209,0,2026-10-02 09:15:41
2473,51-HCM D7/Bui Van Ba Hub,in-house,Full-Time,23420,TRẦN DÂN NAM,101,0,0,100,0,2026-10-02 09:15:41
2473,51-HCM D7/Bui Van Ba Hub,in-house,Full-Time,33552,NGUYỄN QUỐC THÁI,156,0,0,156,0,2026-10-02 09:15:41
2473,51-HCM D7/Bui Van Ba Hub,in-house,Full-Time,39213,TRƯƠNG VÕ ĐÌNH TRẠC,93,0,0,93,0,2026-10-02 09:15:41
2473,51-HCM D7/Bui Van Ba Hub,in-house,Full-Time,39415,DƯƠNG TẤN THIỆN,205,0,0,205,0,2026-10-02 09:15:41
2473,51-HCM D7/Bui Van Ba Hub,in-house,Full-Time,40319,VÕ HỒNG PHÚC,219,0,0,219,0,2026-10-02 09:15:41
2473,51-HCM D7/Bui Van Ba Hub,in-house,Full-Time,44114,NGUYỄN TRỊNH THANH SƠN,243,0,0,243,0,2026-10-02 09:15:41
2473,51-HCM D7/Bui Van Ba Hub,in-house,Full-Time,55123,PHAN VĂN TÙNG,234,0,0,234,0,2026-10-02 09:15:41
2473,51-HCM D7/Bui Van Ba Hub,in-house,Full-Time,57174,VÕ THÀNH NHÂN,194,0,0,194,0,2026-10-02 09:15:41
2473,51-HCM D7/Bui Van Ba Hub,in-house,Full-Time,58507,PHẠM NGỌC DUY,229,0,0,229,0,2026-10-02 09:15:41
2473,51-HCM D7/Bui Van Ba Hub,in-house,Full-Time,61469,HUỲNH ĐỨC HUY,149,0,0,149,0,2026-10-02 09:15:41
2473,51-HCM D7/Bui Van Ba Hub,in-house,Full-Time,61508,NGUYỄN CÔNG PHÚC,217,0,0,217,0,2026-10-02 09:15:41
2473,51-HCM D7/Bui Van Ba Hub,in-house,Full-Time,61514,TRẦN ANH KHOA,147,0,0,147,0,2026-10-02 09:15:41
2473,51-HCM D7/Bui Van Ba Hub,in-house,Full-Time,64545,PHẠM TUẤN ĐẠT,296,0,0,296,0,2026-10-02 09:15:41
2473,51-HCM D7/Bui Van Ba Hub,in-house,Full-Time,65061,NGUYỄN MINH THÁI,85,0,0,85,0,2026-10-02 09:15:41
2473,51-HCM D7/Bui Van Ba Hub,in-house,Full-Time,72588,NGUYỄN HOÀI ANH,167,0,0,167,0,2026-10-02 09:15:41
2473,51-HCM D7/Bui Van Ba Hub,in-house,Full-Time,73853,NGUYỄN HOÀNG SƠN,198,0,0,198,0,2026-10-02 09:15:41
2473,51-HCM D7/Bui Van Ba Hub,in-house,Full-Time,76068,NGÔ THANH PHƯƠNG,109,0,0,109,0,2026-10-02 09:15:41
2473,51-HCM D7/Bui Van Ba Hub,in-house,Full-Time,89577,TCHAN KIM HUY,216,0,0,216,0,2026-10-02 09:15:41
2473,51-HCM D7/Bui Van Ba Hub,in-house,Full-Time,91978,NGUYỄN MINH HOÀNG THUẬN,164,0,0,164,0,2026-10-02 09:15:41
2473,51-HCM D7/Bui Van Ba Hub,in-house,Full-Time,99283,TRẦN DÂN VIỆT,173,0,0,173,0,2026-10-02 09:15:41
2473,51-HCM D7/Bui Van Ba Hub,in-house,Full-Time,124050,NGUYỄN THANH BÌNH,149,0,0,149,0,2026-10-02 09:15:41
2473,51-HCM D7/Bui Van Ba Hub,in-house,Full-Time,134920,NGUYỄN THỊ KIM PHƯỢNG,103,0,0,103,0,2026-10-02 09:15:41
2473,51-HCM D7/Bui Van Ba Hub,in-house,Full-Time,148501,VÕ LÝ ANH KIỆT,152,0,0,152,0,2026-10-02 09:15:41
2473,51-HCM D7/Bui Van Ba Hub,in-house,Full-Time,149437,NGUYỄN MINH ĐẠT,166,0,0,166,0,2026-10-02 09:15:41
2473,51-HCM D7/Bui Van Ba Hub,in-house,Full-Time,156999,NGÔ NGUYỄN THÀNH ĐẠT,91,0,0,91,0,2026-10-02 09:15:41
2473,51-HCM D7/Bui Van Ba Hub,in-house,Full-Time,158164,ĐẶNG HOÀNG LUÔN,181,0,0,181,0,2026-10-02 09:15:41
2473,51-HCM D7/Bui Van Ba Hub,in-house,Full-Time,162512,NGUYỄN QUỐC VINH,54,0,0,54,0,2026-10-02 09:15:41
2063,51-HCM D7/Dao Tri Hub,in-house,Full-Time,13505,TRƯƠNG THANH TÙNG,1,0,0,0,1,2026-10-02 09:15:41
2063,51-HCM D7/Dao Tri Hub,in-house,Full-Time,82230,PHẠM ĐÌNH GIANG,30,0,0,29,1,2026-10-02 09:15:41
2063,51-HCM D7/Dao Tri Hub,in-house,Full-Time,101688,LÊ NHẬT CƯỜNG,194,0,0,189,5,2026-10-02 09:15:41
2063,51-HCM D7/Dao Tri Hub,in-house,Full-Time,203,NGUYỄN VĂN TÂM,140,1,0.0071,138,1,2026-10-02 09:15:41
2063,51-HCM D7/Dao Tri Hub,in-house,Full-Time,154917,HOÀNG CHÍ THẮNG,74,0,0,73,1,2026-10-02 09:15:41
2063,51-HCM D7/Dao Tri Hub,in-house,Full-Time,6256,NGUYỄN TẤN LỘC,78,0,0,77,1,2026-10-02 09:15:41
2063,51-HCM D7/Dao Tri Hub,in-house,Full-Time,7595,LÝ THÀNH PHÁT,189,0,0,187,2,2026-10-02 09:15:41
2063,51-HCM D7/Dao Tri Hub,in-house,Full-Time,89862,HUỲNH NHẬT HÒA,159,0,0,158,1,2026-10-02 09:15:41
2063,51-HCM D7/Dao Tri Hub,in-house,Full-Time,71224,TRẦN LƯU BÌNH,162,0,0,161,1,2026-10-02 09:15:41
2063,51-HCM D7/Dao Tri Hub,in-house,Full-Time,72488,NGUYỄN MINH HẬU,203,1,0.0049,202,0,2026-10-02 09:15:41
2063,51-HCM D7/Dao Tri Hub,in-house,Full-Time,29292,THÁI CHÍ HẢI,229,0,0,228,1,2026-10-02 09:15:41
2063,51-HCM D7/Dao Tri Hub,in-house,Full-Time,41370,PHẠM THANH HIẾU,231,0,0,230,1,2026-10-02 09:15:41
2063,51-HCM D7/Dao Tri Hub,in-house,Full-Time,210,MÃ BỈNH QUAN,142,0,0,142,0,2026-10-02 09:15:41
2063,51-HCM D7/Dao Tri Hub,in-house,Full-Time,2818,VÕ THANH HOÀNG,79,0,0,79,0,2026-10-02 09:15:41
2063,51-HCM D7/Dao Tri Hub,in-house,Full-Time,3154,TRẦN THANH HOÀNG TRIỀU,93,0,0,93,0,2026-10-02 09:15:41
2063,51-HCM D7/Dao Tri Hub,in-house,Full-Time,4968,NGUYỄN TRẦN TẤN PHÁT,91,0,0,91,0,2026-10-02 09:15:41
2063,51-HCM D7/Dao Tri Hub,in-house,Full-Time,6255,HUỲNH PHÚC HẬU,198,0,0,198,0,2026-10-02 09:15:41
2063,51-HCM D7/Dao Tri Hub,in-house,Full-Time,7149,PHAN VĂN THÀNH,191,0,0,191,0,2026-10-02 09:15:41
2063,51-HCM D7/Dao Tri Hub,in-house,Full-Time,7723,NGUYỄN QUỐC CƯỜNG,213,0,0,213,0,2026-10-02 09:15:41
2063,51-HCM D7/Dao Tri Hub,in-house,Full-Time,8557,NGUYỄN THỊ THẢO TRANG,194,0,0,194,0,2026-10-02 09:15:41
2063,51-HCM D7/Dao Tri Hub,in-house,Full-Time,8559,HUỲNH VĂN HIẾU,88,0,0,87,0,2026-10-02 09:15:41
2063,51-HCM D7/Dao Tri Hub,in-house,Full-Time,10833,LÊ QUỐC BẢO,168,0,0,168,0,2026-10-02 09:15:41
2063,51-HCM D7/Dao Tri Hub,in-house,Full-Time,10932,TRẦN HỮU TRÍ,52,0,0,52,0,2026-10-02 09:15:41
2063,51-HCM D7/Dao Tri Hub,in-house,Full-Time,14901,TRẦN MINH TRỌNG,182,0,0,182,0,2026-10-02 09:15:41
2063,51-HCM D7/Dao Tri Hub,in-house,Full-Time,15165,PHÙNG BẢO HUY,83,0,0,83,0,2026-10-02 09:15:41
2063,51-HCM D7/Dao Tri Hub,in-house,Full-Time,16405,NGUYỄN THẾ BẢO,199,0,0,199,0,2026-10-02 09:15:41
2063,51-HCM D7/Dao Tri Hub,in-house,Full-Time,18301,VÕ TẤN PHÚC,246,0,0,246,0,2026-10-02 09:15:41
2063,51-HCM D7/Dao Tri Hub,in-house,Full-Time,18973,PHẠM HOÀNG LONG,187,0,0,187,0,2026-10-02 09:15:41
2063,51-HCM D7/Dao Tri Hub,in-house,Full-Time,25564,LÊ NGUYỄN KIỀU TRÂN,218,0,0,218,0,2026-10-02 09:15:41
2063,51-HCM D7/Dao Tri Hub,in-house,Full-Time,31302,PHAN VĂN LỢI,231,0,0,231,0,2026-10-02 09:15:41
2063,51-HCM D7/Dao Tri Hub,in-house,Full-Time,41517,TRẦN QUỐC TRẦM,170,0,0,170,0,2026-10-02 09:15:41
2063,51-HCM D7/Dao Tri Hub,in-house,Full-Time,43798,NGŨ HÙNG VƯƠNG,254,0,0,254,0,2026-10-02 09:15:41
2063,51-HCM D7/Dao Tri Hub,in-house,Full-Time,46126,TRƯƠNG THANH TẤN,234,0,0,234,0,2026-10-02 09:15:41
2063,51-HCM D7/Dao Tri Hub,in-house,Full-Time,48648,NGUYỄN HOÀNG THANH,236,0,0,236,0,2026-10-02 09:15:41
2063,51-HCM D7/Dao Tri Hub,in-house,Full-Time,53552,NGUYỄN THANH SANG,1,0,0,1,0,2026-10-02 09:15:41
2063,51-HCM D7/Dao Tri Hub,in-house,Full-Time,53655,TRẦN TẤN ĐẠT,67,0,0,67,0,2026-10-02 09:15:41
2063,51-HCM D7/Dao Tri Hub,in-house,Full-Time,54985,LÂM TRẦN LỆ HẰNG,188,0,0,188,0,2026-10-02 09:15:41
2063,51-HCM D7/Dao Tri Hub,in-house,Full-Time,61506,NGUYỄN HOÀNG TRỌNG,34,0,0,34,0,2026-10-02 09:15:41
2063,51-HCM D7/Dao Tri Hub,in-house,Full-Time,64338,LÊ GIA KHÁNH,211,0,0,211,0,2026-10-02 09:15:41
2063,51-HCM D7/Dao Tri Hub,in-house,Full-Time,71226,HUỲNH TẤN THUẬN,63,0,0,63,0,2026-10-02 09:15:41
2063,51-HCM D7/Dao Tri Hub,in-house,Full-Time,80055,NGUYỄN TUẤN CƯỜNG,50,0,0,50,0,2026-10-02 09:15:41
2063,51-HCM D7/Dao Tri Hub,in-house,Full-Time,94498,NGUYỄN THÀNH NHÂN,38,0,0,38,0,2026-10-02 09:15:41
2063,51-HCM D7/Dao Tri Hub,in-house,Full-Time,103086,NGUYỄN PHƯỚC LỘC,15,0,0,15,0,2026-10-02 09:15:41
2063,51-HCM D7/Dao Tri Hub,in-house,Full-Time,105663,NGUYỄN TRUNG THỰC,75,0,0,75,0,2026-10-02 09:15:41
2063,51-HCM D7/Dao Tri Hub,in-house,Full-Time,110444,HUỲNH GIA BẢO,159,0,0,159,0,2026-10-02 09:15:41
2063,51-HCM D7/Dao Tri Hub,in-house,Full-Time,110615,LÊ QUỐC LỢI,205,0,0,205,0,2026-10-02 09:15:41
2063,51-HCM D7/Dao Tri Hub,in-house,Full-Time,112525,NGUYỄN VĂN DANH,2,0,0,2,0,2026-10-02 09:15:41
2063,51-HCM D7/Dao Tri Hub,in-house,Full-Time,114115,TRẦN HỒNG TRỌNG,124,0,0,124,0,2026-10-02 09:15:41
2063,51-HCM D7/Dao Tri Hub,in-house,Full-Time,118779,LÊ TRUNG NHÂN,121,0,0,121,0,2026-10-02 09:15:41
2063,51-HCM D7/Dao Tri Hub,in-house,Full-Time,122463,QUÁCH TRẦN THANH NGUYÊN,91,0,0,91,0,2026-10-02 09:15:41
2063,51-HCM D7/Dao Tri Hub,in-house,Full-Time,132076,NGUYỄN PHẠM AN NHÀN,178,0,0,177,0,2026-10-02 09:15:41
2063,51-HCM D7/Dao Tri Hub,in-house,Full-Time,132080,PHAN ANH QUỐC,199,0,0,199,0,2026-10-02 09:15:41
2063,51-HCM D7/Dao Tri Hub,in-house,Full-Time,138161,TRẦN ĐÌNH VŨ,84,0,0,84,0,2026-10-02 09:15:41
2063,51-HCM D7/Dao Tri Hub,in-house,Full-Time,149126,NGUYỄN VĂN TÂN,85,0,0,85,0,2026-10-02 09:15:41
2063,51-HCM D7/Dao Tri Hub,in-house,Full-Time,149961,NGUYỄN MINH KHA,212,0,0,212,0,2026-10-02 09:15:41
2063,51-HCM D7/Dao Tri Hub,in-house,Full-Time,150197,NGUYỄN THỊ XUÂN VẸN,66,0,0,66,0,2026-10-02 09:15:41
2063,51-HCM D7/Dao Tri Hub,in-house,Full-Time,152051,LÊ TRUNG TRỰC,160,0,0,159,0,2026-10-02 09:15:41
2063,51-HCM D7/Dao Tri Hub,in-house,Full-Time,5620,KIỀU TẤN BỬU,0,0,0,0,0,2026-10-02 09:15:41
2063,51-HCM D7/Dao Tri Hub,in-house,Full-Time,32424,NGUYỄN HẢI DUY,0,0,0,0,0,2026-10-02 09:15:41
2021,51-HCM D7/Huynh Tan Phat Hub,in-house,Full-Time,105415,TRƯƠNG QUANG NHẬT,126,118,0.9365,7,1,2026-10-02 09:15:41
2021,51-HCM D7/Huynh Tan Phat Hub,in-house,Full-Time,109179,NGÔ BÁ TUẤN,176,106,0.6023,70,0,2026-10-02 09:15:41
2021,51-HCM D7/Huynh Tan Phat Hub,in-house,Full-Time,8395,HUỲNH TRẦN SEN SEN,174,101,0.5805,73,0,2026-10-02 09:15:41
2021,51-HCM D7/Huynh Tan Phat Hub,in-house,Full-Time,35713,PHẠM TẤN PHƯỚC,190,85,0.4474,103,2,2026-10-02 09:15:41
2021,51-HCM D7/Huynh Tan Phat Hub,in-house,Full-Time,44798,NGUYỄN THANH VINH,241,97,0.4025,143,1,2026-10-02 09:15:41
2021,51-HCM D7/Huynh Tan Phat Hub,in-house,Full-Time,67581,NGUYỄN TẤN CÔNG,160,60,0.375,99,1,2026-10-02 09:15:41
2021,51-HCM D7/Huynh Tan Phat Hub,in-house,Full-Time,90748,TRẦN NGỌC MINH CHÂU,163,59,0.362,103,1,2026-10-02 09:15:41
2021,51-HCM D7/Huynh Tan Phat Hub,in-house,Full-Time,29727,TRẦN VĂN TẤN,177,63,0.3559,114,0,2026-10-02 09:15:41
2021,51-HCM D7/Huynh Tan Phat Hub,in-house,Full-Time,149033,ĐOÀN VÕ CHIẾN THẮNG,204,61,0.299,143,0,2026-10-02 09:15:41
2021,51-HCM D7/Huynh Tan Phat Hub,in-house,Full-Time,21463,NGUYỄN PHƯỚC LỘC,203,48,0.2365,155,0,2026-10-02 09:15:41
2021,51-HCM D7/Huynh Tan Phat Hub,in-house,Full-Time,12163,NGUYỄN THỊ THANH LIỄU,223,51,0.2287,172,0,2026-10-02 09:15:41
2021,51-HCM D7/Huynh Tan Phat Hub,in-house,Full-Time,28955,NGUYỄN HOÀNG LẪY,212,45,0.2123,167,0,2026-10-02 09:15:41
2021,51-HCM D7/Huynh Tan Phat Hub,in-house,Full-Time,2544,ĐẶNG KHẮC CẦN,181,37,0.2044,144,0,2026-10-02 09:15:41
2021,51-HCM D7/Huynh Tan Phat Hub,in-house,Full-Time,1612,NGUYỄN HOÀNG THÁI DUY,210,42,0.2,168,0,2026-10-02 09:15:41
2021,51-HCM D7/Huynh Tan Phat Hub,in-house,Full-Time,88074,TRẦN LÂM CHÍ VŨ,185,35,0.1892,150,0,2026-10-02 09:15:41
2021,51-HCM D7/Huynh Tan Phat Hub,in-house,Full-Time,126910,NGUYỄN HOÀNG THỊNH,106,16,0.1509,86,4,2026-10-02 09:15:41
2021,51-HCM D7/Huynh Tan Phat Hub,in-house,Full-Time,52701,NGUYỄN HUỲNH ANH KHOA,146,26,0.1781,120,0,2026-10-02 09:15:41
2021,51-HCM D7/Huynh Tan Phat Hub,in-house,Full-Time,96218,NGUYỄN LÊ HOÀNG LONG,210,34,0.1619,176,0,2026-10-02 09:15:41
2021,51-HCM D7/Huynh Tan Phat Hub,in-house,Full-Time,24526,NGUYỄN VĂN TRUNG TÂM,180,27,0.15,153,0,2026-10-02 09:15:41
2021,51-HCM D7/Huynh Tan Phat Hub,in-house,Full-Time,126338,NGUYỄN VĂN PHƯỚC,146,19,0.1301,126,1,2026-10-02 09:15:41
2021,51-HCM D7/Huynh Tan Phat Hub,in-house,Full-Time,71877,TRẦN TUẤN TÀI,137,14,0.1022,123,0,2026-10-02 09:15:41
2021,51-HCM D7/Huynh Tan Phat Hub,in-house,Full-Time,11356,ĐẶNG THANH TÂM,207,17,0.0821,190,0,2026-10-02 09:15:41
2021,51-HCM D7/Huynh Tan Phat Hub,in-house,Full-Time,33364,NGUYỄN TIẾN SỸ,168,7,0.0417,155,6,2026-10-02 09:15:41
2021,51-HCM D7/Huynh Tan Phat Hub,in-house,Full-Time,130382,TRẦN MINH TÂM,102,4,0.0392,98,0,2026-10-02 09:15:41
2021,51-HCM D7/Huynh Tan Phat Hub,in-house,Full-Time,56580,VƯƠNG QUỐC HƯNG,251,1,0.004,244,6,2026-10-02 09:15:41
2021,51-HCM D7/Huynh Tan Phat Hub,in-house,Full-Time,109170,NGUYỄN ĐỖ LỄ,189,0,0,186,3,2026-10-02 09:15:41
2021,51-HCM D7/Huynh Tan Phat Hub,in-house,Full-Time,124533,NGUYỄN TRẦN TRUNG NGUYÊN,146,1,0.0068,145,0,2026-10-02 09:15:41
2021,51-HCM D7/Huynh Tan Phat Hub,in-house,Full-Time,111172,NGUON GIÀU,183,0,0,182,1,2026-10-02 09:15:41
2021,51-HCM D7/Huynh Tan Phat Hub,in-house,Full-Time,75834,TRẦN NGUYỄN VIỆT LÂM,207,0,0,206,1,2026-10-02 09:15:41
2021,51-HCM D7/Huynh Tan Phat Hub,in-house,Full-Time,15277,PHẠM HỒNG PHÚC,147,0,0,147,0,2026-10-02 09:15:41
2021,51-HCM D7/Huynh Tan Phat Hub,in-house,Full-Time,16253,NGUYỄN ANH CƯỜNG,216,0,0,216,0,2026-10-02 09:15:41
2021,51-HCM D7/Huynh Tan Phat Hub,in-house,Full-Time,33769,LÊ MINH TRIẾT,230,0,0,230,0,2026-10-02 09:15:41
2021,51-HCM D7/Huynh Tan Phat Hub,in-house,Full-Time,83738,CHÂU KHẮC ANH VŨ,177,0,0,177,0,2026-10-02 09:15:41
2021,51-HCM D7/Huynh Tan Phat Hub,in-house,Full-Time,96652,NGÔ MINH TIẾN,210,0,0,210,0,2026-10-02 09:15:41
2021,51-HCM D7/Huynh Tan Phat Hub,in-house,Full-Time,126241,TRẦN PHÚ QUÍ,226,0,0,226,0,2026-10-02 09:15:41
2021,51-HCM D7/Huynh Tan Phat Hub,in-house,Full-Time,136995,ĐINH QUANG BÌNH,149,0,0,149,0,2026-10-02 09:15:41
2021,51-HCM D7/Huynh Tan Phat Hub,in-house,Full-Time,152119,HỨA TRÍ HẢI,245,0,0,245,0,2026-10-02 09:15:41
2021,51-HCM D7/Huynh Tan Phat Hub,in-house,Full-Time,152646,PHAN MAI QUÂN,123,0,0,123,0,2026-10-02 09:15:41
2021,51-HCM D7/Huynh Tan Phat Hub,in-house,Full-Time,153806,LÝ NHẬT HOÀ,179,0,0,179,0,2026-10-02 09:15:41
2021,51-HCM D7/Huynh Tan Phat Hub,in-house,Full-Time,155171,PHAN HỮU LỘC,220,0,0,220,0,2026-10-02 09:15:41
2109,51-HCM D7/Nguyen Van Linh Hub,in-house,Full-Time,97335,TĂNG HIẾU HẬU,232,27,0.1164,203,2,2026-10-02 09:15:41
2109,51-HCM D7/Nguyen Van Linh Hub,in-house,Full-Time,71753,NGUYỄN MINH QUÂN,170,14,0.0824,153,3,2026-10-02 09:15:41
2109,51-HCM D7/Nguyen Van Linh Hub,in-house,Full-Time,72813,NGUYỄN THẾ BA,202,18,0.0891,184,0,2026-10-02 09:15:41
2109,51-HCM D7/Nguyen Van Linh Hub,in-house,Full-Time,136147,VÕ TIẾN LÂM,105,9,0.0857,96,0,2026-10-02 09:15:41
2109,51-HCM D7/Nguyen Van Linh Hub,in-house,Full-Time,22085,NGÔ HOÀNG LỘC,189,14,0.0741,173,2,2026-10-02 09:15:41
2109,51-HCM D7/Nguyen Van Linh Hub,in-house,Full-Time,83446,NGUYỄN KHÁNH PHÚC,162,9,0.0556,153,0,2026-10-02 09:15:41
2109,51-HCM D7/Nguyen Van Linh Hub,in-house,Full-Time,82232,NGUYỄN TÔ KHƯƠNG,257,13,0.0506,244,0,2026-10-02 09:15:41
2109,51-HCM D7/Nguyen Van Linh Hub,in-house,Full-Time,143477,NGUYỄN HOÀNG HƯNG,172,3,0.0174,169,0,2026-10-02 09:15:41
2109,51-HCM D7/Nguyen Van Linh Hub,in-house,Full-Time,21985,VIÊN QUỐC QUANG,176,0,0,173,3,2026-10-02 09:15:41
2109,51-HCM D7/Nguyen Van Linh Hub,in-house,Full-Time,16000,PHẠM DUY KHOA,210,0,0,207,3,2026-10-02 09:15:41
2109,51-HCM D7/Nguyen Van Linh Hub,in-house,Full-Time,22392,VŨ QUỐC CƯỜNG,206,2,0.0097,204,0,2026-10-02 09:15:41
2109,51-HCM D7/Nguyen Van Linh Hub,in-house,Full-Time,44681,NGUYỄN HỮU THỌ,177,0,0,176,1,2026-10-02 09:15:41
2109,51-HCM D7/Nguyen Van Linh Hub,in-house,Full-Time,72474,PHAN PHƯỚC HÙNG,198,0,0,197,1,2026-10-02 09:15:41
2109,51-HCM D7/Nguyen Van Linh Hub,in-house,Full-Time,10405,MAI THANH PHÚC,246,0,0,245,1,2026-10-02 09:15:41
2109,51-HCM D7/Nguyen Van Linh Hub,in-house,Full-Time,13497,NGUYỄN THỊ THU NGA,251,1,0.004,250,0,2026-10-02 09:15:41
2109,51-HCM D7/Nguyen Van Linh Hub,in-house,Full-Time,1754,ĐÀM PHƯỚC TUẤN,314,0,0,314,0,2026-10-02 09:15:41
2109,51-HCM D7/Nguyen Van Linh Hub,in-house,Full-Time,15305,PHẠM TẤN TÀI,182,0,0,182,0,2026-10-02 09:15:41
2109,51-HCM D7/Nguyen Van Linh Hub,in-house,Full-Time,27993,NGUYỄN THANH NHÃ,205,0,0,205,0,2026-10-02 09:15:41
2109,51-HCM D7/Nguyen Van Linh Hub,in-house,Full-Time,30727,NGUYỄN BÁ THÀNH,208,0,0,208,0,2026-10-02 09:15:41
2109,51-HCM D7/Nguyen Van Linh Hub,in-house,Full-Time,39395,PHẠM THÀNH LUÂN,204,0,0,204,0,2026-10-02 09:15:41
2109,51-HCM D7/Nguyen Van Linh Hub,in-house,Full-Time,58754,HUỲNH TẤN PHƯƠNG,213,0,0,213,0,2026-10-02 09:15:41
2109,51-HCM D7/Nguyen Van Linh Hub,in-house,Full-Time,65435,ĐỖ NGỌC HUY,142,0,0,142,0,2026-10-02 09:15:41
2109,51-HCM D7/Nguyen Van Linh Hub,in-house,Full-Time,120672,THẠCH CẢNH THI,142,0,0,142,0,2026-10-02 09:15:41
2109,51-HCM D7/Nguyen Van Linh Hub,in-house,Full-Time,126929,NGUYỄN THÀNH LONG,224,0,0,224,0,2026-10-02 09:15:41
2109,51-HCM D7/Nguyen Van Linh Hub,in-house,Full-Time,149291,VÕ QUỐC THẮNG,175,0,0,175,0,2026-10-02 09:15:41
2109,51-HCM D7/Nguyen Van Linh Hub,in-house,Full-Time,162671,HÀ VĂN TIẾN,88,0,0,88,0,2026-10-02 09:15:41
2191,51-HCM D7/Tan Kieng Hub,in-house,Full-Time,17830,HUỲNH LÝ MỸ UYÊN,220,67,0.3045,151,2,2026-10-02 09:15:41
2191,51-HCM D7/Tan Kieng Hub,in-house,Full-Time,44947,VÕ MINH LẬP,223,62,0.278,161,0,2026-10-02 09:15:41
2191,51-HCM D7/Tan Kieng Hub,in-house,Full-Time,22257,PHẠM DUY CƯỜNG,215,50,0.2326,163,2,2026-10-02 09:15:41
2191,51-HCM D7/Tan Kieng Hub,in-house,Full-Time,5899,PHAN ANH DŨNG,233,50,0.2146,183,0,2026-10-02 09:15:41
2191,51-HCM D7/Tan Kieng Hub,in-house,Full-Time,5624,TRẦN TẤN HÙNG,195,34,0.1744,160,1,2026-10-02 09:15:41
2191,51-HCM D7/Tan Kieng Hub,in-house,Full-Time,76303,NGUYỄN MINH KHANG,186,31,0.1667,154,1,2026-10-02 09:15:41
2191,51-HCM D7/Tan Kieng Hub,in-house,Full-Time,149985,ĐINH LÊ TẤN VINH,183,22,0.1202,161,0,2026-10-02 09:15:41
2191,51-HCM D7/Tan Kieng Hub,in-house,Full-Time,69341,TRƯƠNG TẤN SANG,232,26,0.1121,205,1,2026-10-02 09:15:41
2191,51-HCM D7/Tan Kieng Hub,in-house,Full-Time,53295,TRẦN NGỌC SƠN,180,20,0.1111,160,0,2026-10-02 09:15:41
2191,51-HCM D7/Tan Kieng Hub,in-house,Full-Time,2214,HUN XEN,179,17,0.095,162,0,2026-10-02 09:15:41
2191,51-HCM D7/Tan Kieng Hub,in-house,Full-Time,34552,TRẦN VĂN LONG,222,18,0.0811,204,0,2026-10-02 09:15:41
2191,51-HCM D7/Tan Kieng Hub,in-house,Full-Time,1025,BÙI VĂN DẦN,211,13,0.0616,198,0,2026-10-02 09:15:41
2191,51-HCM D7/Tan Kieng Hub,in-house,Full-Time,70297,ĐINH VĂN PHƯƠNG,216,12,0.0556,204,0,2026-10-02 09:15:41
2191,51-HCM D7/Tan Kieng Hub,in-house,Full-Time,15855,NGUYỄN HUỲNH TRỌNG NHÂN,191,10,0.0524,181,0,2026-10-02 09:15:41
2191,51-HCM D7/Tan Kieng Hub,in-house,Full-Time,25561,LÊ NGUYỄN NAM KHANG,259,0,0,254,5,2026-10-02 09:15:41
2191,51-HCM D7/Tan Kieng Hub,in-house,Full-Time,2417,ĐẶNG TRƯỜNG THANH,194,1,0.0052,193,0,2026-10-02 09:15:41
2191,51-HCM D7/Tan Kieng Hub,in-house,Full-Time,123718,ĐỖ TUẤN KHÁNH,214,1,0.0047,213,0,2026-10-02 09:15:41
2191,51-HCM D7/Tan Kieng Hub,in-house,Full-Time,15308,YANG LỮ QUỐC ĐẠT,309,0,0,308,1,2026-10-02 09:15:41
2191,51-HCM D7/Tan Kieng Hub,in-house,Full-Time,612,TRẦN HOÀNG HUÂN,252,0,0,252,0,2026-10-02 09:15:41
2191,51-HCM D7/Tan Kieng Hub,in-house,Full-Time,3222,NGUYỄN MINH LINH,216,0,0,216,0,2026-10-02 09:15:41
2191,51-HCM D7/Tan Kieng Hub,in-house,Full-Time,31926,LẠI MINH ĐẠT,193,0,0,193,0,2026-10-02 09:15:41
2191,51-HCM D7/Tan Kieng Hub,in-house,Full-Time,38324,NGUYỄN QUANG TƯỜNG,247,0,0,247,0,2026-10-02 09:15:41
2191,51-HCM D7/Tan Kieng Hub,in-house,Full-Time,58655,HUỲNH DIỆM PHƯƠNG,259,0,0,259,0,2026-10-02 09:15:41
2191,51-HCM D7/Tan Kieng Hub,in-house,Full-Time,127154,LÊ XUÂN QUÁ,267,0,0,267,0,2026-10-02 09:15:41
4439,51-HCM D8/Ben Binh Dong Hub,in-house,Full-Time,757,TRẦN MINH KHƯƠNG,175,20,0.1143,155,0,2026-10-02 09:15:41
4439,51-HCM D8/Ben Binh Dong Hub,in-house,Full-Time,30074,LIỄU HỒ BẢO CHÂU,282,22,0.078,260,0,2026-10-02 09:15:41
4439,51-HCM D8/Ben Binh Dong Hub,in-house,Full-Time,52933,TRẦN VĂN LƯƠNG,161,0,0,159,2,2026-10-02 09:15:41
4439,51-HCM D8/Ben Binh Dong Hub,in-house,Full-Time,8545,HOÀNG THỊ NGỌC THẢO,287,0,0,285,2,2026-10-02 09:15:41
4439,51-HCM D8/Ben Binh Dong Hub,in-house,Full-Time,50784,LÝ PHÚC THỊNH,170,0,0,169,1,2026-10-02 09:15:41
4439,51-HCM D8/Ben Binh Dong Hub,in-house,Full-Time,14520,NGUYỄN VĂN TỨ,207,0,0,206,1,2026-10-02 09:15:41
4439,51-HCM D8/Ben Binh Dong Hub,in-house,Full-Time,8846,ĐỖ THÀNH PHÁT,223,0,0,222,1,2026-10-02 09:15:41
4439,51-HCM D8/Ben Binh Dong Hub,in-house,Full-Time,552,A PHƯỚC THÀNH,163,0,0,163,0,2026-10-02 09:15:41
4439,51-HCM D8/Ben Binh Dong Hub,in-house,Full-Time,2969,HÀN TẤN VINH,248,0,0,248,0,2026-10-02 09:15:41
4439,51-HCM D8/Ben Binh Dong Hub,in-house,Full-Time,11772,HUỲNH TRÍ DŨNG,161,0,0,161,0,2026-10-02 09:15:41
4439,51-HCM D8/Ben Binh Dong Hub,in-house,Full-Time,21377,TRẦN HOÀNG SƠN,183,0,0,183,0,2026-10-02 09:15:41
4439,51-HCM D8/Ben Binh Dong Hub,in-house,Full-Time,21385,PHAN QUỐC VŨ,208,0,0,208,0,2026-10-02 09:15:41
4439,51-HCM D8/Ben Binh Dong Hub,in-house,Full-Time,30919,NGUYỄN HUỲNH VŨ,150,0,0,150,0,2026-10-02 09:15:41
4439,51-HCM D8/Ben Binh Dong Hub,in-house,Full-Time,70445,PHẠM HOÀNG NAM,235,0,0,235,0,2026-10-02 09:15:41
4439,51-HCM D8/Ben Binh Dong Hub,in-house,Full-Time,98132,DƯ PHƯỚC BỬU,224,0,0,224,0,2026-10-02 09:15:41
4439,51-HCM D8/Ben Binh Dong Hub,in-house,Full-Time,125559,HOÀNG VIỆT HẢI,131,0,0,131,0,2026-10-02 09:15:41
4439,51-HCM D8/Ben Binh Dong Hub,in-house,Full-Time,127512,PHAN HUỲNH ĐỨC,136,0,0,136,0,2026-10-02 09:15:41
4439,51-HCM D8/Ben Binh Dong Hub,in-house,Full-Time,157108,TRẦN HUỲNH QUANG VINH,156,0,0,156,0,2026-10-02 09:15:41
2190,51-HCM D8/Bui Minh Truc Hub,in-house,Full-Time,25943,HUỲNH SỸ ĐƯỜNG,156,95,0.609,61,0,2026-10-02 09:15:41
2190,51-HCM D8/Bui Minh Truc Hub,in-house,Full-Time,95553,TRẦN NGỌC NHÂN,199,103,0.5176,91,5,2026-10-02 09:15:41
2190,51-HCM D8/Bui Minh Truc Hub,in-house,Full-Time,42061,CHÂU THIỆN,223,109,0.4888,111,3,2026-10-02 09:15:41
2190,51-HCM D8/Bui Minh Truc Hub,in-house,Full-Time,26425,LÊ ĐỨC TUÂN,209,53,0.2536,154,2,2026-10-02 09:15:41
2190,51-HCM D8/Bui Minh Truc Hub,in-house,Full-Time,149035,LÊ MINH TRUNG,161,17,0.1056,140,4,2026-10-02 09:15:41
2190,51-HCM D8/Bui Minh Truc Hub,in-house,Full-Time,47664,VÕ MINH QUANG,291,31,0.1065,260,0,2026-10-02 09:15:41
2190,51-HCM D8/Bui Minh Truc Hub,in-house,Full-Time,41827,NGUYỄN HẢI PHÁT,267,28,0.1049,239,0,2026-10-02 09:15:41
2190,51-HCM D8/Bui Minh Truc Hub,in-house,Full-Time,124699,THÁI THANH HẢI,261,20,0.0766,241,0,2026-10-02 09:15:41
2190,51-HCM D8/Bui Minh Truc Hub,in-house,Full-Time,39210,TRẦN VĂN DIỄN,239,17,0.0711,221,1,2026-10-02 09:15:41
2190,51-HCM D8/Bui Minh Truc Hub,in-house,Full-Time,53185,ĐINH QUỐC BẢO,244,14,0.0574,230,0,2026-10-02 09:15:41
2190,51-HCM D8/Bui Minh Truc Hub,in-house,Full-Time,29313,KHƯU ĐẠI QUỐC,204,0,0,203,1,2026-10-02 09:15:41
2190,51-HCM D8/Bui Minh Truc Hub,in-house,Full-Time,85481,LÊ ANH QUI,210,0,0,209,1,2026-10-02 09:15:41
2190,51-HCM D8/Bui Minh Truc Hub,in-house,Full-Time,42664,PHẠM NGUYỄN CƯỜNG THỊNH,203,0,0,203,0,2026-10-02 09:15:41
6087,51-HCM D8/KDC Binh Hung Hub,in-house,Full-Time,138168,LÊ HOÀNG QUÂN,169,21,0.1243,148,0,2026-10-02 09:15:42
6087,51-HCM D8/KDC Binh Hung Hub,in-house,Full-Time,72926,NGUYỄN HỒ QUỐC ANH,98,0,0,95,3,2026-10-02 09:15:42
6087,51-HCM D8/KDC Binh Hung Hub,in-house,Full-Time,70447,LÊ CÔNG TRỌNG NGHĨA,173,0,0,172,1,2026-10-02 09:15:42
6087,51-HCM D8/KDC Binh Hung Hub,in-house,Full-Time,151003,NGUYỄN MINH TƯỚC,176,0,0,175,1,2026-10-02 09:15:42
6087,51-HCM D8/KDC Binh Hung Hub,in-house,Full-Time,6731,CHUNG VĂN HẢI,141,0,0,141,0,2026-10-02 09:15:42
6087,51-HCM D8/KDC Binh Hung Hub,in-house,Full-Time,7593,LÊ TẤN ĐẠT,163,0,0,163,0,2026-10-02 09:15:42
6087,51-HCM D8/KDC Binh Hung Hub,in-house,Full-Time,8393,NGUYỄN ÁI QUỐC,256,0,0,256,0,2026-10-02 09:15:42
6087,51-HCM D8/KDC Binh Hung Hub,in-house,Full-Time,9587,NGUYỄN THÀNH TÂM,172,0,0,172,0,2026-10-02 09:15:42
6087,51-HCM D8/KDC Binh Hung Hub,in-house,Full-Time,12201,DANH QUÁCH THANH TÙNG,141,0,0,141,0,2026-10-02 09:15:42
6087,51-HCM D8/KDC Binh Hung Hub,in-house,Full-Time,14381,NGUYỄN PHƯỚC HẬU,162,0,0,162,0,2026-10-02 09:15:42
6087,51-HCM D8/KDC Binh Hung Hub,in-house,Full-Time,31188,TĂNG THỊ KIM TRÂN,165,0,0,165,0,2026-10-02 09:15:42
6087,51-HCM D8/KDC Binh Hung Hub,in-house,Full-Time,43002,VÕ QUỐC TUẤN PHONG,149,0,0,149,0,2026-10-02 09:15:42
6087,51-HCM D8/KDC Binh Hung Hub,in-house,Full-Time,96477,TRẦN XUÂN CẢNH,180,0,0,180,0,2026-10-02 09:15:42
6087,51-HCM D8/KDC Binh Hung Hub,in-house,Full-Time,127385,TẠ HIẾU THÀNH,143,0,0,143,0,2026-10-02 09:15:42
5120,51-HCM D8/Phu Dinh Hub,in-house,Full-Time,52507,TRƯƠNG HỮU TRỌNG,63,12,0.1905,50,1,2026-10-02 09:15:42
5120,51-HCM D8/Phu Dinh Hub,in-house,Full-Time,86497,NGUYỄN ĐÌNH QUANG,227,39,0.1718,188,0,2026-10-02 09:15:42
5120,51-HCM D8/Phu Dinh Hub,in-house,Full-Time,71754,NGUYỄN NGỌC BẢO ANH,217,32,0.1475,184,1,2026-10-02 09:15:42
5120,51-HCM D8/Phu Dinh Hub,in-house,Full-Time,6545,NGUYỄN HUỲNH BẢO UYÊN,226,24,0.1062,192,10,2026-10-02 09:15:42
5120,51-HCM D8/Phu Dinh Hub,in-house,Full-Time,57762,CHÂU VĨNH XUYÊN,145,19,0.131,125,1,2026-10-02 09:15:42
5120,51-HCM D8/Phu Dinh Hub,in-house,Full-Time,148506,CHUNG HOÀNG PHÚC,154,18,0.1169,135,1,2026-10-02 09:15:42
5120,51-HCM D8/Phu Dinh Hub,in-house,Full-Time,54235,QUAN ĐỨC THÀNH,203,25,0.1232,178,0,2026-10-02 09:15:42
5120,51-HCM D8/Phu Dinh Hub,in-house,Full-Time,97500,HUỲNH LÊ VĂN TÚ,107,12,0.1121,94,1,2026-10-02 09:15:42
5120,51-HCM D8/Phu Dinh Hub,in-house,Full-Time,158162,TRẦN MAI VINH,93,10,0.1075,82,1,2026-10-02 09:15:42
5120,51-HCM D8/Phu Dinh Hub,in-house,Full-Time,22873,TRẦN ĐÌNH KIỆT,188,17,0.0904,169,2,2026-10-02 09:15:42
5120,51-HCM D8/Phu Dinh Hub,in-house,Full-Time,197,HOÀNG ĐỨC DŨNG,239,22,0.0921,215,2,2026-10-02 09:15:42
5120,51-HCM D8/Phu Dinh Hub,in-house,Full-Time,32638,NGUYỄN THANH HUY,151,13,0.0861,136,2,2026-10-02 09:15:42
5120,51-HCM D8/Phu Dinh Hub,in-house,Full-Time,19082,TRẦN BẢO LONG,182,16,0.0879,166,0,2026-10-02 09:15:42
5120,51-HCM D8/Phu Dinh Hub,in-house,Full-Time,22840,NGUYỄN HOÀNG NGUYÊN,254,22,0.0866,232,0,2026-10-02 09:15:42
5120,51-HCM D8/Phu Dinh Hub,in-house,Full-Time,43338,NGUYỄN MINH TRUNG,179,7,0.0391,170,2,2026-10-02 09:15:42
5120,51-HCM D8/Phu Dinh Hub,in-house,Full-Time,149175,LƯU QUỐC PHONG,159,5,0.0314,153,1,2026-10-02 09:15:42
5120,51-HCM D8/Phu Dinh Hub,in-house,Full-Time,88493,LÊ HOÀNG QUỐC,178,0,0,172,6,2026-10-02 09:15:42
5120,51-HCM D8/Phu Dinh Hub,in-house,Full-Time,162921,THÁI THÀNH NGHĨA,121,3,0.0248,118,0,2026-10-02 09:15:42
5120,51-HCM D8/Phu Dinh Hub,in-house,Full-Time,33196,HUỲNH THANH TÂM,151,0,0,148,3,2026-10-02 09:15:42
5120,51-HCM D8/Phu Dinh Hub,in-house,Full-Time,212,LƯU TRÍ CƯỜNG,232,3,0.0129,229,0,2026-10-02 09:15:42
5120,51-HCM D8/Phu Dinh Hub,in-house,Full-Time,45471,NGUYỄN MINH HÙNG,168,2,0.0119,166,0,2026-10-02 09:15:42
5120,51-HCM D8/Phu Dinh Hub,in-house,Full-Time,34314,NGUYỄN HỮU PHÁT,133,1,0.0075,132,0,2026-10-02 09:15:42
5120,51-HCM D8/Phu Dinh Hub,in-house,Full-Time,30166,QUÁCH HỮU ĐẠT,152,0,0,151,1,2026-10-02 09:15:42
5120,51-HCM D8/Phu Dinh Hub,in-house,Full-Time,3522,NGUYỄN VĂN TỐT,151,0,0,151,0,2026-10-02 09:15:42
5120,51-HCM D8/Phu Dinh Hub,in-house,Full-Time,12522,HUỲNH VĂN QUÂN,235,0,0,235,0,2026-10-02 09:15:42
5120,51-HCM D8/Phu Dinh Hub,in-house,Full-Time,18521,TRẦN MINH QUÂN,202,0,0,202,0,2026-10-02 09:15:42
5120,51-HCM D8/Phu Dinh Hub,in-house,Full-Time,49551,LẠC THANH QUỐC,194,0,0,194,0,2026-10-02 09:15:42
5120,51-HCM D8/Phu Dinh Hub,in-house,Full-Time,91997,ĐOÀN DIỆP TẤN PHÁT,138,0,0,138,0,2026-10-02 09:15:42
5120,51-HCM D8/Phu Dinh Hub,in-house,Full-Time,94289,LÂM VĨNH PHÚ,151,0,0,151,0,2026-10-02 09:15:42
5120,51-HCM D8/Phu Dinh Hub,in-house,Full-Time,94842,PHẠM HÙNG MINH,202,0,0,202,0,2026-10-02 09:15:42
5120,51-HCM D8/Phu Dinh Hub,in-house,Full-Time,96728,TRƯƠNG HOÀNG THANH DUY,107,0,0,107,0,2026-10-02 09:15:42
5120,51-HCM D8/Phu Dinh Hub,in-house,Full-Time,118107,ĐOÀN ANH GIÀU,29,0,0,29,0,2026-10-02 09:15:42
5120,51-HCM D8/Phu Dinh Hub,in-house,Full-Time,143483,PHẠM THANH PHONG,150,0,0,150,0,2026-10-02 09:15:42
5120,51-HCM D8/Phu Dinh Hub,in-house,Full-Time,147546,NGUYỄN LỘC NAM,17,0,0,17,0,2026-10-02 09:15:42
5120,51-HCM D8/Phu Dinh Hub,in-house,Full-Time,149677,NGÔ HOÀNG ANH VŨ,118,0,0,118,0,2026-10-02 09:15:42
5120,51-HCM D8/Phu Dinh Hub,in-house,Full-Time,151359,BÙI DƯƠNG QUỐC THẮNG,138,0,0,138,0,2026-10-02 09:15:42
5120,51-HCM D8/Phu Dinh Hub,in-house,Full-Time,152653,NGUYỄN MINH TOÀN,183,0,0,183,0,2026-10-02 09:15:42
5120,51-HCM D8/Phu Dinh Hub,in-house,Full-Time,162915,TRẦN THẾ PHÚ,1,0,0,1,0,2026-10-02 09:15:42
5120,51-HCM D8/Phu Dinh Hub,in-house,Full-Time,74543,TRƯƠNG TUẤN ANH,0,0,0,0,0,2026-10-02 09:15:42
2317,51-HCM D8/Tung Thien Vuong Hub,in-house,Full-Time,53613,VÕ NGỌC THANH DUY,199,35,0.1759,164,0,2026-10-02 09:15:42
2317,51-HCM D8/Tung Thien Vuong Hub,in-house,Full-Time,14898,VÕ PHƯỚC THÀNH,181,25,0.1381,156,0,2026-10-02 09:15:42
2317,51-HCM D8/Tung Thien Vuong Hub,in-house,Full-Time,419,LÊ ĐỨC NGỌC,236,23,0.0975,212,1,2026-10-02 09:15:42
2317,51-HCM D8/Tung Thien Vuong Hub,in-house,Full-Time,11781,NGUYỄN QUANG HÙNG,169,13,0.0769,153,3,2026-10-02 09:15:42
2317,51-HCM D8/Tung Thien Vuong Hub,in-house,Full-Time,14172,NGUYỄN BÁ TỨ,170,16,0.0941,154,0,2026-10-02 09:15:42
2317,51-HCM D8/Tung Thien Vuong Hub,in-house,Full-Time,73058,PHẠM NGỌC TRƯỜNG,206,16,0.0777,190,0,2026-10-02 09:15:42
2317,51-HCM D8/Tung Thien Vuong Hub,in-house,Full-Time,38106,LÝ TRỌNG NHÂN,173,11,0.0636,161,1,2026-10-02 09:15:42
2317,51-HCM D8/Tung Thien Vuong Hub,in-house,Full-Time,1755,TRẦN MẪN LUÂN,186,11,0.0591,175,0,2026-10-02 09:15:42
2317,51-HCM D8/Tung Thien Vuong Hub,in-house,Full-Time,46433,VÕ DUY TÂN,123,0,0,122,1,2026-10-02 09:15:42
2317,51-HCM D8/Tung Thien Vuong Hub,in-house,Full-Time,96217,PHAN THANH HUY,168,0,0,167,1,2026-10-02 09:15:42
2317,51-HCM D8/Tung Thien Vuong Hub,in-house,Full-Time,131642,KIÊN NGUYỄN TRUNG HIẾU,233,0,0,232,1,2026-10-02 09:15:42
2317,51-HCM D8/Tung Thien Vuong Hub,in-house,Full-Time,5622,HOÀNG ĐỨC MINH,160,0,0,160,0,2026-10-02 09:15:42
2317,51-HCM D8/Tung Thien Vuong Hub,in-house,Full-Time,19038,NGUYỄN MINH HOÀNG,282,0,0,282,0,2026-10-02 09:15:42
2317,51-HCM D8/Tung Thien Vuong Hub,in-house,Full-Time,49511,CỔ KIM NGỌC SƠN,197,0,0,197,0,2026-10-02 09:15:42
2317,51-HCM D8/Tung Thien Vuong Hub,in-house,Full-Time,84293,NGUYỄN ĐỨC NGHI,277,0,0,277,0,2026-10-02 09:15:42
2317,51-HCM D8/Tung Thien Vuong Hub,in-house,Full-Time,89910,PHẠM TRỌNG NGHĨA,202,0,0,202,0,2026-10-02 09:15:42
2317,51-HCM D8/Tung Thien Vuong Hub,in-house,Full-Time,97015,TRẦN PHÚC TẤN,185,0,0,185,0,2026-10-02 09:15:42
2317,51-HCM D8/Tung Thien Vuong Hub,in-house,Full-Time,135677,TRẦN VĂN CHUNG,175,0,0,175,0,2026-10-02 09:15:42
2317,51-HCM D8/Tung Thien Vuong Hub,in-house,Full-Time,138642,NGUYỄN CHÁNH HIẾU,211,0,0,211,0,2026-10-02 09:15:42
2317,51-HCM D8/Tung Thien Vuong Hub,in-house,Full-Time,141466,HUỲNH TẤN LỢI,139,0,0,139,0,2026-10-02 09:15:42
2317,51-HCM D8/Tung Thien Vuong Hub,in-house,Full-Time,160823,LÊ NGUYỄN TẤN LỘC,172,0,0,172,0,2026-10-02 09:15:42
2108,51-HCM D9/Hoang Huu Nam Hub,in-house,Full-Time,48855,NGUYỄN TỪ HỔ,161,24,0.1491,136,1,2026-10-02 09:15:42
2108,51-HCM D9/Hoang Huu Nam Hub,in-house,Full-Time,33048,HUỲNH VĂN HUY,200,30,0.15,170,0,2026-10-02 09:15:42
2108,51-HCM D9/Hoang Huu Nam Hub,in-house,Full-Time,148242,HỒ NGỌC SANG,129,14,0.1085,113,2,2026-10-02 09:15:42
2108,51-HCM D9/Hoang Huu Nam Hub,in-house,Full-Time,105783,NGUYỄN BẢO ĐẢM,180,12,0.0667,163,5,2026-10-02 09:15:42
2108,51-HCM D9/Hoang Huu Nam Hub,in-house,Full-Time,149038,LƯU ĐANG HUY,203,11,0.0542,192,0,2026-10-02 09:15:42
2108,51-HCM D9/Hoang Huu Nam Hub,in-house,Full-Time,19276,DƯƠNG QUỐC BẢO,179,0,0,179,0,2026-10-02 09:15:42
2108,51-HCM D9/Hoang Huu Nam Hub,in-house,Full-Time,26820,LÊ ĐỨC TIỀN,26,0,0,25,0,2026-10-02 09:15:42
2108,51-HCM D9/Hoang Huu Nam Hub,in-house,Full-Time,28311,PHẠM CÔNG TRÀ,16,0,0,15,0,2026-10-02 09:15:42
2108,51-HCM D9/Hoang Huu Nam Hub,in-house,Full-Time,33026,LÝ HOÀI THIỆN,230,0,0,230,0,2026-10-02 09:15:42
2108,51-HCM D9/Hoang Huu Nam Hub,in-house,Full-Time,47980,LÊ PHÁT SANG,34,0,0,34,0,2026-10-02 09:15:42
2108,51-HCM D9/Hoang Huu Nam Hub,in-house,Full-Time,73931,HUỲNH HUY HOÀNG,169,0,0,169,0,2026-10-02 09:15:42
2108,51-HCM D9/Hoang Huu Nam Hub,in-house,Full-Time,121905,ĐINH QUANG PHÚ,131,0,0,131,0,2026-10-02 09:15:42
2108,51-HCM D9/Hoang Huu Nam Hub,in-house,Full-Time,149444,PHAN VĂN ĐẠT,152,0,0,152,0,2026-10-02 09:15:42
2108,51-HCM D9/Hoang Huu Nam Hub,in-house,Full-Time,150677,NGUYỄN NGỌC HẬU,109,0,0,109,0,2026-10-02 09:15:42
2108,51-HCM D9/Hoang Huu Nam Hub,in-house,Full-Time,150945,NGUYỄN ĐĂNG HUY,124,0,0,124,0,2026-10-02 09:15:42
5418,51-HCM D9/Lien Phuong Hub,in-house,Full-Time,150482,VƯU TIẾN ĐẠT,109,55,0.5046,54,0,2026-10-02 09:15:42
5418,51-HCM D9/Lien Phuong Hub,in-house,Full-Time,53328,ĐOÀN LONG NHẬT,121,38,0.314,82,1,2026-10-02 09:15:42
5418,51-HCM D9/Lien Phuong Hub,in-house,Full-Time,81697,PHẠM HỒNG THU,194,54,0.2784,140,0,2026-10-02 09:15:42
5418,51-HCM D9/Lien Phuong Hub,in-house,Full-Time,16953,NGUYỄN VĂN ANH KHOA,153,37,0.2418,116,0,2026-10-02 09:15:42
5418,51-HCM D9/Lien Phuong Hub,in-house,Full-Time,161049,TRẦN TRUNG TÍN,100,23,0.23,77,0,2026-10-02 09:15:42
5418,51-HCM D9/Lien Phuong Hub,in-house,Full-Time,64770,NGUYỄN NGỌC QUY,118,22,0.1864,96,0,2026-10-02 09:15:42
5418,51-HCM D9/Lien Phuong Hub,in-house,Full-Time,24858,ĐẶNG THANH LIÊM,146,26,0.1781,120,0,2026-10-02 09:15:42
5418,51-HCM D9/Lien Phuong Hub,in-house,Full-Time,126924,TRƯƠNG PHƯỚC LONG,160,27,0.1688,133,0,2026-10-02 09:15:42
5418,51-HCM D9/Lien Phuong Hub,in-house,Full-Time,134175,ĐẶNG ANH TUẤN,108,17,0.1574,91,0,2026-10-02 09:15:42
5418,51-HCM D9/Lien Phuong Hub,in-house,Full-Time,19729,VŨ NGUYỄN HOÀNG LUÂN,189,23,0.1217,166,0,2026-10-02 09:15:42
5418,51-HCM D9/Lien Phuong Hub,in-house,Full-Time,26913,NGUYỄN LÊ MINH QUÂN,176,19,0.108,157,0,2026-10-02 09:15:42
5418,51-HCM D9/Lien Phuong Hub,in-house,Full-Time,161842,NGUYỄN PHẠM NHẬT HÀO,122,8,0.0656,109,5,2026-10-02 09:15:42
5418,51-HCM D9/Lien Phuong Hub,in-house,Full-Time,88080,TRẦN THANH NHÀN,218,21,0.0963,197,0,2026-10-02 09:15:42
5418,51-HCM D9/Lien Phuong Hub,in-house,Full-Time,94778,DƯ TRUNG HIẾU,259,17,0.0656,239,3,2026-10-02 09:15:42
5418,51-HCM D9/Lien Phuong Hub,in-house,Full-Time,56731,PHAN VĨ KHANG,244,12,0.0492,232,0,2026-10-02 09:15:42
5418,51-HCM D9/Lien Phuong Hub,in-house,Full-Time,16609,TRẦN NGUYỄN HOÀI BẢO,300,0,0,295,5,2026-10-02 09:15:42
5418,51-HCM D9/Lien Phuong Hub,in-house,Full-Time,162837,TẠ TẤN SĨ,120,1,0.0083,118,1,2026-10-02 09:15:42
5418,51-HCM D9/Lien Phuong Hub,in-house,Full-Time,125223,NGUYỄN HOÀNG ANH,138,1,0.0072,136,1,2026-10-02 09:15:42
5418,51-HCM D9/Lien Phuong Hub,in-house,Full-Time,3801,NGUYỄN XUÂN VINH,36,0,0,36,0,2026-10-02 09:15:42
5418,51-HCM D9/Lien Phuong Hub,in-house,Full-Time,26694,HUỲNH VĂN KHÔI,226,0,0,226,0,2026-10-02 09:15:42
5418,51-HCM D9/Lien Phuong Hub,in-house,Full-Time,38328,NGUYỄN MINH NHẬT,218,0,0,218,0,2026-10-02 09:15:42
5418,51-HCM D9/Lien Phuong Hub,in-house,Full-Time,47624,NGUYỄN HỒNG HIẾU,160,0,0,160,0,2026-10-02 09:15:42
5418,51-HCM D9/Lien Phuong Hub,in-house,Full-Time,93850,TRẦN NGỌC VÕ,57,0,0,57,0,2026-10-02 09:15:42
5418,51-HCM D9/Lien Phuong Hub,in-house,Full-Time,162835,NGUYỄN ANH VŨ,87,0,0,87,0,2026-10-02 09:15:42
2290,51-HCM D9/Long Binh Hub,in-house,Full-Time,80050,PHẠM MINH ĐỨC,56,43,0.7679,13,0,2026-10-02 09:15:42
2290,51-HCM D9/Long Binh Hub,in-house,Full-Time,95299,NGUYỄN HỮU TOÀN,155,75,0.4839,79,1,2026-10-02 09:15:42
2290,51-HCM D9/Long Binh Hub,in-house,Full-Time,58140,ĐỖ QUỐC KHÁNH,75,24,0.32,51,0,2026-10-02 09:15:42
2290,51-HCM D9/Long Binh Hub,in-house,Full-Time,127777,ĐÀO DUY CƯỜNG,93,28,0.3011,64,1,2026-10-02 09:15:42
2290,51-HCM D9/Long Binh Hub,in-house,Full-Time,80045,NGUYỄN THIÊN TÀI,162,45,0.2778,117,0,2026-10-02 09:15:42
2290,51-HCM D9/Long Binh Hub,in-house,Full-Time,89907,LÊ PHẠM THANH TOÀN,110,28,0.2545,82,0,2026-10-02 09:15:42
2290,51-HCM D9/Long Binh Hub,in-house,Full-Time,76069,HOÀNG MINH HIẾU,162,35,0.216,126,1,2026-10-02 09:15:42
2290,51-HCM D9/Long Binh Hub,in-house,Full-Time,88625,NGÔ QUỐC SỸ,107,10,0.0935,96,1,2026-10-02 09:15:42
2290,51-HCM D9/Long Binh Hub,in-house,Full-Time,155521,NGUYỄN PHÚC HUY,205,19,0.0927,185,1,2026-10-02 09:15:42
2290,51-HCM D9/Long Binh Hub,in-house,Full-Time,74781,TRẦN CÔNG PHONG,184,11,0.0598,173,0,2026-10-02 09:15:42
2290,51-HCM D9/Long Binh Hub,in-house,Full-Time,74931,PHẠM ĐÌNH TUẤN,137,8,0.0584,129,0,2026-10-02 09:15:42
2290,51-HCM D9/Long Binh Hub,in-house,Full-Time,93424,NGUYỄN CAO CƯỜNG,162,7,0.0432,155,0,2026-10-02 09:15:42
2290,51-HCM D9/Long Binh Hub,in-house,Full-Time,113321,LÊ ANH VŨ,147,4,0.0272,143,0,2026-10-02 09:15:42
2290,51-HCM D9/Long Binh Hub,in-house,Full-Time,120240,TRẦN HỮU ĐỨC,216,4,0.0185,212,0,2026-10-02 09:15:42
2290,51-HCM D9/Long Binh Hub,in-house,Full-Time,156602,LÊ NHẬT TRƯỜNG,128,0,0,126,2,2026-10-02 09:15:42
2290,51-HCM D9/Long Binh Hub,in-house,Full-Time,145104,NGUYỄN MINH CẢNH,211,2,0.0095,208,1,2026-10-02 09:15:42
2290,51-HCM D9/Long Binh Hub,in-house,Full-Time,90087,PHẠM MINH HOÀNG,181,2,0.011,179,0,2026-10-02 09:15:42
2290,51-HCM D9/Long Binh Hub,in-house,Full-Time,93426,NGUYỄN THỊ LỆ CHI,128,0,0,127,1,2026-10-02 09:15:42
2290,51-HCM D9/Long Binh Hub,in-house,Full-Time,22766,PHẠM LÊ HẢI NAM,119,0,0,118,0,2026-10-02 09:15:42
2290,51-HCM D9/Long Binh Hub,in-house,Full-Time,31518,HỒ THANH PHƯỚC,164,0,0,164,0,2026-10-02 09:15:42
2290,51-HCM D9/Long Binh Hub,in-house,Full-Time,55248,TRẦN THỊ QUỲNH NHƯ,142,0,0,142,0,2026-10-02 09:15:42
2290,51-HCM D9/Long Binh Hub,in-house,Full-Time,68658,PHẠM MINH HUY,169,0,0,169,0,2026-10-02 09:15:42
2290,51-HCM D9/Long Binh Hub,in-house,Full-Time,70753,NGUYỄN HOÀNG HỮU PHƯỚC,224,0,0,224,0,2026-10-02 09:15:42
2290,51-HCM D9/Long Binh Hub,in-house,Full-Time,95098,KIỀU THỊ THU HƯƠNG,127,0,0,127,0,2026-10-02 09:15:42
2290,51-HCM D9/Long Binh Hub,in-house,Full-Time,95290,NGUYỄN NGỌC TÂN,183,0,0,183,0,2026-10-02 09:15:42
2290,51-HCM D9/Long Binh Hub,in-house,Full-Time,118775,HỒ ĐỨC TRÍ,221,0,0,221,0,2026-10-02 09:15:42
2290,51-HCM D9/Long Binh Hub,in-house,Full-Time,119512,LÊ ANH KHOA,156,0,0,156,0,2026-10-02 09:15:42
2290,51-HCM D9/Long Binh Hub,in-house,Full-Time,129564,NGUYỄN HỒ MINH HIẾU,147,0,0,147,0,2026-10-02 09:15:42
2290,51-HCM D9/Long Binh Hub,in-house,Full-Time,138170,VÕ HOÀNG BỬU,262,0,0,262,0,2026-10-02 09:15:42
2290,51-HCM D9/Long Binh Hub,in-house,Full-Time,149445,LÊ PHẠM QUỐC AN,168,0,0,168,0,2026-10-02 09:15:42
2290,51-HCM D9/Long Binh Hub,in-house,Full-Time,157796,HỒ THANH TẤN,105,0,0,105,0,2026-10-02 09:15:42
4626,51-HCM D9/Long Truong Hub,in-house,Full-Time,149448,NGUYỄN ĐÌNH CHƯƠNG,114,50,0.4386,64,0,2026-10-02 09:15:42
4626,51-HCM D9/Long Truong Hub,in-house,Full-Time,149952,LÊ HỒNG PHÚC,138,36,0.2609,98,4,2026-10-02 09:15:42
4626,51-HCM D9/Long Truong Hub,in-house,Full-Time,118316,TRẦN VĂN TOÁN,152,25,0.1645,127,0,2026-10-02 09:15:42
4626,51-HCM D9/Long Truong Hub,in-house,Full-Time,130281,TRƯƠNG VĂN SANG,84,12,0.1429,72,0,2026-10-02 09:15:42
4626,51-HCM D9/Long Truong Hub,in-house,Full-Time,148500,HỒ THANH VŨ,106,14,0.1321,92,0,2026-10-02 09:15:42
4626,51-HCM D9/Long Truong Hub,in-house,Full-Time,21029,PHẠM TẤN NHƠN,234,25,0.1068,208,1,2026-10-02 09:15:42
4626,51-HCM D9/Long Truong Hub,in-house,Full-Time,63774,HUỲNH CHÍ TÀI,168,18,0.1071,150,0,2026-10-02 09:15:42
4626,51-HCM D9/Long Truong Hub,in-house,Full-Time,137051,NGUYỄN HẢI ÂU,86,5,0.0581,77,4,2026-10-02 09:15:42
4626,51-HCM D9/Long Truong Hub,in-house,Full-Time,51610,MAI DU PHƯƠNG DŨ,127,12,0.0945,114,1,2026-10-02 09:15:42
4626,51-HCM D9/Long Truong Hub,in-house,Full-Time,107356,PHẠM THANH HÀ,239,22,0.0921,217,0,2026-10-02 09:15:42
4626,51-HCM D9/Long Truong Hub,in-house,Full-Time,146904,NGUYỄN VĂN TRIỆU VŨ,123,9,0.0732,114,0,2026-10-02 09:15:42
4626,51-HCM D9/Long Truong Hub,in-house,Full-Time,126003,PHẠM HOÀNG KHỞI,94,1,0.0106,89,4,2026-10-02 09:15:42
4626,51-HCM D9/Long Truong Hub,in-house,Full-Time,100112,NGUYỄN THANH QUANG,141,2,0.0142,137,2,2026-10-02 09:15:42
4626,51-HCM D9/Long Truong Hub,in-house,Full-Time,53205,HUỲNH NHẬT PHÚC,164,3,0.0183,161,0,2026-10-02 09:15:42
4626,51-HCM D9/Long Truong Hub,in-house,Full-Time,144634,LÊ THANH NHỚ,116,1,0.0086,115,0,2026-10-02 09:15:42
4626,51-HCM D9/Long Truong Hub,in-house,Full-Time,147079,LÊ HẢI LONG,137,0,0,136,1,2026-10-02 09:15:42
4626,51-HCM D9/Long Truong Hub,in-house,Full-Time,41971,BÙI TẤN HỘI,169,0,0,169,0,2026-10-02 09:15:42
4626,51-HCM D9/Long Truong Hub,in-house,Full-Time,75823,ĐẶNG VŨ HỒNG KHÁNH,4,0,0,4,0,2026-10-02 09:15:42
2200,51-HCM D9/Nguyen Van Tang Hub,in-house,Full-Time,52885,ĐỖ VĂN NGỌC,87,45,0.5172,42,0,2026-10-02 09:15:42
2200,51-HCM D9/Nguyen Van Tang Hub,in-house,Full-Time,105413,THẠCH THẢO,122,47,0.3852,73,2,2026-10-02 09:15:42
2200,51-HCM D9/Nguyen Van Tang Hub,in-house,Full-Time,156019,BÙI VIẾT QUÝ,150,46,0.3067,103,1,2026-10-02 09:15:42
2200,51-HCM D9/Nguyen Van Tang Hub,in-house,Full-Time,134828,THẠCH NGỌC TÂN,136,41,0.3015,94,1,2026-10-02 09:15:42
2200,51-HCM D9/Nguyen Van Tang Hub,in-house,Full-Time,31529,NGUYỄN DUY PHƯƠNG,187,53,0.2834,131,3,2026-10-02 09:15:42
2200,51-HCM D9/Nguyen Van Tang Hub,in-house,Full-Time,21713,NGUYỄN THANH XUÂN,214,52,0.243,158,4,2026-10-02 09:15:42
2200,51-HCM D9/Nguyen Van Tang Hub,in-house,Full-Time,69700,VŨ THANH SANG,182,46,0.2527,136,0,2026-10-02 09:15:42
2200,51-HCM D9/Nguyen Van Tang Hub,in-house,Full-Time,134830,NGUYỄN A THÀNH,136,30,0.2206,103,3,2026-10-02 09:15:42
2200,51-HCM D9/Nguyen Van Tang Hub,in-house,Full-Time,72745,LÊ VĂN HIẾU,169,31,0.1834,134,4,2026-10-02 09:15:42
2200,51-HCM D9/Nguyen Van Tang Hub,in-house,Full-Time,132937,NGUYỄN NGỌC NGUYỆN,242,41,0.1694,199,2,2026-10-02 09:15:42
2200,51-HCM D9/Nguyen Van Tang Hub,in-house,Full-Time,65069,NGUYỄN A DUY,215,31,0.1442,183,1,2026-10-02 09:15:42
2200,51-HCM D9/Nguyen Van Tang Hub,in-house,Full-Time,146667,TRẦN CÔNG TRỨ,174,24,0.1379,150,0,2026-10-02 09:15:42
2200,51-HCM D9/Nguyen Van Tang Hub,in-house,Full-Time,146912,TRẦN HỮU PHƯỚC,122,15,0.123,106,1,2026-10-02 09:15:42
2200,51-HCM D9/Nguyen Van Tang Hub,in-house,Full-Time,154456,PHAN TRÙNG DƯƠNG,102,1,0.0098,101,0,2026-10-02 09:15:42
2200,51-HCM D9/Nguyen Van Tang Hub,in-house,Full-Time,146324,LÃ ĐỨC HUY,122,1,0.0082,121,0,2026-10-02 09:15:42
2200,51-HCM D9/Nguyen Van Tang Hub,in-house,Full-Time,19162,NGUYỄN TUẤN VŨ,214,0,0,213,1,2026-10-02 09:15:42
2200,51-HCM D9/Nguyen Van Tang Hub,in-house,Full-Time,80676,NGUYỄN THẾ THỤY,355,0,0,354,1,2026-10-02 09:15:42
2200,51-HCM D9/Nguyen Van Tang Hub,in-house,Full-Time,42041,TRẦN THỊ HẠ THẢO,195,0,0,195,0,2026-10-02 09:15:42
2200,51-HCM D9/Nguyen Van Tang Hub,in-house,Full-Time,73620,TRẦN BẢO TRUNG,184,0,0,184,0,2026-10-02 09:15:42
2200,51-HCM D9/Nguyen Van Tang Hub,in-house,Full-Time,91300,PHẠM THÁI HUY,183,0,0,183,0,2026-10-02 09:15:42
2200,51-HCM D9/Nguyen Van Tang Hub,in-house,Full-Time,95286,LÊ ĐÌNH QUYẾT,164,0,0,164,0,2026-10-02 09:15:42
2200,51-HCM D9/Nguyen Van Tang Hub,in-house,Full-Time,107514,NGUYỄN MINH TUẤN,99,0,0,99,0,2026-10-02 09:15:42
2200,51-HCM D9/Nguyen Van Tang Hub,in-house,Full-Time,133814,ĐẶNG NGỌC THIÊN,58,0,0,58,0,2026-10-02 09:15:42
2200,51-HCM D9/Nguyen Van Tang Hub,in-house,Full-Time,154548,NGUYỄN KIM LUÂN,145,0,0,145,0,2026-10-02 09:15:42
2107,51-HCM D9/Phu Huu Hub,in-house,Full-Time,59244,NGUYỄN THÀNH DINH,169,47,0.2781,120,2,2026-10-02 09:15:42
2107,51-HCM D9/Phu Huu Hub,in-house,Full-Time,94768,ĐỖ TIẾN ĐẠT,159,37,0.2327,119,3,2026-10-02 09:15:42
2107,51-HCM D9/Phu Huu Hub,in-house,Full-Time,18809,PHAN TRỌNG HIẾU,284,39,0.1373,245,0,2026-10-02 09:15:42
2107,51-HCM D9/Phu Huu Hub,in-house,Full-Time,146262,ĐÀO NHƠN HẢI,113,8,0.0708,103,2,2026-10-02 09:15:42
2107,51-HCM D9/Phu Huu Hub,in-house,Full-Time,136323,NGUYỄN BÁ HIỀN,122,6,0.0492,112,4,2026-10-02 09:15:42
2107,51-HCM D9/Phu Huu Hub,in-house,Full-Time,142270,TRẦN TUẤN VŨ,94,7,0.0745,87,0,2026-10-02 09:15:42
2107,51-HCM D9/Phu Huu Hub,in-house,Full-Time,79766,NGUYỄN THANH LÒNG,144,4,0.0278,138,2,2026-10-02 09:15:42
2107,51-HCM D9/Phu Huu Hub,in-house,Full-Time,133588,NGUYỄN KIM NHÂN,236,8,0.0339,228,0,2026-10-02 09:15:42
2107,51-HCM D9/Phu Huu Hub,in-house,Full-Time,144917,LÊ NGỌC HỒ,102,3,0.0294,99,0,2026-10-02 09:15:42
2107,51-HCM D9/Phu Huu Hub,in-house,Full-Time,120394,NGUYỄN THÁI TÀI,167,0,0,165,2,2026-10-02 09:15:42
2107,51-HCM D9/Phu Huu Hub,in-house,Full-Time,150454,LÊ PHƯỚC HẢI,108,1,0.0093,107,0,2026-10-02 09:15:42
2107,51-HCM D9/Phu Huu Hub,in-house,Full-Time,22447,NGUYỄN HOÀNG TUẤN,181,0,0,181,0,2026-10-02 09:15:42
2060,51-HCM D9/Phuoc Long B Hub,in-house,Full-Time,124222,NGUYỄN THỊ THANH NHÀN,152,109,0.7171,43,0,2026-10-02 09:15:42
2060,51-HCM D9/Phuoc Long B Hub,in-house,Full-Time,68675,NGUYỄN TẤN VŨ,122,84,0.6885,38,0,2026-10-02 09:15:42
2060,51-HCM D9/Phuoc Long B Hub,in-house,Full-Time,43238,LÊ QUỐC CƯỜNG,140,84,0.6,55,1,2026-10-02 09:15:42
2060,51-HCM D9/Phuoc Long B Hub,in-house,Full-Time,76967,PHẠM XUÂN PHONG,160,95,0.5938,63,2,2026-10-02 09:15:42
2060,51-HCM D9/Phuoc Long B Hub,in-house,Full-Time,117296,VŨ BẮC KIM BẢO,153,78,0.5098,67,8,2026-10-02 09:15:42
2060,51-HCM D9/Phuoc Long B Hub,in-house,Full-Time,64558,LÊ QUỐC TRỊ,207,108,0.5217,96,3,2026-10-02 09:15:42
2060,51-HCM D9/Phuoc Long B Hub,in-house,Full-Time,144632,PHÙNG THẾ HÙNG,191,82,0.4293,107,2,2026-10-02 09:15:42
2060,51-HCM D9/Phuoc Long B Hub,in-house,Full-Time,144798,BÙI NHẬT CƯỜNG,118,37,0.3136,77,4,2026-10-02 09:15:42
2060,51-HCM D9/Phuoc Long B Hub,in-house,Full-Time,91376,VÕ HỒNG PHÚC,152,47,0.3092,104,1,2026-10-02 09:15:42
2060,51-HCM D9/Phuoc Long B Hub,in-house,Full-Time,136981,NGUYỄN NGỌC TIẾN,134,34,0.2537,100,0,2026-10-02 09:15:42
2060,51-HCM D9/Phuoc Long B Hub,in-house,Full-Time,64565,TRẦN LÊ KHÁNH VĨ,172,25,0.1453,141,6,2026-10-02 09:15:42
2060,51-HCM D9/Phuoc Long B Hub,in-house,Full-Time,141463,LÝ MINH TÀI,117,19,0.1624,97,1,2026-10-02 09:15:42
2060,51-HCM D9/Phuoc Long B Hub,in-house,Full-Time,57170,MAI VĂN ĐỨC,143,23,0.1608,120,0,2026-10-02 09:15:42
2060,51-HCM D9/Phuoc Long B Hub,in-house,Full-Time,160824,NGUYỄN ĐĂNG GIA NGHĨA,148,21,0.1419,126,1,2026-10-02 09:15:42
2060,51-HCM D9/Phuoc Long B Hub,in-house,Full-Time,41585,NGUYỄN NGỌC TRƯỜNG,167,16,0.0958,149,2,2026-10-02 09:15:42
2060,51-HCM D9/Phuoc Long B Hub,in-house,Full-Time,64767,HOÀNG DƯỢC SƯ,137,8,0.0584,129,0,2026-10-02 09:15:42
2060,51-HCM D9/Phuoc Long B Hub,in-house,Full-Time,5406,NGÔ THANH TÂN,134,6,0.0448,128,0,2026-10-02 09:15:42
2060,51-HCM D9/Phuoc Long B Hub,in-house,Full-Time,16360,NGUYỄN PHI LONG,204,8,0.0392,195,1,2026-10-02 09:15:42
2060,51-HCM D9/Phuoc Long B Hub,in-house,Full-Time,46791,DƯƠNG VĂN THUẬN,136,4,0.0294,131,1,2026-10-02 09:15:42
2060,51-HCM D9/Phuoc Long B Hub,in-house,Full-Time,3226,LÊ ANH MƯỜI,178,3,0.0169,172,3,2026-10-02 09:15:42
2060,51-HCM D9/Phuoc Long B Hub,in-house,Full-Time,158321,NGUYỄN ĐỨC VIÊN,148,1,0.0068,147,0,2026-10-02 09:15:42
2060,51-HCM D9/Phuoc Long B Hub,in-house,Full-Time,15738,LÊ HOÀNG SANG,170,0,0,169,1,2026-10-02 09:15:42
2060,51-HCM D9/Phuoc Long B Hub,in-house,Full-Time,136324,NGUYỄN TRUNG HIẾU,169,1,0.0059,168,0,2026-10-02 09:15:42
2060,51-HCM D9/Phuoc Long B Hub,in-house,Full-Time,19229,BÙI MINH DANH,144,0,0,144,0,2026-10-02 09:15:42
2060,51-HCM D9/Phuoc Long B Hub,in-house,Full-Time,69456,TRẦN VĂN THUA,157,0,0,157,0,2026-10-02 09:15:42
2060,51-HCM D9/Phuoc Long B Hub,in-house,Full-Time,99127,NGUYỄN THANH SƠN,142,0,0,142,0,2026-10-02 09:15:42
2060,51-HCM D9/Phuoc Long B Hub,in-house,Full-Time,121435,NGUYỄN NGUYÊN ANH,142,0,0,142,0,2026-10-02 09:15:42
2060,51-HCM D9/Phuoc Long B Hub,in-house,Full-Time,142533,MAI CHÍ NGHĨA,112,0,0,112,0,2026-10-02 09:15:42
2397,51-HCM D9/Tang Nhon Phu B Hub,in-house,Full-Time,127983,NGUYỄN MINH TUẤN,120,38,0.3167,82,0,2026-10-02 09:15:42
2397,51-HCM D9/Tang Nhon Phu B Hub,in-house,Full-Time,57590,ĐỖ THÀNH TÂM,163,48,0.2945,112,3,2026-10-02 09:15:42
2397,51-HCM D9/Tang Nhon Phu B Hub,in-house,Full-Time,13499,PHẠM DUY PHƯƠNG,174,37,0.2126,136,1,2026-10-02 09:15:42
2397,51-HCM D9/Tang Nhon Phu B Hub,in-house,Full-Time,57321,LÊ HOÀNG KIỆT,157,28,0.1783,129,0,2026-10-02 09:15:42
2397,51-HCM D9/Tang Nhon Phu B Hub,in-house,Full-Time,30817,BÙI VÕ ANH TÀI,151,24,0.1589,126,1,2026-10-02 09:15:42
2397,51-HCM D9/Tang Nhon Phu B Hub,in-house,Full-Time,117106,NGÔ THANH BÌNH,169,26,0.1538,143,0,2026-10-02 09:15:42
2397,51-HCM D9/Tang Nhon Phu B Hub,in-house,Full-Time,66417,HÀ BẢO MINH,187,18,0.0963,169,0,2026-10-02 09:15:42
2397,51-HCM D9/Tang Nhon Phu B Hub,in-house,Full-Time,86641,NGÔ QUÝ THANH KIM,147,10,0.068,137,0,2026-10-02 09:15:42
2397,51-HCM D9/Tang Nhon Phu B Hub,in-house,Full-Time,102530,TRẦN HOÀNG DŨNG,196,12,0.0612,184,0,2026-10-02 09:15:42
2397,51-HCM D9/Tang Nhon Phu B Hub,in-house,Full-Time,54637,ĐẶNG THIÊN THÀNH,109,4,0.0367,105,0,2026-10-02 09:15:42
2397,51-HCM D9/Tang Nhon Phu B Hub,in-house,Full-Time,119078,HỒ SỸ SANG,92,2,0.0217,90,0,2026-10-02 09:15:42
2397,51-HCM D9/Tang Nhon Phu B Hub,in-house,Full-Time,52147,NGUYỄN VIẾT MẠNH CHIẾN,179,3,0.0168,176,0,2026-10-02 09:15:42
2397,51-HCM D9/Tang Nhon Phu B Hub,in-house,Full-Time,89017,VÕ TRỌNG PHÚ,184,2,0.0109,181,1,2026-10-02 09:15:42
2397,51-HCM D9/Tang Nhon Phu B Hub,in-house,Full-Time,46811,NGUYỄN HOÀNG TÙNG,124,1,0.0081,123,0,2026-10-02 09:15:42
2397,51-HCM D9/Tang Nhon Phu B Hub,in-house,Full-Time,57589,NGUYỄN ĐẶNG THÁI HOÀ,130,0,0,130,0,2026-10-02 09:15:42
2397,51-HCM D9/Tang Nhon Phu B Hub,in-house,Full-Time,132361,NGUYỄN HỮU TĨNH,147,0,0,147,0,2026-10-02 09:15:42
2397,51-HCM D9/Tang Nhon Phu B Hub,in-house,Full-Time,146673,LÊ ANH TÂN,105,0,0,105,0,2026-10-02 09:15:42
2443,51-HCM D9/Xa Lo Ha Noi Hub,in-house,Full-Time,51630,TĂNG MINH LỘC,96,26,0.2708,69,1,2026-10-02 09:15:42
2443,51-HCM D9/Xa Lo Ha Noi Hub,in-house,Full-Time,15039,DƯƠNG THÀNH NHÂN,208,47,0.226,160,1,2026-10-02 09:15:42
2443,51-HCM D9/Xa Lo Ha Noi Hub,in-house,Full-Time,73193,NGUYỄN HOÀNG ANH TI,155,31,0.2,122,2,2026-10-02 09:15:42
2443,51-HCM D9/Xa Lo Ha Noi Hub,in-house,Full-Time,3766,LÊ MINH HOÀNG,194,31,0.1598,163,0,2026-10-02 09:15:42
2443,51-HCM D9/Xa Lo Ha Noi Hub,in-house,Full-Time,96731,LÊ VĂN LINH,108,17,0.1574,91,0,2026-10-02 09:15:42
2443,51-HCM D9/Xa Lo Ha Noi Hub,in-house,Full-Time,43953,NGUYỄN MINH GIÀU,208,32,0.1538,176,0,2026-10-02 09:15:42
2443,51-HCM D9/Xa Lo Ha Noi Hub,in-house,Full-Time,71321,NGUYỄN THANH SANG,144,22,0.1528,122,0,2026-10-02 09:15:42
2443,51-HCM D9/Xa Lo Ha Noi Hub,in-house,Full-Time,59690,TRỊNH VĂN TIẾN,192,26,0.1354,165,1,2026-10-02 09:15:42
2443,51-HCM D9/Xa Lo Ha Noi Hub,in-house,Full-Time,52334,LÊ HOÀNG,259,35,0.1351,224,0,2026-10-02 09:15:42
2443,51-HCM D9/Xa Lo Ha Noi Hub,in-house,Full-Time,3896,ĐẶNG THÁI AN,166,13,0.0783,150,3,2026-10-02 09:15:42
2443,51-HCM D9/Xa Lo Ha Noi Hub,in-house,Full-Time,41437,VÕ TRỌNG NHƠN,150,13,0.0867,137,0,2026-10-02 09:15:42
2443,51-HCM D9/Xa Lo Ha Noi Hub,in-house,Full-Time,97497,NGUYỄN NHỰT VINH,212,7,0.033,204,1,2026-10-02 09:15:42
2443,51-HCM D9/Xa Lo Ha Noi Hub,in-house,Full-Time,28617,BÙI VĂN LÃNH,179,0,0,179,0,2026-10-02 09:15:42
2443,51-HCM D9/Xa Lo Ha Noi Hub,in-house,Full-Time,137654,ĐẶNG PHƯƠNG NAM,68,0,0,68,0,2026-10-02 09:15:42
2443,51-HCM D9/Xa Lo Ha Noi Hub,in-house,Full-Time,158160,VĂN HỮU LỢI,67,0,0,67,0,2026-10-02 09:15:42
2061,51-HCM Go Vap/Le Duc Tho Hub,in-house,Full-Time,43731,NGUYỄN TẤN VINH,286,16,0.0559,270,0,2026-10-02 09:15:42
2061,51-HCM Go Vap/Le Duc Tho Hub,in-house,Full-Time,43800,TRƯƠNG THÀNH TÀI,181,4,0.0221,175,2,2026-10-02 09:15:42
2061,51-HCM Go Vap/Le Duc Tho Hub,in-house,Full-Time,35278,LÊ VĂN LỰC,240,0,0,235,5,2026-10-02 09:15:42
2061,51-HCM Go Vap/Le Duc Tho Hub,in-house,Full-Time,2675,PHẠM DUY KHANG,193,0,0,190,3,2026-10-02 09:15:42
2061,51-HCM Go Vap/Le Duc Tho Hub,in-house,Full-Time,3163,LỖ MẠNH HÙNG,264,4,0.0152,260,0,2026-10-02 09:15:42
2061,51-HCM Go Vap/Le Duc Tho Hub,in-house,Full-Time,51813,CAO BÁ TÂN,107,1,0.0093,106,0,2026-10-02 09:15:42
2061,51-HCM Go Vap/Le Duc Tho Hub,in-house,Full-Time,21300,NGUYỄN DUY KHANG,121,0,0,120,1,2026-10-02 09:15:42
2061,51-HCM Go Vap/Le Duc Tho Hub,in-house,Full-Time,78710,ĐÀO PHƯỚC THIỆN,267,1,0.0037,266,0,2026-10-02 09:15:42
2061,51-HCM Go Vap/Le Duc Tho Hub,in-house,Full-Time,83740,NGUYỄN TUẤN ANH,341,0,0,340,1,2026-10-02 09:15:42
2061,51-HCM Go Vap/Le Duc Tho Hub,in-house,Full-Time,31204,HỒ NGỌC THÀNH DANH,221,0,0,221,0,2026-10-02 09:15:42
2061,51-HCM Go Vap/Le Duc Tho Hub,in-house,Full-Time,66423,QUÁCH TẤN LỘC,278,0,0,278,0,2026-10-02 09:15:42
2061,51-HCM Go Vap/Le Duc Tho Hub,in-house,Full-Time,134512,NGUYỄN VĂN MẠNH,266,0,0,266,0,2026-10-02 09:15:42
4230,51-HCM Go Vap/Nguyen Van Khoi Hub,in-house,Full-Time,91635,NGUYỄN HOÀNG NGỌC CHUNG,115,17,0.1478,98,0,2026-10-02 09:15:42
4230,51-HCM Go Vap/Nguyen Van Khoi Hub,in-house,Full-Time,75346,NGUYỄN XUÂN MINH,172,24,0.1395,147,1,2026-10-02 09:15:42
4230,51-HCM Go Vap/Nguyen Van Khoi Hub,in-house,Full-Time,131975,HỒ VĂN TỰ,187,18,0.0963,169,0,2026-10-02 09:15:42
4230,51-HCM Go Vap/Nguyen Van Khoi Hub,in-house,Full-Time,60008,PHAN QUỐC TRUNG,195,14,0.0718,180,1,2026-10-02 09:15:42
4230,51-HCM Go Vap/Nguyen Van Khoi Hub,in-house,Full-Time,19119,NGUYỄN THÀNH TIẾN,160,11,0.0688,149,0,2026-10-02 09:15:42
4230,51-HCM Go Vap/Nguyen Van Khoi Hub,in-house,Full-Time,74432,PHAN MINH HIẾU,160,11,0.0688,149,0,2026-10-02 09:15:42
4230,51-HCM Go Vap/Nguyen Van Khoi Hub,in-house,Full-Time,89979,LÊ THANH PHƯƠNG,154,7,0.0455,147,0,2026-10-02 09:15:42
4230,51-HCM Go Vap/Nguyen Van Khoi Hub,in-house,Full-Time,10938,BÙI ĐÌNH TUẤN,150,0,0,146,4,2026-10-02 09:15:42
4230,51-HCM Go Vap/Nguyen Van Khoi Hub,in-house,Full-Time,14350,VĂN MINH HOÀNG,166,0,0,163,3,2026-10-02 09:15:42
4230,51-HCM Go Vap/Nguyen Van Khoi Hub,in-house,Full-Time,57046,PHAN ĐÌNH XUÂN TRƯỜNG,157,0,0,156,1,2026-10-02 09:15:42
4230,51-HCM Go Vap/Nguyen Van Khoi Hub,in-house,Full-Time,109796,TRẦN THANH PHONG,191,1,0.0052,190,0,2026-10-02 09:15:42
4230,51-HCM Go Vap/Nguyen Van Khoi Hub,in-house,Full-Time,54761,NGUYỄN TRƯỜNG AN,244,0,0,243,1,2026-10-02 09:15:42
4230,51-HCM Go Vap/Nguyen Van Khoi Hub,in-house,Full-Time,36970,TRẦN PHƯƠNG NAM,260,0,0,260,0,2026-10-02 09:15:42
4230,51-HCM Go Vap/Nguyen Van Khoi Hub,in-house,Full-Time,42804,ĐOÀN THANH NGUYÊN,150,0,0,150,0,2026-10-02 09:15:42
4230,51-HCM Go Vap/Nguyen Van Khoi Hub,in-house,Full-Time,57991,LÊ VĂN AN,137,0,0,137,0,2026-10-02 09:15:42
4230,51-HCM Go Vap/Nguyen Van Khoi Hub,in-house,Full-Time,60000,NGUYỄN HOÀNG HIỆP,196,0,0,196,0,2026-10-02 09:15:42
4230,51-HCM Go Vap/Nguyen Van Khoi Hub,in-house,Full-Time,73280,HÀ HUY HOÀNG,215,0,0,215,0,2026-10-02 09:15:42
4230,51-HCM Go Vap/Nguyen Van Khoi Hub,in-house,Full-Time,90342,NGUYỄN TẤN THỊNH,120,0,0,120,0,2026-10-02 09:15:42
4230,51-HCM Go Vap/Nguyen Van Khoi Hub,in-house,Full-Time,153993,LÝ GIA HUY,106,0,0,106,0,2026-10-02 09:15:42
2240,51-HCM Go Vap/Pham Van Chieu Hub,in-house,Full-Time,112397,LÊ QUANG TÚ,173,11,0.0636,162,0,2026-10-02 09:15:42
2240,51-HCM Go Vap/Pham Van Chieu Hub,in-house,Full-Time,83587,TRƯƠNG HOÀNG ĐẠT,195,10,0.0513,185,0,2026-10-02 09:15:42
2240,51-HCM Go Vap/Pham Van Chieu Hub,in-house,Full-Time,49514,PHẠM VĂN LONG,200,5,0.025,194,1,2026-10-02 09:15:42
2240,51-HCM Go Vap/Pham Van Chieu Hub,in-house,Full-Time,62389,PHẠM TẤN TÀI,166,4,0.0241,162,0,2026-10-02 09:15:42
2240,51-HCM Go Vap/Pham Van Chieu Hub,in-house,Full-Time,49552,NGUYỄN THÀNH LONG,172,2,0.0116,169,1,2026-10-02 09:15:42
2240,51-HCM Go Vap/Pham Van Chieu Hub,in-house,Full-Time,37470,NGUYỄN NGỌC CẨN,256,0,0,253,3,2026-10-02 09:15:42
2240,51-HCM Go Vap/Pham Van Chieu Hub,in-house,Full-Time,28212,NGUYỄN ĐỨC TRƯỜNG,191,0,0,190,1,2026-10-02 09:15:42
2240,51-HCM Go Vap/Pham Van Chieu Hub,in-house,Full-Time,154920,TRẦN QUỐC KHÁNH,199,1,0.005,198,0,2026-10-02 09:15:42
2240,51-HCM Go Vap/Pham Van Chieu Hub,in-house,Full-Time,47657,NGUYỄN HUỲNH ANH TUẤN,232,0,0,231,1,2026-10-02 09:15:42
2240,51-HCM Go Vap/Pham Van Chieu Hub,in-house,Full-Time,101587,NGUYỄN ĐỖ KHÁNH TUẤN,249,0,0,248,1,2026-10-02 09:15:42
2240,51-HCM Go Vap/Pham Van Chieu Hub,in-house,Full-Time,25916,LÊ THANH TUYẾN,164,0,0,164,0,2026-10-02 09:15:42
2240,51-HCM Go Vap/Pham Van Chieu Hub,in-house,Full-Time,28959,HỒ VĂN DINH,222,0,0,222,0,2026-10-02 09:15:42
2240,51-HCM Go Vap/Pham Van Chieu Hub,in-house,Full-Time,32655,NGUYỄN TẤN NGUYÊN,171,0,0,171,0,2026-10-02 09:15:42
2240,51-HCM Go Vap/Pham Van Chieu Hub,in-house,Full-Time,97501,LƯ HOÀNG LÂM,203,0,0,203,0,2026-10-02 09:15:42
2240,51-HCM Go Vap/Pham Van Chieu Hub,in-house,Full-Time,106293,NGUYỄN HẢI ĐĂNG,197,0,0,197,0,2026-10-02 09:15:42
2240,51-HCM Go Vap/Pham Van Chieu Hub,in-house,Full-Time,146256,LÂM QUANG LỘC,167,0,0,167,0,2026-10-02 09:15:42
2094,51-HCM Go Vap/Phan Huy Ich Hub,in-house,Full-Time,66691,LÊ ĐẶNG HOÀNG PHÚC,47,18,0.383,29,0,2026-10-02 09:15:42
2094,51-HCM Go Vap/Phan Huy Ich Hub,in-house,Full-Time,48279,NGUYỄN HOÀNG DUY NAM,39,13,0.3333,26,0,2026-10-02 09:15:42
2094,51-HCM Go Vap/Phan Huy Ich Hub,in-house,Full-Time,83736,NGUYỄN LÊ HOÀNG MINH,140,36,0.2571,104,0,2026-10-02 09:15:42
2094,51-HCM Go Vap/Phan Huy Ich Hub,in-house,Full-Time,145298,TRẦN SƠN THỊNH,214,53,0.2477,159,2,2026-10-02 09:15:42
2094,51-HCM Go Vap/Phan Huy Ich Hub,in-house,Full-Time,2304,TRẦN MINH HIẾU,239,54,0.2259,181,4,2026-10-02 09:15:42
2094,51-HCM Go Vap/Phan Huy Ich Hub,in-house,Full-Time,145285,NGUYỄN HỮU TOẢN,99,24,0.2424,75,0,2026-10-02 09:15:42
2094,51-HCM Go Vap/Phan Huy Ich Hub,in-house,Full-Time,71231,ĐỖ TRÍ THUẬN,182,42,0.2308,140,0,2026-10-02 09:15:42
2094,51-HCM Go Vap/Phan Huy Ich Hub,in-house,Full-Time,88862,VÕ DUY LINH,227,46,0.2026,180,1,2026-10-02 09:15:42
2094,51-HCM Go Vap/Phan Huy Ich Hub,in-house,Full-Time,25563,NGÔ VĂN THU,199,39,0.196,158,2,2026-10-02 09:15:42
2094,51-HCM Go Vap/Phan Huy Ich Hub,in-house,Full-Time,71325,NGUYỄN QUỐC SINH,124,25,0.2016,99,0,2026-10-02 09:15:42
2094,51-HCM Go Vap/Phan Huy Ich Hub,in-house,Full-Time,66574,LÊ THÁI ANH,280,53,0.1893,226,1,2026-10-02 09:15:42
2094,51-HCM Go Vap/Phan Huy Ich Hub,in-house,Full-Time,155025,NGUYỄN VĂN TIỄN,202,34,0.1683,168,0,2026-10-02 09:15:42
2094,51-HCM Go Vap/Phan Huy Ich Hub,in-house,Full-Time,132597,LÝ HOÀNG LONG,179,26,0.1453,153,0,2026-10-02 09:15:42
2094,51-HCM Go Vap/Phan Huy Ich Hub,in-house,Full-Time,13401,LÊ HỒNG THU,214,30,0.1402,183,1,2026-10-02 09:15:42
2094,51-HCM Go Vap/Phan Huy Ich Hub,in-house,Full-Time,13160,NGUYỄN ĐỨC DUY,230,29,0.1261,198,3,2026-10-02 09:15:42
2094,51-HCM Go Vap/Phan Huy Ich Hub,in-house,Full-Time,2309,LÊ VIẾT CHÍ CÔNG,249,32,0.1285,217,0,2026-10-02 09:15:42
2094,51-HCM Go Vap/Phan Huy Ich Hub,in-house,Full-Time,7959,PHẠM HOÀNG LONG,187,19,0.1016,168,0,2026-10-02 09:15:42
2094,51-HCM Go Vap/Phan Huy Ich Hub,in-house,Full-Time,24856,TRƯƠNG THÀNH ĐẠT,209,20,0.0957,189,0,2026-10-02 09:15:42
2094,51-HCM Go Vap/Phan Huy Ich Hub,in-house,Full-Time,95027,VÕ VĂN TRƯỞNG,245,23,0.0939,222,0,2026-10-02 09:15:42
2094,51-HCM Go Vap/Phan Huy Ich Hub,in-house,Full-Time,46036,NGUYỄN TẤN LỰC,130,0,0,123,7,2026-10-02 09:15:42
2094,51-HCM Go Vap/Phan Huy Ich Hub,in-house,Full-Time,57777,NGUYỄN TRUNG THÀNH,144,0,0,137,7,2026-10-02 09:15:42
2094,51-HCM Go Vap/Phan Huy Ich Hub,in-house,Full-Time,160204,LÊ NGỌC CƯỜNG,228,11,0.0482,217,0,2026-10-02 09:15:42
2094,51-HCM Go Vap/Phan Huy Ich Hub,in-house,Full-Time,132776,NGUYỄN PHƯỚC HƯỞNG,304,14,0.0461,290,0,2026-10-02 09:15:42
2094,51-HCM Go Vap/Phan Huy Ich Hub,in-house,Full-Time,56875,VÕ HỮU ĐAN,175,0,0,167,8,2026-10-02 09:15:42
2094,51-HCM Go Vap/Phan Huy Ich Hub,in-house,Full-Time,116402,CAO VĂN PHI,169,7,0.0414,162,0,2026-10-02 09:15:42
2094,51-HCM Go Vap/Phan Huy Ich Hub,in-house,Full-Time,125899,HOÀNG MINH NHẬT,176,5,0.0284,170,1,2026-10-02 09:15:42
2094,51-HCM Go Vap/Phan Huy Ich Hub,in-house,Full-Time,130379,NGUYỄN LÂM QUỐC KHÁNH,236,7,0.0297,229,0,2026-10-02 09:15:42
2094,51-HCM Go Vap/Phan Huy Ich Hub,in-house,Full-Time,91302,NGUYỄN HOÀNG QUỐC HÒA,230,5,0.0217,224,1,2026-10-02 09:15:42
2094,51-HCM Go Vap/Phan Huy Ich Hub,in-house,Full-Time,125081,CAO HOÀI DANH,205,5,0.0244,200,0,2026-10-02 09:15:42
2094,51-HCM Go Vap/Phan Huy Ich Hub,in-house,Full-Time,70306,VĂN NHẬT QUANG,164,1,0.0061,161,2,2026-10-02 09:15:42
2094,51-HCM Go Vap/Phan Huy Ich Hub,in-house,Full-Time,30692,ĐINH XUÂN HOÀNG,200,3,0.015,197,0,2026-10-02 09:15:42
2094,51-HCM Go Vap/Phan Huy Ich Hub,in-house,Full-Time,19118,NGUYỄN NHẬT NAM,248,0,0,245,3,2026-10-02 09:15:42
2094,51-HCM Go Vap/Phan Huy Ich Hub,in-house,Full-Time,33202,TRẦN KIM SƠN,215,0,0,213,2,2026-10-02 09:15:42
2094,51-HCM Go Vap/Phan Huy Ich Hub,in-house,Full-Time,159643,NGUYỄN PHƯƠNG NAM,133,0,0,132,1,2026-10-02 09:15:42
2094,51-HCM Go Vap/Phan Huy Ich Hub,in-house,Full-Time,38442,NGUYỄN MINH TÀI,148,1,0.0068,147,0,2026-10-02 09:15:42
2094,51-HCM Go Vap/Phan Huy Ich Hub,in-house,Full-Time,53504,HOÀNG ĐỨC HIỀN,168,0,0,167,1,2026-10-02 09:15:42
2094,51-HCM Go Vap/Phan Huy Ich Hub,in-house,Full-Time,43146,NGUYỄN NGỌC HOÀNG HẢI,173,0,0,172,1,2026-10-02 09:15:42
2094,51-HCM Go Vap/Phan Huy Ich Hub,in-house,Full-Time,16807,NGUYỄN THÀNH ĐẠT,174,0,0,173,1,2026-10-02 09:15:42
2094,51-HCM Go Vap/Phan Huy Ich Hub,in-house,Full-Time,37801,NGUYỄN HẬU HIỂU,176,0,0,175,1,2026-10-02 09:15:42
2094,51-HCM Go Vap/Phan Huy Ich Hub,in-house,Full-Time,87706,NGUYỄN THÀNH SƠN,179,0,0,178,1,2026-10-02 09:15:42
2094,51-HCM Go Vap/Phan Huy Ich Hub,in-house,Full-Time,101169,BÙI VĂN HẢI,329,1,0.003,328,0,2026-10-02 09:15:42
2094,51-HCM Go Vap/Phan Huy Ich Hub,in-house,Full-Time,836,NGÔ HUỲNH TRỌNG THỦ,186,0,0,186,0,2026-10-02 09:15:42
2094,51-HCM Go Vap/Phan Huy Ich Hub,in-house,Full-Time,6724,LÊ TẤN THÔNG,180,0,0,180,0,2026-10-02 09:15:42
2094,51-HCM Go Vap/Phan Huy Ich Hub,in-house,Full-Time,7349,HUỲNH HẢI DUY,288,0,0,288,0,2026-10-02 09:15:42
2094,51-HCM Go Vap/Phan Huy Ich Hub,in-house,Full-Time,9341,NGUYỄN DUY LONG,227,0,0,227,0,2026-10-02 09:15:42
2094,51-HCM Go Vap/Phan Huy Ich Hub,in-house,Full-Time,13739,NGUYỄN THỊ ĐOAN TRANG,170,0,0,170,0,2026-10-02 09:15:42
2094,51-HCM Go Vap/Phan Huy Ich Hub,in-house,Full-Time,14000,HOÀNG ANH,154,0,0,154,0,2026-10-02 09:15:42
2094,51-HCM Go Vap/Phan Huy Ich Hub,in-house,Full-Time,14540,TRẦN ĐÌNH MINH,243,0,0,243,0,2026-10-02 09:15:42
2094,51-HCM Go Vap/Phan Huy Ich Hub,in-house,Full-Time,16944,NGUYỄN HOÀNG PHÚC,157,0,0,157,0,2026-10-02 09:15:42
2094,51-HCM Go Vap/Phan Huy Ich Hub,in-house,Full-Time,25942,LÊ HOÀNG KHÔI,22,0,0,22,0,2026-10-02 09:15:42
2094,51-HCM Go Vap/Phan Huy Ich Hub,in-house,Full-Time,27138,NGUYỄN VĂN SĨ,246,0,0,246,0,2026-10-02 09:15:42
2094,51-HCM Go Vap/Phan Huy Ich Hub,in-house,Full-Time,31528,VŨ NGỌC QUÂN,172,0,0,172,0,2026-10-02 09:15:42
2094,51-HCM Go Vap/Phan Huy Ich Hub,in-house,Full-Time,31546,VƯƠNG HUỲNH THANH TÚ,159,0,0,159,0,2026-10-02 09:15:42
2094,51-HCM Go Vap/Phan Huy Ich Hub,in-house,Full-Time,31618,NGUYỄN THÀNH LAM,230,0,0,230,0,2026-10-02 09:15:42
2094,51-HCM Go Vap/Phan Huy Ich Hub,in-house,Full-Time,31620,TRẦN NGUYỄN ĐÌNH DUY,190,0,0,190,0,2026-10-02 09:15:42
2094,51-HCM Go Vap/Phan Huy Ich Hub,in-house,Full-Time,35484,ĐỖ VĂN QUANG,201,0,0,201,0,2026-10-02 09:15:42
2094,51-HCM Go Vap/Phan Huy Ich Hub,in-house,Full-Time,36845,NGUYỄN TRẦN TUẤN ANH,210,0,0,210,0,2026-10-02 09:15:42
2094,51-HCM Go Vap/Phan Huy Ich Hub,in-house,Full-Time,38448,LÊ PHƯỚC SANG,184,0,0,184,0,2026-10-02 09:15:42
2094,51-HCM Go Vap/Phan Huy Ich Hub,in-house,Full-Time,40907,NGUYỄN DUY AN,200,0,0,200,0,2026-10-02 09:15:42
2094,51-HCM Go Vap/Phan Huy Ich Hub,in-house,Full-Time,41616,VŨ MINH THANH,197,0,0,197,0,2026-10-02 09:15:42
2094,51-HCM Go Vap/Phan Huy Ich Hub,in-house,Full-Time,45158,PHẠM TRƯƠNG ANH VŨ,167,0,0,167,0,2026-10-02 09:15:42
2094,51-HCM Go Vap/Phan Huy Ich Hub,in-house,Full-Time,51516,NGUYỄN QUANG PHÚC,194,0,0,194,0,2026-10-02 09:15:42
2094,51-HCM Go Vap/Phan Huy Ich Hub,in-house,Full-Time,66688,NGUYỄN HỮU LỘC,113,0,0,113,0,2026-10-02 09:15:42
2094,51-HCM Go Vap/Phan Huy Ich Hub,in-house,Full-Time,87486,LÊ QUỐC HUY,170,0,0,170,0,2026-10-02 09:15:42
2094,51-HCM Go Vap/Phan Huy Ich Hub,in-house,Full-Time,100041,NGUYỄN QUỐC KHỞI,165,0,0,165,0,2026-10-02 09:15:42
2094,51-HCM Go Vap/Phan Huy Ich Hub,in-house,Full-Time,102033,NGUYỄN NGHĨA HIỆP,149,0,0,149,0,2026-10-02 09:15:42
2094,51-HCM Go Vap/Phan Huy Ich Hub,in-house,Full-Time,110752,NGUYỄN QUỐC BẢO,249,0,0,249,0,2026-10-02 09:15:42
2094,51-HCM Go Vap/Phan Huy Ich Hub,in-house,Full-Time,118777,MIỀU ĐÌNH BẢO,142,0,0,142,0,2026-10-02 09:15:42
2094,51-HCM Go Vap/Phan Huy Ich Hub,in-house,Full-Time,120390,NGUYỄN HOÀNG PHI,270,0,0,270,0,2026-10-02 09:15:42
2094,51-HCM Go Vap/Phan Huy Ich Hub,in-house,Full-Time,123591,NGUYỄN HỮU LONG,123,0,0,123,0,2026-10-02 09:15:42
2094,51-HCM Go Vap/Phan Huy Ich Hub,in-house,Full-Time,126775,LƯƠNG VĨNH DUY KHANG,238,0,0,238,0,2026-10-02 09:15:42
2094,51-HCM Go Vap/Phan Huy Ich Hub,in-house,Full-Time,127399,HUỲNH QUỐC THÁI,119,0,0,119,0,2026-10-02 09:15:42
2094,51-HCM Go Vap/Phan Huy Ich Hub,in-house,Full-Time,129930,NGUYỄN KHÁNH TOÀN,171,0,0,171,0,2026-10-02 09:15:42
2094,51-HCM Go Vap/Phan Huy Ich Hub,in-house,Full-Time,131559,NGUYỄN KHÁNH DUY,153,0,0,153,0,2026-10-02 09:15:42
2094,51-HCM Go Vap/Phan Huy Ich Hub,in-house,Full-Time,131641,ĐỖ HUỲNH PHONG PHÚ,146,0,0,146,0,2026-10-02 09:15:42
2094,51-HCM Go Vap/Phan Huy Ich Hub,in-house,Full-Time,136988,DƯƠNG NGỌC QUÂN,147,0,0,147,0,2026-10-02 09:15:42
2094,51-HCM Go Vap/Phan Huy Ich Hub,in-house,Full-Time,137080,TRẦN NGỌC HẢI,180,0,0,180,0,2026-10-02 09:15:42
2094,51-HCM Go Vap/Phan Huy Ich Hub,in-house,Full-Time,146137,PHAN THÀNH HIẾU,224,0,0,224,0,2026-10-02 09:15:42
2094,51-HCM Go Vap/Phan Huy Ich Hub,in-house,Full-Time,149442,TẠ THỊ THIÊN AN,123,0,0,123,0,2026-10-02 09:15:42
2094,51-HCM Go Vap/Phan Huy Ich Hub,in-house,Full-Time,159644,PHAN VÕ THẾ NGỌC,164,0,0,164,0,2026-10-02 09:15:42
2094,51-HCM Go Vap/Phan Huy Ich Hub,in-house,Full-Time,38525,LÊ THÀNH ĐẠT,0,0,0,0,0,2026-10-02 09:15:42
2094,51-HCM Go Vap/Phan Huy Ich Hub,in-house,Full-Time,125306,KHỔNG LƯU THÁI BẢO,0,0,0,0,0,2026-10-02 09:15:42
2503,51-HCM Go Vap/Phuong 15 Hub,in-house,Full-Time,53329,TRƯƠNG MINH PHONG,202,63,0.3119,138,1,2026-10-02 09:15:42
2503,51-HCM Go Vap/Phuong 15 Hub,in-house,Full-Time,12627,NGUYỄN HOÀNG TRƯỜNG GIANG,159,25,0.1572,128,6,2026-10-02 09:15:42
2503,51-HCM Go Vap/Phuong 15 Hub,in-house,Full-Time,102745,LA HOÀNG PHƯƠNG,141,25,0.1773,116,0,2026-10-02 09:15:42
2503,51-HCM Go Vap/Phuong 15 Hub,in-house,Full-Time,93417,HUỲNH PHI HÙNG,175,20,0.1143,154,1,2026-10-02 09:15:42
2503,51-HCM Go Vap/Phuong 15 Hub,in-house,Full-Time,100934,NGUYỄN HOÀNG TÚ,159,16,0.1006,142,1,2026-10-02 09:15:42
2503,51-HCM Go Vap/Phuong 15 Hub,in-house,Full-Time,67582,NGUYỄN BÁ NGỌC ANH QUANG TRƯỜNG,201,21,0.1045,180,0,2026-10-02 09:15:42
2503,51-HCM Go Vap/Phuong 15 Hub,in-house,Full-Time,92470,TRẦN QUỐC TUẤN,193,14,0.0725,177,2,2026-10-02 09:15:42
2503,51-HCM Go Vap/Phuong 15 Hub,in-house,Full-Time,101582,NGUYỄN VĂN SỸ,170,11,0.0647,157,2,2026-10-02 09:15:42
2503,51-HCM Go Vap/Phuong 15 Hub,in-house,Full-Time,89714,HUỲNH QUỐC CƯỜNG,196,11,0.0561,185,0,2026-10-02 09:15:42
2503,51-HCM Go Vap/Phuong 15 Hub,in-house,Full-Time,88616,TRẦN NHẬT TRUNG,148,0,0,141,7,2026-10-02 09:15:42
2503,51-HCM Go Vap/Phuong 15 Hub,in-house,Full-Time,95564,NGUYỄN ANH VŨ,163,2,0.0123,156,5,2026-10-02 09:15:42
2503,51-HCM Go Vap/Phuong 15 Hub,in-house,Full-Time,67583,VÕ THANH BÌNH,148,0,0,143,5,2026-10-02 09:15:42
2503,51-HCM Go Vap/Phuong 15 Hub,in-house,Full-Time,100936,NGUYỄN PHẠM PHƯƠNG UYÊN,217,6,0.0276,211,0,2026-10-02 09:15:42
2503,51-HCM Go Vap/Phuong 15 Hub,in-house,Full-Time,19956,HUỲNH QUANG KHIÊM,150,0,0,147,3,2026-10-02 09:15:42
2503,51-HCM Go Vap/Phuong 15 Hub,in-house,Full-Time,88618,LÂM MINH TUẤN VŨ,149,0,0,148,1,2026-10-02 09:15:42
2503,51-HCM Go Vap/Phuong 15 Hub,in-house,Full-Time,116643,TRẦN VĂN HOÀN,180,1,0.0056,179,0,2026-10-02 09:15:42
2503,51-HCM Go Vap/Phuong 15 Hub,in-house,Full-Time,13392,NGUYỄN CHÍ KHANG,127,0,0,127,0,2026-10-02 09:15:42
2378,51-HCM Go Vap/Phuong 17 Hub,in-house,Full-Time,141814,NGUYỄN THANH CẢNH,150,36,0.24,114,0,2026-10-02 09:15:42
2378,51-HCM Go Vap/Phuong 17 Hub,in-house,Full-Time,95019,NGUYỄN NGỌC NHƯ,190,40,0.2105,150,0,2026-10-02 09:15:42
2378,51-HCM Go Vap/Phuong 17 Hub,in-house,Full-Time,95278,MAI MINH QUÂN,95,18,0.1895,77,0,2026-10-02 09:15:42
2378,51-HCM Go Vap/Phuong 17 Hub,in-house,Full-Time,20375,NGUYỄN HOÀNG NAM,94,13,0.1383,80,1,2026-10-02 09:15:42
2378,51-HCM Go Vap/Phuong 17 Hub,in-house,Full-Time,62686,BÙI VĂN QUYẾT,149,18,0.1208,131,0,2026-10-02 09:15:42
2378,51-HCM Go Vap/Phuong 17 Hub,in-house,Full-Time,96854,LÊ MINH THIỆN,174,19,0.1092,154,1,2026-10-02 09:15:42
2378,51-HCM Go Vap/Phuong 17 Hub,in-house,Full-Time,75024,LÊ HOÀNG MINH,154,15,0.0974,137,2,2026-10-02 09:15:42
2378,51-HCM Go Vap/Phuong 17 Hub,in-house,Full-Time,90337,HUỲNH HOÀI THANH,164,16,0.0976,147,1,2026-10-02 09:15:42
2378,51-HCM Go Vap/Phuong 17 Hub,in-house,Full-Time,2022,TRẦN NGỌC THUẤN,238,22,0.0924,216,0,2026-10-02 09:15:42
2378,51-HCM Go Vap/Phuong 17 Hub,in-house,Full-Time,148653,LÝ QUỐC BẢO,125,11,0.088,114,0,2026-10-02 09:15:42
2378,51-HCM Go Vap/Phuong 17 Hub,in-house,Full-Time,95701,NGÔ THANH TÂM,175,15,0.0857,160,0,2026-10-02 09:15:42
2378,51-HCM Go Vap/Phuong 17 Hub,in-house,Full-Time,152438,NGUYỄN HỮU PHÚC,129,10,0.0775,119,0,2026-10-02 09:15:42
2378,51-HCM Go Vap/Phuong 17 Hub,in-house,Full-Time,73194,NGUYỄN TẤN ĐẠT,163,10,0.0613,153,0,2026-10-02 09:15:42
2378,51-HCM Go Vap/Phuong 17 Hub,in-house,Full-Time,109610,NGUYỄN NHẬT VỸ,168,8,0.0476,160,0,2026-10-02 09:15:42
2378,51-HCM Go Vap/Phuong 17 Hub,in-house,Full-Time,35681,NGUYỄN PHẠM TOÀN,130,4,0.0308,124,2,2026-10-02 09:15:42
2378,51-HCM Go Vap/Phuong 17 Hub,in-house,Full-Time,22375,TRẦN NGỌC ANH THÁI,170,6,0.0353,163,1,2026-10-02 09:15:42
2378,51-HCM Go Vap/Phuong 17 Hub,in-house,Full-Time,39696,HUỲNH QUỐC KỲ,178,4,0.0225,173,1,2026-10-02 09:15:42
2378,51-HCM Go Vap/Phuong 17 Hub,in-house,Full-Time,22194,ĐOÀN THANH PHÚ,174,0,0,170,4,2026-10-02 09:15:42
2378,51-HCM Go Vap/Phuong 17 Hub,in-house,Full-Time,36947,LÝ PHÙNG THANH LÂM,144,3,0.0208,141,0,2026-10-02 09:15:42
2378,51-HCM Go Vap/Phuong 17 Hub,in-house,Full-Time,15578,ĐẶNG TRẦN VINH,151,1,0.0066,148,2,2026-10-02 09:15:42
2378,51-HCM Go Vap/Phuong 17 Hub,in-house,Full-Time,34322,NGUYỄN CHÍ THIỆN,276,0,0,271,5,2026-10-02 09:15:42
2378,51-HCM Go Vap/Phuong 17 Hub,in-house,Full-Time,10947,NGUYỄN ĐỨC MINH,206,0,0,203,3,2026-10-02 09:15:42
2378,51-HCM Go Vap/Phuong 17 Hub,in-house,Full-Time,101690,NGUYỄN ANH TÚ,175,0,0,173,2,2026-10-02 09:15:42
2378,51-HCM Go Vap/Phuong 17 Hub,in-house,Full-Time,7605,NGUYỄN ĐỨC TRÍ,182,2,0.011,180,0,2026-10-02 09:15:42
2378,51-HCM Go Vap/Phuong 17 Hub,in-house,Full-Time,161702,NGUYỄN TUẤN ANH,118,0,0,117,1,2026-10-02 09:15:42
2378,51-HCM Go Vap/Phuong 17 Hub,in-house,Full-Time,2832,TRẦN VĂN NHÂN,133,0,0,132,1,2026-10-02 09:15:42
2378,51-HCM Go Vap/Phuong 17 Hub,in-house,Full-Time,105532,HUỲNH NGUYỄN THANH PHÚ,158,1,0.0063,157,0,2026-10-02 09:15:42
2378,51-HCM Go Vap/Phuong 17 Hub,in-house,Full-Time,58946,PHẠM MINH HÀO,193,1,0.0052,192,0,2026-10-02 09:15:42
2378,51-HCM Go Vap/Phuong 17 Hub,in-house,Full-Time,97115,TRỊNH DUY BẢO,206,0,0,205,1,2026-10-02 09:15:42
2378,51-HCM Go Vap/Phuong 17 Hub,in-house,Full-Time,111838,NGUYỄN HOÀNG KHAN,206,1,0.0049,205,0,2026-10-02 09:15:42
2378,51-HCM Go Vap/Phuong 17 Hub,in-house,Full-Time,5991,ĐẶNG THÔNG HOÀNG VÂN,133,0,0,133,0,2026-10-02 09:15:42
2378,51-HCM Go Vap/Phuong 17 Hub,in-house,Full-Time,65059,NGUYỄN SƠN CA,154,0,0,154,0,2026-10-02 09:15:42
2378,51-HCM Go Vap/Phuong 17 Hub,in-house,Full-Time,159189,LÊ QUỐC ĐẠI,160,0,0,160,0,2026-10-02 09:15:42
2378,51-HCM Go Vap/Phuong 17 Hub,in-house,Full-Time,143628,HOÀNG CHIẾN THẮNG,0,0,0,0,0,2026-10-02 09:15:42
4011,51-HCM Go Vap/Phuong 5 Hub,in-house,Full-Time,64118,LƯƠNG NGỌC KHẢI HOÀN,132,23,0.1742,107,2,2026-10-02 09:15:43
4011,51-HCM Go Vap/Phuong 5 Hub,in-house,Full-Time,108576,TRẦN THANH DANG,138,25,0.1812,113,0,2026-10-02 09:15:43
4011,51-HCM Go Vap/Phuong 5 Hub,in-house,Full-Time,78425,NGÔ HỮU PHƯỚC,213,8,0.0376,203,2,2026-10-02 09:15:43
4011,51-HCM Go Vap/Phuong 5 Hub,in-house,Full-Time,17097,PHẠM ĐẠI PHÚC,165,1,0.0061,159,5,2026-10-02 09:15:43
4011,51-HCM Go Vap/Phuong 5 Hub,in-house,Full-Time,24953,ĐỖ THẾ HIỆP,265,7,0.0264,257,1,2026-10-02 09:15:43
4011,51-HCM Go Vap/Phuong 5 Hub,in-house,Full-Time,16091,NGUYỄN THÀNH ĐẠI,181,5,0.0276,176,0,2026-10-02 09:15:43
4011,51-HCM Go Vap/Phuong 5 Hub,in-house,Full-Time,2965,PHẠM DUY HOÀN,171,0,0,168,3,2026-10-02 09:15:43
4011,51-HCM Go Vap/Phuong 5 Hub,in-house,Full-Time,150584,LÊ ANH VŨ,97,0,0,96,1,2026-10-02 09:15:43
4011,51-HCM Go Vap/Phuong 5 Hub,in-house,Full-Time,10021,CHÂU NGỌC NHƯ,232,0,0,230,2,2026-10-02 09:15:43
4011,51-HCM Go Vap/Phuong 5 Hub,in-house,Full-Time,93458,NGUYỄN KHÁNH LUÂN,289,0,0,287,2,2026-10-02 09:15:43
4011,51-HCM Go Vap/Phuong 5 Hub,in-house,Full-Time,52016,TRƯƠNG ANH THƯ,152,0,0,151,1,2026-10-02 09:15:43
4011,51-HCM Go Vap/Phuong 5 Hub,in-house,Full-Time,35731,NGUYỄN HỮU TÍN HIẾU,336,0,0,335,1,2026-10-02 09:15:43
4011,51-HCM Go Vap/Phuong 5 Hub,in-house,Full-Time,41699,TRẦN LÊ KHẢI HOÀN,168,0,0,168,0,2026-10-02 09:15:43
4011,51-HCM Go Vap/Phuong 5 Hub,in-house,Full-Time,43952,PHẠM THÀNH LẬP,188,0,0,188,0,2026-10-02 09:15:43
4011,51-HCM Go Vap/Phuong 5 Hub,in-house,Full-Time,47061,NGUYỄN ĐỨC HƯỚNG,172,0,0,172,0,2026-10-02 09:15:43
4011,51-HCM Go Vap/Phuong 5 Hub,in-house,Full-Time,59989,LÊ HOÀNG TUẤN,191,0,0,191,0,2026-10-02 09:15:43
4011,51-HCM Go Vap/Phuong 5 Hub,in-house,Full-Time,81063,NGUYỄN ĐOÀN GIA BẢO,251,0,0,250,0,2026-10-02 09:15:43
4011,51-HCM Go Vap/Phuong 5 Hub,in-house,Full-Time,100073,LÊ VĂN KHẢI,238,0,0,238,0,2026-10-02 09:15:43
4011,51-HCM Go Vap/Phuong 5 Hub,in-house,Full-Time,110156,VŨ XUÂN NAM,205,0,0,205,0,2026-10-02 09:15:43
4011,51-HCM Go Vap/Phuong 5 Hub,in-house,Full-Time,129734,ĐỖ HOÀI BẢO,158,0,0,158,0,2026-10-02 09:15:43
4011,51-HCM Go Vap/Phuong 5 Hub,in-house,Full-Time,149440,LÊ NGUYỄN TRỌNG HIẾU,165,0,0,165,0,2026-10-02 09:15:43
4718,51-HCM Hoc Mon/Dong Thanh 1 Hub,in-house,Full-Time,95288,NGUYỄN VĂN VINH,97,47,0.4845,47,3,2026-10-02 09:15:43
4718,51-HCM Hoc Mon/Dong Thanh 1 Hub,in-house,Full-Time,22726,NGUYỄN THÀNH KHANG,102,47,0.4608,52,3,2026-10-02 09:15:43
4718,51-HCM Hoc Mon/Dong Thanh 1 Hub,in-house,Full-Time,136334,TRẦN CHÍ TÂM,86,32,0.3721,52,2,2026-10-02 09:15:43
4718,51-HCM Hoc Mon/Dong Thanh 1 Hub,in-house,Full-Time,137675,NGUYỄN HOÀNG VĂN,90,32,0.3556,55,3,2026-10-02 09:15:43
4718,51-HCM Hoc Mon/Dong Thanh 1 Hub,in-house,Full-Time,143242,DƯƠNG TRÂN VỦ,121,44,0.3636,76,1,2026-10-02 09:15:43
4718,51-HCM Hoc Mon/Dong Thanh 1 Hub,in-house,Full-Time,84688,TRẦN QUỐC NAM,106,36,0.3396,69,1,2026-10-02 09:15:43
4718,51-HCM Hoc Mon/Dong Thanh 1 Hub,in-house,Full-Time,35579,LÊ MINH TRÍ,120,34,0.2833,86,0,2026-10-02 09:15:43
4718,51-HCM Hoc Mon/Dong Thanh 1 Hub,in-house,Full-Time,147728,ĐOÀN PHÚ QUANG,88,24,0.2727,64,0,2026-10-02 09:15:43
4718,51-HCM Hoc Mon/Dong Thanh 1 Hub,in-house,Full-Time,43849,NGUYỄN MINH TÂM,113,28,0.2478,85,0,2026-10-02 09:15:43
4718,51-HCM Hoc Mon/Dong Thanh 1 Hub,in-house,Full-Time,72630,PHAN QUỐC HOÀI,142,28,0.1972,114,0,2026-10-02 09:15:43
4718,51-HCM Hoc Mon/Dong Thanh 1 Hub,in-house,Full-Time,150447,NGUYỄN MINH HIỂN,177,31,0.1751,146,0,2026-10-02 09:15:43
4718,51-HCM Hoc Mon/Dong Thanh 1 Hub,in-house,Full-Time,128369,PHẠM VĂN KỲ,116,16,0.1379,98,2,2026-10-02 09:15:43
4718,51-HCM Hoc Mon/Dong Thanh 1 Hub,in-house,Full-Time,148241,LÊ ĐỨC AN,105,11,0.1048,91,3,2026-10-02 09:15:43
4718,51-HCM Hoc Mon/Dong Thanh 1 Hub,in-house,Full-Time,117615,NGUYỄN VĂN HÒA,83,8,0.0964,75,0,2026-10-02 09:15:43
4718,51-HCM Hoc Mon/Dong Thanh 1 Hub,in-house,Full-Time,105105,TRẦN NGỌC BẢO,118,10,0.0847,107,1,2026-10-02 09:15:43
4718,51-HCM Hoc Mon/Dong Thanh 1 Hub,in-house,Full-Time,148657,NGUYỄN CÔNG MẬU,90,6,0.0667,83,1,2026-10-02 09:15:43
4718,51-HCM Hoc Mon/Dong Thanh 1 Hub,in-house,Full-Time,148743,BÙI TẤN NGUYÊN,128,8,0.0625,120,0,2026-10-02 09:15:43
4718,51-HCM Hoc Mon/Dong Thanh 1 Hub,in-house,Full-Time,22722,DƯƠNG HOÀNG NHẬT,94,4,0.0426,89,1,2026-10-02 09:15:43
4718,51-HCM Hoc Mon/Dong Thanh 1 Hub,in-house,Full-Time,19885,NGÔ TUẤN KIỆT,103,2,0.0194,101,0,2026-10-02 09:15:43
4718,51-HCM Hoc Mon/Dong Thanh 1 Hub,in-house,Full-Time,20466,VĂN MINH DUY,110,0,0,110,0,2026-10-02 09:15:43
4718,51-HCM Hoc Mon/Dong Thanh 1 Hub,in-house,Full-Time,158200,VŨ QUỐC CƯỜNG,138,0,0,138,0,2026-10-02 09:15:43
4718,51-HCM Hoc Mon/Dong Thanh 1 Hub,in-house,Full-Time,132481,PHAN THÀNH NAM,0,0,0,0,0,2026-10-02 09:15:43
2055,51-HCM Hoc Mon/Dong Thanh Hub,in-house,Full-Time,56603,NGUYỄN TẤN THUẬN,124,33,0.2661,91,0,2026-10-02 09:15:43
2055,51-HCM Hoc Mon/Dong Thanh Hub,in-house,Full-Time,86156,TRẦN PHÁT BẢO,131,23,0.1756,104,4,2026-10-02 09:15:43
2055,51-HCM Hoc Mon/Dong Thanh Hub,in-house,Full-Time,64098,ĐỖ GIA LỄ,151,14,0.0927,137,0,2026-10-02 09:15:43
2055,51-HCM Hoc Mon/Dong Thanh Hub,in-house,Full-Time,154922,NGUYỄN VĂN CHUNG,68,6,0.0882,62,0,2026-10-02 09:15:43
2055,51-HCM Hoc Mon/Dong Thanh Hub,in-house,Full-Time,118778,NGUYỄN MINH THUẬN,129,1,0.0078,127,1,2026-10-02 09:15:43
2288,51-HCM Hoc Mon/Nguyen Thi Soc Hub,in-house,Full-Time,28800,CAO XUÂN DŨ,89,37,0.4157,49,3,2026-10-02 09:15:43
2288,51-HCM Hoc Mon/Nguyen Thi Soc Hub,in-house,Full-Time,146518,PHẠM NGUYỄN HOÀNG LÂM,72,30,0.4167,41,1,2026-10-02 09:15:43
2288,51-HCM Hoc Mon/Nguyen Thi Soc Hub,in-house,Full-Time,64587,LÊ QUANG HẢI BĂNG,89,32,0.3596,57,0,2026-10-02 09:15:43
2288,51-HCM Hoc Mon/Nguyen Thi Soc Hub,in-house,Full-Time,61511,ĐẶNG BÙI QUỐC ĐẠT,139,45,0.3237,93,1,2026-10-02 09:15:43
2288,51-HCM Hoc Mon/Nguyen Thi Soc Hub,in-house,Full-Time,148253,NGUYỄN SINH,125,32,0.256,93,0,2026-10-02 09:15:43
2288,51-HCM Hoc Mon/Nguyen Thi Soc Hub,in-house,Full-Time,52125,HUỲNH VĂN KHOA,135,29,0.2148,106,0,2026-10-02 09:15:43
2288,51-HCM Hoc Mon/Nguyen Thi Soc Hub,in-house,Full-Time,67795,BÙI CHÍ THANH,156,18,0.1154,138,0,2026-10-02 09:15:43
2288,51-HCM Hoc Mon/Nguyen Thi Soc Hub,in-house,Full-Time,29570,TRẦN VĂN TRỌNG HIẾU,93,9,0.0968,84,0,2026-10-02 09:15:43
2288,51-HCM Hoc Mon/Nguyen Thi Soc Hub,in-house,Full-Time,71696,PHẠM TẤN TÚ,151,12,0.0795,139,0,2026-10-02 09:15:43
2288,51-HCM Hoc Mon/Nguyen Thi Soc Hub,in-house,Full-Time,61078,VŨ VĂN KHÁNH,194,14,0.0722,180,0,2026-10-02 09:15:43
2288,51-HCM Hoc Mon/Nguyen Thi Soc Hub,in-house,Full-Time,111325,HUỲNH MINH NHỰT,147,6,0.0408,141,0,2026-10-02 09:15:43
2288,51-HCM Hoc Mon/Nguyen Thi Soc Hub,in-house,Full-Time,102391,NGUYỄN VŨ THẾ KHANG,92,2,0.0217,89,1,2026-10-02 09:15:43
2288,51-HCM Hoc Mon/Nguyen Thi Soc Hub,in-house,Full-Time,144069,PHẠM LÊ MINH HIẾU,108,0,0,107,1,2026-10-02 09:15:43
2288,51-HCM Hoc Mon/Nguyen Thi Soc Hub,in-house,Full-Time,154452,MAI HUỲNH LONG,118,0,0,117,1,2026-10-02 09:15:43
2288,51-HCM Hoc Mon/Nguyen Thi Soc Hub,in-house,Full-Time,151243,HUỲNH VĂN THUẬN,143,1,0.007,142,0,2026-10-02 09:15:43
2288,51-HCM Hoc Mon/Nguyen Thi Soc Hub,in-house,Full-Time,33215,NGUYỄN ĐÌNH LAM,145,1,0.0069,144,0,2026-10-02 09:15:43
2288,51-HCM Hoc Mon/Nguyen Thi Soc Hub,in-house,Full-Time,71881,LÊ MINH TRÍ,152,0,0,151,1,2026-10-02 09:15:43
2288,51-HCM Hoc Mon/Nguyen Thi Soc Hub,in-house,Full-Time,22263,PHẠM ĐÌNH KHANG,172,0,0,172,0,2026-10-02 09:15:43
2288,51-HCM Hoc Mon/Nguyen Thi Soc Hub,in-house,Full-Time,24816,NGUYỄN TIẾN ĐẠT,149,0,0,149,0,2026-10-02 09:15:43
2288,51-HCM Hoc Mon/Nguyen Thi Soc Hub,in-house,Full-Time,66689,LÂM TẤN NGHĨA,138,0,0,138,0,2026-10-02 09:15:43
2288,51-HCM Hoc Mon/Nguyen Thi Soc Hub,in-house,Full-Time,147542,NGUYỄN TÚ SINH,110,0,0,110,0,2026-10-02 09:15:43
2288,51-HCM Hoc Mon/Nguyen Thi Soc Hub,in-house,Full-Time,152049,HOÀNG TRIỆU KIM PHÁT,95,0,0,95,0,2026-10-02 09:15:43
2139,51-HCM Hoc Mon/Tan Thoi Nhi Hub,in-house,Full-Time,113313,TRẦN CÔNG HOÀNG,72,0,0,70,2,2026-10-02 09:15:43
2139,51-HCM Hoc Mon/Tan Thoi Nhi Hub,in-house,Full-Time,102620,TRẦN HẢI DƯƠNG,170,0,0,168,2,2026-10-02 09:15:43
2139,51-HCM Hoc Mon/Tan Thoi Nhi Hub,in-house,Full-Time,113316,PHAN NGỌC MINH,3,0,0,3,0,2026-10-02 09:15:43
2139,51-HCM Hoc Mon/Tan Thoi Nhi Hub,in-house,Full-Time,113209,HUỲNH VĂN NAM,0,0,0,0,0,2026-10-02 09:15:43
5981,51-HCM Hoc Mon/Thi Tran Hub,in-house,Full-Time,88753,NGUYỄN TRẦN BẢO,92,71,0.7717,16,5,2026-10-02 09:15:43
5981,51-HCM Hoc Mon/Thi Tran Hub,in-house,Full-Time,91991,HUỲNH VĂN QUỐC THỊNH,98,23,0.2347,74,1,2026-10-02 09:15:43
5981,51-HCM Hoc Mon/Thi Tran Hub,in-house,Full-Time,132181,NGUYỄN PHƯỚC CƯỜNG,85,17,0.2,68,0,2026-10-02 09:15:43
5981,51-HCM Hoc Mon/Thi Tran Hub,in-house,Full-Time,98598,TRẦN ANH KHOA,114,19,0.1667,94,1,2026-10-02 09:15:43
5981,51-HCM Hoc Mon/Thi Tran Hub,in-house,Full-Time,140093,DƯƠNG GIA HUY,79,9,0.1139,70,0,2026-10-02 09:15:43
5981,51-HCM Hoc Mon/Thi Tran Hub,in-house,Full-Time,89742,MAI THANH HÀ,142,14,0.0986,126,2,2026-10-02 09:15:43
5981,51-HCM Hoc Mon/Thi Tran Hub,in-house,Full-Time,138176,LÂM QUỐC THÁI,89,6,0.0674,83,0,2026-10-02 09:15:43
5981,51-HCM Hoc Mon/Thi Tran Hub,in-house,Full-Time,77853,NGUYỄN QUỐC DÂN,130,0,0,125,5,2026-10-02 09:15:43
5981,51-HCM Hoc Mon/Thi Tran Hub,in-house,Full-Time,134923,TRẦN CHÍ ĐÔNG,40,0,0,39,1,2026-10-02 09:15:43
5981,51-HCM Hoc Mon/Thi Tran Hub,in-house,Full-Time,145299,TÔ ANH KIỆT,64,0,0,63,1,2026-10-02 09:15:43
5981,51-HCM Hoc Mon/Thi Tran Hub,in-house,Full-Time,154198,PHẠM MINH SANG,90,1,0.0111,89,0,2026-10-02 09:15:43
5981,51-HCM Hoc Mon/Thi Tran Hub,in-house,Full-Time,101060,NGUYỄN TRUNG VŨ,97,0,0,96,1,2026-10-02 09:15:43
5981,51-HCM Hoc Mon/Thi Tran Hub,in-house,Full-Time,19887,TRẦN QUỐC PHÚ,50,0,0,50,0,2026-10-02 09:15:43
5981,51-HCM Hoc Mon/Thi Tran Hub,in-house,Full-Time,100254,LÝ KIM TÙNG,166,0,0,166,0,2026-10-02 09:15:43
5981,51-HCM Hoc Mon/Thi Tran Hub,in-house,Full-Time,102198,LÂM TUẤN ANH,102,0,0,102,0,2026-10-02 09:15:43
5981,51-HCM Hoc Mon/Thi Tran Hub,in-house,Full-Time,140115,NGUYỄN MINH TRUNG,74,0,0,74,0,2026-10-02 09:15:43
4624,51-HCM Hoc Mon/Thoi Tam Thon Hub,in-house,Full-Time,75516,LÊ TẤN VŨ,11,11,1,0,0,2026-10-02 09:15:43
4624,51-HCM Hoc Mon/Thoi Tam Thon Hub,in-house,Full-Time,80920,NGŨ CẨM TÀI,41,41,1,0,0,2026-10-02 09:15:43
4624,51-HCM Hoc Mon/Thoi Tam Thon Hub,in-house,Full-Time,152859,PHẠM THANH TUẤN,10,9,0.9,1,0,2026-10-02 09:15:43
4624,51-HCM Hoc Mon/Thoi Tam Thon Hub,in-house,Full-Time,79595,NGUYỄN CÔNG DANH,23,11,0.4783,10,2,2026-10-02 09:15:43
4624,51-HCM Hoc Mon/Thoi Tam Thon Hub,in-house,Full-Time,71331,NGUYỄN VĂN PHƯƠNG,192,34,0.1771,158,0,2026-10-02 09:15:43
4624,51-HCM Hoc Mon/Thoi Tam Thon Hub,in-house,Full-Time,122195,PHAN TRỌNG NHÂN,138,16,0.1159,121,1,2026-10-02 09:15:43
4624,51-HCM Hoc Mon/Thoi Tam Thon Hub,in-house,Full-Time,30156,LÝ HOÀNG LONG,119,14,0.1186,104,0,2026-10-02 09:15:43
4624,51-HCM Hoc Mon/Thoi Tam Thon Hub,in-house,Full-Time,143631,NGUYỄN TRƯỜNG GIANG,26,0,0,23,3,2026-10-02 09:15:43
4624,51-HCM Hoc Mon/Thoi Tam Thon Hub,in-house,Full-Time,107357,HUỲNH HỮU NHÂN,131,13,0.0992,118,0,2026-10-02 09:15:43
4624,51-HCM Hoc Mon/Thoi Tam Thon Hub,in-house,Full-Time,117104,NGUYỄN ĐĂNG KHOA,290,12,0.0414,278,0,2026-10-02 09:15:43
4624,51-HCM Hoc Mon/Thoi Tam Thon Hub,in-house,Full-Time,119195,NGUYỄN HOÀNG NHÂN,122,0,0,119,3,2026-10-02 09:15:43
4624,51-HCM Hoc Mon/Thoi Tam Thon Hub,in-house,Full-Time,44490,BÙI HOÀI NINH,86,0,0,85,1,2026-10-02 09:15:43
4624,51-HCM Hoc Mon/Thoi Tam Thon Hub,in-house,Full-Time,19830,NGUYỄN TRUNG THIỆN,118,1,0.0085,117,0,2026-10-02 09:15:43
4624,51-HCM Hoc Mon/Thoi Tam Thon Hub,in-house,Full-Time,4756,NGUYỄN TẤN HƯNG,136,0,0,135,1,2026-10-02 09:15:43
4624,51-HCM Hoc Mon/Thoi Tam Thon Hub,in-house,Full-Time,30907,TRẦN ANH TUẤN,113,0,0,113,0,2026-10-02 09:15:43
4624,51-HCM Hoc Mon/Thoi Tam Thon Hub,in-house,Full-Time,52432,NGUYỄN MINH VŨ,2,0,0,2,0,2026-10-02 09:15:43
4624,51-HCM Hoc Mon/Thoi Tam Thon Hub,in-house,Full-Time,53263,TRẦN NHẤT NGỌC HẢI,146,0,0,146,0,2026-10-02 09:15:43
4624,51-HCM Hoc Mon/Thoi Tam Thon Hub,in-house,Full-Time,91776,TRẦN LÂM,82,0,0,82,0,2026-10-02 09:15:43
4624,51-HCM Hoc Mon/Thoi Tam Thon Hub,in-house,Full-Time,101059,HOÀNG XUÂN ĐẠI DƯƠNG,125,0,0,125,0,2026-10-02 09:15:43
4624,51-HCM Hoc Mon/Thoi Tam Thon Hub,in-house,Full-Time,156461,LÊ PHAN HOÀI LINH,53,0,0,53,0,2026-10-02 09:15:43
4624,51-HCM Hoc Mon/Thoi Tam Thon Hub,in-house,Full-Time,69344,TRẦN ANH KHOA,0,0,0,0,0,2026-10-02 09:15:43
4624,51-HCM Hoc Mon/Thoi Tam Thon Hub,in-house,Full-Time,107268,NGUYỄN HOÀNG MINH ĐỨC,0,0,0,0,0,2026-10-02 09:15:43
4012,51-HCM Hoc Mon/Xuan Thoi Son Hub,in-house,Full-Time,65221,HUỲNH VĂN HUY,161,56,0.3478,104,1,2026-10-02 09:15:43
4012,51-HCM Hoc Mon/Xuan Thoi Son Hub,in-house,Full-Time,8858,TRẦN DUY NGỌC,109,26,0.2385,81,2,2026-10-02 09:15:43
4012,51-HCM Hoc Mon/Xuan Thoi Son Hub,in-house,Full-Time,19741,ĐẶNG VÕ THANH TÚ,84,16,0.1905,66,2,2026-10-02 09:15:43
4012,51-HCM Hoc Mon/Xuan Thoi Son Hub,in-house,Full-Time,71452,NGUYỄN THÀNH PHÁT,166,35,0.2108,131,0,2026-10-02 09:15:43
4012,51-HCM Hoc Mon/Xuan Thoi Son Hub,in-house,Full-Time,84041,PHAN QUỐC CƯỜNG,147,29,0.1973,117,1,2026-10-02 09:15:43
4012,51-HCM Hoc Mon/Xuan Thoi Son Hub,in-house,Full-Time,44251,NGUYỄN QUỐC BẢO,171,28,0.1637,141,2,2026-10-02 09:15:43
4012,51-HCM Hoc Mon/Xuan Thoi Son Hub,in-house,Full-Time,72594,LỤC KHẢI MINH,158,26,0.1646,131,1,2026-10-02 09:15:43
4012,51-HCM Hoc Mon/Xuan Thoi Son Hub,in-house,Full-Time,35734,VÕ MINH HIẾU,199,19,0.0955,169,11,2026-10-02 09:15:43
4012,51-HCM Hoc Mon/Xuan Thoi Son Hub,in-house,Full-Time,92497,NGUYỄN DUY TIẾN,162,20,0.1235,142,0,2026-10-02 09:15:43
4012,51-HCM Hoc Mon/Xuan Thoi Son Hub,in-house,Full-Time,161986,BÀNG QUỐC PHÚ,79,7,0.0886,72,0,2026-10-02 09:15:43
4012,51-HCM Hoc Mon/Xuan Thoi Son Hub,in-house,Full-Time,61993,MAI TRƯƠNG ĐẠI LỘC,120,2,0.0167,110,8,2026-10-02 09:15:43
4012,51-HCM Hoc Mon/Xuan Thoi Son Hub,in-house,Full-Time,59606,LÊ CÔNG BẢO KHOA,126,9,0.0714,117,0,2026-10-02 09:15:43
4012,51-HCM Hoc Mon/Xuan Thoi Son Hub,in-house,Full-Time,145289,TRẦN VĂN NGUYÊN,90,4,0.0444,84,2,2026-10-02 09:15:43
4012,51-HCM Hoc Mon/Xuan Thoi Son Hub,in-house,Full-Time,110167,TÔ VĂN HIỂN,116,7,0.0603,109,0,2026-10-02 09:15:43
4012,51-HCM Hoc Mon/Xuan Thoi Son Hub,in-house,Full-Time,47002,NGUYỄN VĂN THUẬN,135,7,0.0519,127,1,2026-10-02 09:15:43
4012,51-HCM Hoc Mon/Xuan Thoi Son Hub,in-house,Full-Time,75828,BÙI PHƯƠNG NGUYÊN,119,6,0.0504,112,1,2026-10-02 09:15:43
4012,51-HCM Hoc Mon/Xuan Thoi Son Hub,in-house,Full-Time,153246,NGUYỄN CHÍ DỮNG,88,3,0.0341,83,2,2026-10-02 09:15:43
4012,51-HCM Hoc Mon/Xuan Thoi Son Hub,in-house,Full-Time,7598,LÝ ĐẠI LONG,99,3,0.0303,94,2,2026-10-02 09:15:43
4012,51-HCM Hoc Mon/Xuan Thoi Son Hub,in-house,Full-Time,113069,PHẠM ĐĂNG KHOA,94,0,0,94,0,2026-10-02 09:15:43
4012,51-HCM Hoc Mon/Xuan Thoi Son Hub,in-house,Full-Time,125901,PHẠM NGỌC TUẤN VŨ,115,0,0,115,0,2026-10-02 09:15:43
4012,51-HCM Hoc Mon/Xuan Thoi Son Hub,in-house,Full-Time,140087,CHÂU THÀNH VINH,85,0,0,85,0,2026-10-02 09:15:43
1775,51-HCM Hoc Mon/Xuan Thoi Thuong Hub,in-house,Full-Time,10604,TRẦN VĂN HUY,71,29,0.4085,41,1,2026-10-02 09:15:43
1775,51-HCM Hoc Mon/Xuan Thoi Thuong Hub,in-house,Full-Time,9580,TRẦN VĂN HIẾU,54,13,0.2407,41,0,2026-10-02 09:15:43
1775,51-HCM Hoc Mon/Xuan Thoi Thuong Hub,in-house,Full-Time,45771,NGUYỄN TIẾN ĐẠT,64,13,0.2063,49,1,2026-10-02 09:15:43
1775,51-HCM Hoc Mon/Xuan Thoi Thuong Hub,in-house,Full-Time,85484,NGUYỄN TRƯỜNG HUY,155,24,0.1548,128,3,2026-10-02 09:15:43
1775,51-HCM Hoc Mon/Xuan Thoi Thuong Hub,in-house,Full-Time,163293,HOÀNG TRIỆU PHÚC,44,3,0.0682,41,0,2026-10-02 09:15:43
1775,51-HCM Hoc Mon/Xuan Thoi Thuong Hub,in-house,Full-Time,5717,TRƯƠNG CHÍ LINH,115,2,0.0174,113,0,2026-10-02 09:15:43
1775,51-HCM Hoc Mon/Xuan Thoi Thuong Hub,in-house,Full-Time,86265,TRẦN PHƯƠNG QUANG,129,0,0,127,2,2026-10-02 09:15:43
1775,51-HCM Hoc Mon/Xuan Thoi Thuong Hub,in-house,Full-Time,12620,ĐỖ MINH TIẾN,71,0,0,70,1,2026-10-02 09:15:43
1775,51-HCM Hoc Mon/Xuan Thoi Thuong Hub,in-house,Full-Time,74190,NGUYỄN ĐÌNH ANH TUẤN,84,0,0,83,1,2026-10-02 09:15:43
1775,51-HCM Hoc Mon/Xuan Thoi Thuong Hub,in-house,Full-Time,10742,TRẦN PHƯƠNG THẮNG,122,1,0.0082,121,0,2026-10-02 09:15:43
1775,51-HCM Hoc Mon/Xuan Thoi Thuong Hub,in-house,Full-Time,8856,VÕ NGỌC TÂN,214,1,0.0047,213,0,2026-10-02 09:15:43
1775,51-HCM Hoc Mon/Xuan Thoi Thuong Hub,in-house,Full-Time,23672,TRẦN TIẾN PHÁT,129,0,0,129,0,2026-10-02 09:15:43
1775,51-HCM Hoc Mon/Xuan Thoi Thuong Hub,in-house,Full-Time,47003,HUỲNH ĐẠT,147,0,0,147,0,2026-10-02 09:15:43
1775,51-HCM Hoc Mon/Xuan Thoi Thuong Hub,in-house,Full-Time,89864,BÙI HOÀNG LÂM,112,0,0,112,0,2026-10-02 09:15:43
1775,51-HCM Hoc Mon/Xuan Thoi Thuong Hub,in-house,Full-Time,93405,BÙI THÁI HIỂN,117,0,0,117,0,2026-10-02 09:15:43
1775,51-HCM Hoc Mon/Xuan Thoi Thuong Hub,in-house,Full-Time,115513,HUỲNH CHÍ THÀNH,79,0,0,79,0,2026-10-02 09:15:43
1775,51-HCM Hoc Mon/Xuan Thoi Thuong Hub,in-house,Full-Time,130060,NGUYỄN THÀNH TÂM,120,0,0,120,0,2026-10-02 09:15:43
5819,51-HCM Nha Be/Hiep Phuoc Hub,in-house,Full-Time,51863,NGUYỄN TUẤN HOÀNG,202,45,0.2228,157,0,2026-10-02 09:15:43
5819,51-HCM Nha Be/Hiep Phuoc Hub,in-house,Full-Time,125221,LƯU QUỐC VĨNH,147,18,0.1224,124,5,2026-10-02 09:15:43
5819,51-HCM Nha Be/Hiep Phuoc Hub,in-house,Full-Time,152047,TRƯƠNG THANH PHƯƠNG,119,1,0.0084,114,4,2026-10-02 09:15:43
5819,51-HCM Nha Be/Hiep Phuoc Hub,in-house,Full-Time,150204,PHẠM VÕ THIÊN ĐĂNG,101,0,0,100,1,2026-10-02 09:15:43
5819,51-HCM Nha Be/Hiep Phuoc Hub,in-house,Full-Time,25424,NGUYỄN HUỲNH ĐÔNG,146,0,0,146,0,2026-10-02 09:15:43
5819,51-HCM Nha Be/Hiep Phuoc Hub,in-house,Full-Time,138165,NGUYỄN CHÍ LINH,0,0,0,0,0,2026-10-02 09:15:43
2423,51-HCM Nha Be/Phu Xuan Hub,in-house,Full-Time,73063,NGUYỄN THÁI TIẾN,97,38,0.3918,58,1,2026-10-02 09:15:43
2423,51-HCM Nha Be/Phu Xuan Hub,in-house,Full-Time,148080,ĐINH HỒNG LINH,134,48,0.3582,86,0,2026-10-02 09:15:43
2423,51-HCM Nha Be/Phu Xuan Hub,in-house,Full-Time,152120,HUỲNH NGỌC LÂM,132,32,0.2424,99,1,2026-10-02 09:15:43
2423,51-HCM Nha Be/Phu Xuan Hub,in-house,Full-Time,18325,MAI TUẤN VỸ,185,43,0.2324,140,2,2026-10-02 09:15:43
2423,51-HCM Nha Be/Phu Xuan Hub,in-house,Full-Time,33649,TRẦN TỴ,139,27,0.1942,111,1,2026-10-02 09:15:43
2423,51-HCM Nha Be/Phu Xuan Hub,in-house,Full-Time,130536,NGUYỄN THÀNH HIỆP,154,28,0.1818,123,3,2026-10-02 09:15:43
2423,51-HCM Nha Be/Phu Xuan Hub,in-house,Full-Time,29735,HUỲNH CÔNG ĐẠT,152,24,0.1579,127,1,2026-10-02 09:15:43
2423,51-HCM Nha Be/Phu Xuan Hub,in-house,Full-Time,7153,TRẦN HOÀI PHƯƠNG,204,33,0.1618,171,0,2026-10-02 09:15:43
2423,51-HCM Nha Be/Phu Xuan Hub,in-house,Full-Time,59236,PHẠM KHÁNH DUY,306,47,0.1536,259,0,2026-10-02 09:15:43
2423,51-HCM Nha Be/Phu Xuan Hub,in-house,Full-Time,147074,NGUYỄN TRUNG ĐỊNH,194,28,0.1443,165,1,2026-10-02 09:15:43
2423,51-HCM Nha Be/Phu Xuan Hub,in-house,Full-Time,156304,NGUYỄN HOÀNG KHA,99,8,0.0808,86,5,2026-10-02 09:15:43
2423,51-HCM Nha Be/Phu Xuan Hub,in-house,Full-Time,151244,HUỲNH HOÀNG HẢI,143,14,0.0979,129,0,2026-10-02 09:15:43
2423,51-HCM Nha Be/Phu Xuan Hub,in-house,Full-Time,155166,BÙI TIẾN MẠNH,135,10,0.0741,122,3,2026-10-02 09:15:43
2423,51-HCM Nha Be/Phu Xuan Hub,in-house,Full-Time,97504,TRẦN CÔNG DANH,178,14,0.0787,164,0,2026-10-02 09:15:43
2423,51-HCM Nha Be/Phu Xuan Hub,in-house,Full-Time,46785,TRẦN ĐỨC PHƯƠNG,153,11,0.0719,142,0,2026-10-02 09:15:43
2423,51-HCM Nha Be/Phu Xuan Hub,in-house,Full-Time,54634,NGUYỄN TUẤN VŨ,199,11,0.0553,187,1,2026-10-02 09:15:43
2423,51-HCM Nha Be/Phu Xuan Hub,in-house,Full-Time,161470,NGUYỄN THÀNH TRUNG,84,2,0.0238,80,2,2026-10-02 09:15:43
2423,51-HCM Nha Be/Phu Xuan Hub,in-house,Full-Time,68015,NGUYỄN CHÍ TÂM,179,8,0.0447,171,0,2026-10-02 09:15:43
2423,51-HCM Nha Be/Phu Xuan Hub,in-house,Full-Time,149432,NGUYỄN HỮU VINH,180,7,0.0389,172,1,2026-10-02 09:15:43
2423,51-HCM Nha Be/Phu Xuan Hub,in-house,Full-Time,149434,PHẠM XUÂN VŨ,175,5,0.0286,170,0,2026-10-02 09:15:43
2423,51-HCM Nha Be/Phu Xuan Hub,in-house,Full-Time,93134,NGUYỄN THANH NHÃ,170,0,0,170,0,2026-10-02 09:15:43
2423,51-HCM Nha Be/Phu Xuan Hub,in-house,Full-Time,146156,NGUYỄN MINH PHONG,195,0,0,195,0,2026-10-02 09:15:43
2423,51-HCM Nha Be/Phu Xuan Hub,in-house,Full-Time,149784,LƯƠNG HOÀNG LONG,177,0,0,177,0,2026-10-02 09:15:43
2423,51-HCM Nha Be/Phu Xuan Hub,in-house,Full-Time,150587,VÕ ĐẠI THẮNG,180,0,0,180,0,2026-10-02 09:15:43
2423,51-HCM Nha Be/Phu Xuan Hub,in-house,Full-Time,154311,NGUYỄN PHỤC LONG,145,0,0,145,0,2026-10-02 09:15:43
2423,51-HCM Nha Be/Phu Xuan Hub,in-house,Full-Time,155808,LƯU NHẬT HUY,108,0,0,108,0,2026-10-02 09:15:43
2019,51-HCM Nha Be/Phuoc Kien Hub,in-house,Full-Time,153568,NGUYỄN TRUNG KIÊN,3,0,0,2,1,2026-10-02 09:15:43
2019,51-HCM Nha Be/Phuoc Kien Hub,in-house,Full-Time,68657,LÊ TUẤN KIỆT,6,0,0,5,1,2026-10-02 09:15:43
2019,51-HCM Nha Be/Phuoc Kien Hub,in-house,Full-Time,105111,THẠCH GIA BẢO,102,0,0,97,5,2026-10-02 09:15:43
2019,51-HCM Nha Be/Phuoc Kien Hub,in-house,Full-Time,44785,SƠN KIẾN TÀI,186,8,0.043,177,1,2026-10-02 09:15:43
2019,51-HCM Nha Be/Phuoc Kien Hub,in-house,Full-Time,130532,NGUYỄN TUẤN KIỆT,232,9,0.0388,223,0,2026-10-02 09:15:43
2019,51-HCM Nha Be/Phuoc Kien Hub,in-house,Full-Time,145103,PHỒNG TRƯỜNG VŨ,172,0,0,167,5,2026-10-02 09:15:43
2019,51-HCM Nha Be/Phuoc Kien Hub,in-house,Full-Time,8392,LÊ QUANG THÁI,46,0,0,45,1,2026-10-02 09:15:43
2019,51-HCM Nha Be/Phuoc Kien Hub,in-house,Full-Time,151251,MAI THANH THÀNH,113,0,0,110,2,2026-10-02 09:15:43
2019,51-HCM Nha Be/Phuoc Kien Hub,in-house,Full-Time,105109,ĐOÀN CÔNG MỸ,178,0,0,175,3,2026-10-02 09:15:43
2019,51-HCM Nha Be/Phuoc Kien Hub,in-house,Full-Time,162619,NGUYỄN TẤN TRỌNG,73,1,0.0137,72,0,2026-10-02 09:15:43
2019,51-HCM Nha Be/Phuoc Kien Hub,in-house,Full-Time,162112,ĐOÀN MINH HƯNG,79,0,0,78,1,2026-10-02 09:15:43
2019,51-HCM Nha Be/Phuoc Kien Hub,in-house,Full-Time,161043,THÁI LÊ MINH THANH,87,0,0,86,1,2026-10-02 09:15:43
2019,51-HCM Nha Be/Phuoc Kien Hub,in-house,Full-Time,157575,NGUYỄN QUỐC ĐỨC,188,0,0,186,2,2026-10-02 09:15:43
2019,51-HCM Nha Be/Phuoc Kien Hub,in-house,Full-Time,160016,TRANG SĨ NGUYÊN,119,0,0,118,1,2026-10-02 09:15:43
2019,51-HCM Nha Be/Phuoc Kien Hub,in-house,Full-Time,161983,VŨ DUY KHANG,169,0,0,168,1,2026-10-02 09:15:43
2019,51-HCM Nha Be/Phuoc Kien Hub,in-house,Full-Time,6546,NGUYỄN NGỌC TÂM,350,2,0.0057,348,0,2026-10-02 09:15:43
2019,51-HCM Nha Be/Phuoc Kien Hub,in-house,Full-Time,52890,CAO HỮU THẮNG,194,0,0,193,1,2026-10-02 09:15:43
2019,51-HCM Nha Be/Phuoc Kien Hub,in-house,Full-Time,2543,DIỆP BẢO NGỌC,243,0,0,243,0,2026-10-02 09:15:43
2019,51-HCM Nha Be/Phuoc Kien Hub,in-house,Full-Time,6547,DIỆP QUỐC VINH,178,0,0,178,0,2026-10-02 09:15:43
2019,51-HCM Nha Be/Phuoc Kien Hub,in-house,Full-Time,16178,VÕ TIẾN DŨNG,271,0,0,271,0,2026-10-02 09:15:43
2019,51-HCM Nha Be/Phuoc Kien Hub,in-house,Full-Time,52769,PHẠM VĂN LỢI,146,0,0,146,0,2026-10-02 09:15:43
2019,51-HCM Nha Be/Phuoc Kien Hub,in-house,Full-Time,53933,PHẠM VĂN MINH,129,0,0,129,0,2026-10-02 09:15:43
2019,51-HCM Nha Be/Phuoc Kien Hub,in-house,Full-Time,56589,PHẠM NGỌC VẼ VANG,129,0,0,129,0,2026-10-02 09:15:43
2019,51-HCM Nha Be/Phuoc Kien Hub,in-house,Full-Time,59697,HUỲNH VĂN CƯỜNG,174,0,0,174,0,2026-10-02 09:15:43
2019,51-HCM Nha Be/Phuoc Kien Hub,in-house,Full-Time,66677,TRẦN HỮU HÒA,193,0,0,193,0,2026-10-02 09:15:43
2019,51-HCM Nha Be/Phuoc Kien Hub,in-house,Full-Time,86158,PHẠM TUẤN THANH,312,0,0,312,0,2026-10-02 09:15:43
2019,51-HCM Nha Be/Phuoc Kien Hub,in-house,Full-Time,86498,NGUYỄN QUYẾT TIẾN,241,0,0,241,0,2026-10-02 09:15:43
2019,51-HCM Nha Be/Phuoc Kien Hub,in-house,Full-Time,94772,ĐẶNG DUY QUANG,2,0,0,2,0,2026-10-02 09:15:43
2019,51-HCM Nha Be/Phuoc Kien Hub,in-house,Full-Time,100524,TRƯƠNG MINH DŨNG,139,0,0,139,0,2026-10-02 09:15:43
2019,51-HCM Nha Be/Phuoc Kien Hub,in-house,Full-Time,117621,PHẠM THANH NHÀN,34,0,0,34,0,2026-10-02 09:15:43
2019,51-HCM Nha Be/Phuoc Kien Hub,in-house,Full-Time,130380,TỐNG MẠNH HUY,1,0,0,1,0,2026-10-02 09:15:43
2019,51-HCM Nha Be/Phuoc Kien Hub,in-house,Full-Time,140080,NGUYỄN KHẮC HUY,197,0,0,197,0,2026-10-02 09:15:43
2019,51-HCM Nha Be/Phuoc Kien Hub,in-house,Full-Time,143247,TRẦN NAM KHA,238,0,0,238,0,2026-10-02 09:15:43
2019,51-HCM Nha Be/Phuoc Kien Hub,in-house,Full-Time,145710,NGUYỄN TÀI,126,0,0,126,0,2026-10-02 09:15:43
2019,51-HCM Nha Be/Phuoc Kien Hub,in-house,Full-Time,149676,NGÔ TRÚC GIANG,149,0,0,149,0,2026-10-02 09:15:43
2019,51-HCM Nha Be/Phuoc Kien Hub,in-house,Full-Time,159641,VÕ TRUNG NHÂN,70,0,0,70,0,2026-10-02 09:15:43
2019,51-HCM Nha Be/Phuoc Kien Hub,in-house,Full-Time,160006,LÊ PHƯƠNG HẢI,186,0,0,186,0,2026-10-02 09:15:43
2019,51-HCM Nha Be/Phuoc Kien Hub,in-house,Full-Time,161047,TRƯƠNG ĐỨC TÀI,102,0,0,102,0,2026-10-02 09:15:43
2019,51-HCM Nha Be/Phuoc Kien Hub,in-house,Full-Time,163287,ĐẶNG GIA THÍCH,18,0,0,18,0,2026-10-02 09:15:43
2019,51-HCM Nha Be/Phuoc Kien Hub,in-house,Full-Time,29509,ĐOÀN CÔNG CƯỜNG,0,0,0,0,0,2026-10-02 09:15:43
2019,51-HCM Nha Be/Phuoc Kien Hub,in-house,Full-Time,93674,HOÀNG THỊ TƯ,0,0,0,0,0,2026-10-02 09:15:43
2019,51-HCM Nha Be/Phuoc Kien Hub,in-house,Full-Time,117616,ĐỖ TUẤN KIỆT,0,0,0,0,0,2026-10-02 09:15:43
2019,51-HCM Nha Be/Phuoc Kien Hub,in-house,Full-Time,153242,PHAN ANH TOÀN,0,0,0,0,0,2026-10-02 09:15:43
2019,51-HCM Nha Be/Phuoc Kien Hub,in-house,Full-Time,161331,NGUYỄN HỮU NHÂN,0,0,0,0,0,2026-10-02 09:15:43
2291,51-HCM Phu Nhuan/Phan Xich Long Hub,in-house,Full-Time,41828,PHẠM HOÀNG HẢI,172,53,0.3081,114,5,2026-10-02 09:15:43
2291,51-HCM Phu Nhuan/Phan Xich Long Hub,in-house,Full-Time,16618,PHẠM BÁ HUỲNH,156,24,0.1538,123,9,2026-10-02 09:15:43
2291,51-HCM Phu Nhuan/Phan Xich Long Hub,in-house,Full-Time,48970,NGUYỄN QUỐC ĐAN BI,139,29,0.2086,110,0,2026-10-02 09:15:43
2291,51-HCM Phu Nhuan/Phan Xich Long Hub,in-house,Full-Time,67016,HÀ TRÍ QUYỀN,209,26,0.1244,169,14,2026-10-02 09:15:43
2291,51-HCM Phu Nhuan/Phan Xich Long Hub,in-house,Full-Time,22884,TRỊNH MINH PHÁT,181,24,0.1326,148,9,2026-10-02 09:15:43
2291,51-HCM Phu Nhuan/Phan Xich Long Hub,in-house,Full-Time,7252,LÔ BẠCH TỬ THANH,180,27,0.15,149,4,2026-10-02 09:15:43
2291,51-HCM Phu Nhuan/Phan Xich Long Hub,in-house,Full-Time,19779,VÕ MINH NHỰT,120,15,0.125,105,0,2026-10-02 09:15:43
2291,51-HCM Phu Nhuan/Phan Xich Long Hub,in-house,Full-Time,8293,TRẦN TỬ PHÁT,111,11,0.0991,100,0,2026-10-02 09:15:43
2291,51-HCM Phu Nhuan/Phan Xich Long Hub,in-house,Full-Time,20025,MAI ANH KHOA,181,17,0.0939,164,0,2026-10-02 09:15:43
2291,51-HCM Phu Nhuan/Phan Xich Long Hub,in-house,Full-Time,40902,ĐÁI HUỲNH ĐỨC NHÃ,205,14,0.0683,191,0,2026-10-02 09:15:43
2291,51-HCM Phu Nhuan/Phan Xich Long Hub,in-house,Full-Time,25053,TRẦN HOÀI PHI,138,0,0,137,1,2026-10-02 09:15:43
2379,51-HCM Phu Nhuan/Truong Sa Hub,in-house,Full-Time,4825,PHẠM MINH HIỆP,160,56,0.35,104,0,2026-10-02 09:15:43
2379,51-HCM Phu Nhuan/Truong Sa Hub,in-house,Full-Time,149962,TRẦN ĐỨC MẠNH,152,38,0.25,114,0,2026-10-02 09:15:43
2379,51-HCM Phu Nhuan/Truong Sa Hub,in-house,Full-Time,80583,TRẦN VŨ QUANG,208,44,0.2115,164,0,2026-10-02 09:15:43
2379,51-HCM Phu Nhuan/Truong Sa Hub,in-house,Full-Time,155446,ĐỖ TUẤN ANH,144,26,0.1806,118,0,2026-10-02 09:15:43
2379,51-HCM Phu Nhuan/Truong Sa Hub,in-house,Full-Time,145436,HOÀNG ANH TUẤN,137,15,0.1095,122,0,2026-10-02 09:15:43
2379,51-HCM Phu Nhuan/Truong Sa Hub,in-house,Full-Time,123886,BÙI VĂN SĨ,160,11,0.0688,148,1,2026-10-02 09:15:43
2379,51-HCM Phu Nhuan/Truong Sa Hub,in-house,Full-Time,147878,NGUYỄN THANH HƯƠNG,111,0,0,111,0,2026-10-02 09:15:43
4229,51-HCM PN/Cau Kieu Hub,in-house,Full-Time,22658,NGUYỄN THÀNH LONG,155,46,0.2968,101,8,2026-10-02 09:15:43
4229,51-HCM PN/Cau Kieu Hub,in-house,Full-Time,18726,PHẠM VĂN PHÁN,197,61,0.3096,134,2,2026-10-02 09:15:43
4229,51-HCM PN/Cau Kieu Hub,in-house,Full-Time,145433,TRẦN THÀNH NHÂN,150,42,0.28,108,0,2026-10-02 09:15:43
4229,51-HCM PN/Cau Kieu Hub,in-house,Full-Time,8400,CAO HUY,171,43,0.2515,126,2,2026-10-02 09:15:43
4229,51-HCM PN/Cau Kieu Hub,in-house,Full-Time,11761,HUỲNH THANH SANG,192,37,0.1927,155,0,2026-10-02 09:15:43
4229,51-HCM PN/Cau Kieu Hub,in-house,Full-Time,129190,TRƯƠNG THÀNH ĐẠT,90,14,0.1556,76,0,2026-10-02 09:15:43
4229,51-HCM PN/Cau Kieu Hub,in-house,Full-Time,116405,TRỊNH HOÀI ĐỨC,130,10,0.0769,120,0,2026-10-02 09:15:43
4229,51-HCM PN/Cau Kieu Hub,in-house,Full-Time,5423,ĐÀO ANH TUẤN,149,3,0.0201,146,0,2026-10-02 09:15:43
4229,51-HCM PN/Cau Kieu Hub,in-house,Full-Time,22721,HOÀNG VŨ LINH,150,0,0,150,0,2026-10-02 09:15:43
4229,51-HCM PN/Cau Kieu Hub,in-house,Full-Time,33759,LẠI ANH TÀI,158,0,0,158,0,2026-10-02 09:15:43
4229,51-HCM PN/Cau Kieu Hub,in-house,Full-Time,79750,ĐOÀN HUY ĐĂNG,178,0,0,178,0,2026-10-02 09:15:43
4229,51-HCM PN/Cau Kieu Hub,in-house,Full-Time,82095,ĐINH THÀNH ĐẠT,157,0,0,157,0,2026-10-02 09:15:43
5023,51-HCM Tan Binh/Bay Hien Hub,in-house,Full-Time,158803,NGUYỄN HỒNG PHÁT,108,34,0.3148,73,1,2026-10-02 09:15:43
5023,51-HCM Tan Binh/Bay Hien Hub,in-house,Full-Time,33035,ĐẶNG TẤN NHỰT,234,63,0.2692,169,2,2026-10-02 09:15:43
5023,51-HCM Tan Binh/Bay Hien Hub,in-house,Full-Time,10230,NGUYỄN PHONG PHÚ,48,10,0.2083,35,3,2026-10-02 09:15:43
5023,51-HCM Tan Binh/Bay Hien Hub,in-house,Full-Time,31786,HỒ TIỂU BẢO,196,51,0.2602,145,0,2026-10-02 09:15:43
5023,51-HCM Tan Binh/Bay Hien Hub,in-house,Full-Time,18375,NGUYỄN NGỌC KHANG,174,35,0.2011,135,4,2026-10-02 09:15:43
5023,51-HCM Tan Binh/Bay Hien Hub,in-house,Full-Time,22869,NGUYỄN QUỐC ĐỊNH,112,25,0.2232,87,0,2026-10-02 09:15:43
5023,51-HCM Tan Binh/Bay Hien Hub,in-house,Full-Time,158319,HUỲNH HOÀNG PHÚC,110,22,0.2,86,2,2026-10-02 09:15:43
5023,51-HCM Tan Binh/Bay Hien Hub,in-house,Full-Time,52706,TRẦN XUÂN QUYỀN,115,19,0.1652,95,1,2026-10-02 09:15:43
5023,51-HCM Tan Binh/Bay Hien Hub,in-house,Full-Time,34623,ĐÀO VŨ ANH KỲ,271,43,0.1587,226,2,2026-10-02 09:15:43
5023,51-HCM Tan Binh/Bay Hien Hub,in-house,Full-Time,72596,TRẦN NGỌC QUÝ,327,48,0.1468,279,0,2026-10-02 09:15:43
5023,51-HCM Tan Binh/Bay Hien Hub,in-house,Full-Time,31828,NGUYỄN QUỐC KHA,171,25,0.1462,146,0,2026-10-02 09:15:43
5023,51-HCM Tan Binh/Bay Hien Hub,in-house,Full-Time,78426,TRẦN MINH TRƯỜNG,134,18,0.1343,116,0,2026-10-02 09:15:43
5023,51-HCM Tan Binh/Bay Hien Hub,in-house,Full-Time,78266,HOÀNG TRUNG NAM,119,8,0.0672,111,0,2026-10-02 09:15:43
5023,51-HCM Tan Binh/Bay Hien Hub,in-house,Full-Time,32685,TRẦN VĂN TƯƠI,256,11,0.043,245,0,2026-10-02 09:15:43
5023,51-HCM Tan Binh/Bay Hien Hub,in-house,Full-Time,53759,PHẠM THẾ PHƯỚC,232,8,0.0345,224,0,2026-10-02 09:15:43
5023,51-HCM Tan Binh/Bay Hien Hub,in-house,Full-Time,873,NGUYỄN PHƯỚC HAI,123,0,0,122,1,2026-10-02 09:15:43
5023,51-HCM Tan Binh/Bay Hien Hub,in-house,Full-Time,316,LÂM THÀNH PHƯỢNG,106,0,0,106,0,2026-10-02 09:15:43
5023,51-HCM Tan Binh/Bay Hien Hub,in-house,Full-Time,7955,LÊ LONG ĐỈNH,186,0,0,186,0,2026-10-02 09:15:43
5023,51-HCM Tan Binh/Bay Hien Hub,in-house,Full-Time,49816,HOÀNG MINH KHA,104,0,0,104,0,2026-10-02 09:15:43
5023,51-HCM Tan Binh/Bay Hien Hub,in-house,Full-Time,88078,NGUYỄN NHẬT THIÊN,204,0,0,204,0,2026-10-02 09:15:43
2238,51-HCM Tan Binh/Phuong 14 Hub,in-house,Full-Time,71871,NGUYỄN ANH TRÍ,130,64,0.4923,56,10,2026-10-02 09:15:43
2238,51-HCM Tan Binh/Phuong 14 Hub,in-house,Full-Time,5749,PHAN QUANG VĂN,133,64,0.4812,66,3,2026-10-02 09:15:43
2238,51-HCM Tan Binh/Phuong 14 Hub,in-house,Full-Time,21382,NGUYỄN TRÁC TRUNG HIẾU,127,60,0.4724,66,1,2026-10-02 09:15:43
2238,51-HCM Tan Binh/Phuong 14 Hub,in-house,Full-Time,161985,LẠI ĐỨC ANH,93,34,0.3656,59,0,2026-10-02 09:15:43
2238,51-HCM Tan Binh/Phuong 14 Hub,in-house,Full-Time,18995,LÊ HOÀNG CÔNG THÀNH,113,39,0.3451,73,1,2026-10-02 09:15:43
2238,51-HCM Tan Binh/Phuong 14 Hub,in-house,Full-Time,27889,TRẦN LỘC SƠN,136,40,0.2941,96,0,2026-10-02 09:15:43
2238,51-HCM Tan Binh/Phuong 14 Hub,in-house,Full-Time,26911,ĐINH QUỐC MINH,151,33,0.2185,118,0,2026-10-02 09:15:43
2238,51-HCM Tan Binh/Phuong 14 Hub,in-house,Full-Time,99000,VOÒNG BẢO QUYỀN,128,25,0.1953,102,1,2026-10-02 09:15:43
2238,51-HCM Tan Binh/Phuong 14 Hub,in-house,Full-Time,8071,TRẦN HỮU LỢI,182,33,0.1813,149,0,2026-10-02 09:15:43
2238,51-HCM Tan Binh/Phuong 14 Hub,in-house,Full-Time,136137,VŨ CÔNG HƯNG,91,16,0.1758,75,0,2026-10-02 09:15:43
2238,51-HCM Tan Binh/Phuong 14 Hub,in-house,Full-Time,919,HOÀNG HỒNG ÂN,181,31,0.1713,150,0,2026-10-02 09:15:43
2238,51-HCM Tan Binh/Phuong 14 Hub,in-house,Full-Time,125924,TRẦN VĂN NĂM,154,24,0.1558,129,1,2026-10-02 09:15:43
2238,51-HCM Tan Binh/Phuong 14 Hub,in-house,Full-Time,132077,NGUYỄN HUỲNH TRUNG HIẾU,175,20,0.1143,151,4,2026-10-02 09:15:43
2238,51-HCM Tan Binh/Phuong 14 Hub,in-house,Full-Time,109413,PHẠM THÀNH CÔNG,296,38,0.1284,258,0,2026-10-02 09:15:43
2238,51-HCM Tan Binh/Phuong 14 Hub,in-house,Full-Time,119527,DƯƠNG PHÚ QUÍ,171,21,0.1228,150,0,2026-10-02 09:15:43
2238,51-HCM Tan Binh/Phuong 14 Hub,in-house,Full-Time,1592,LÊ CHÍ BẢO,107,11,0.1028,95,1,2026-10-02 09:15:43
2238,51-HCM Tan Binh/Phuong 14 Hub,in-house,Full-Time,71750,NGUYỄN TUẤN VŨ,118,8,0.0678,110,0,2026-10-02 09:15:43
2238,51-HCM Tan Binh/Phuong 14 Hub,in-house,Full-Time,134044,NGUYỄN GIA KHÁNH,136,4,0.0294,130,2,2026-10-02 09:15:43
2238,51-HCM Tan Binh/Phuong 14 Hub,in-house,Full-Time,3827,TRẦN MINH TRÍ,173,7,0.0405,166,0,2026-10-02 09:15:43
2238,51-HCM Tan Binh/Phuong 14 Hub,in-house,Full-Time,26450,HUỲNH KIẾN PHƯỚC,243,8,0.0329,235,0,2026-10-02 09:15:43
2238,51-HCM Tan Binh/Phuong 14 Hub,in-house,Full-Time,12757,NGUYỄN HOÀNG KHÁNH,167,4,0.024,163,0,2026-10-02 09:15:43
2238,51-HCM Tan Binh/Phuong 14 Hub,in-house,Full-Time,34569,LÝ THÁI PHÁT,164,2,0.0122,162,0,2026-10-02 09:15:43
2238,51-HCM Tan Binh/Phuong 14 Hub,in-house,Full-Time,132191,CAO VĂN TRƯỜNG TUYẾN,201,1,0.005,199,1,2026-10-02 09:15:43
2238,51-HCM Tan Binh/Phuong 14 Hub,in-house,Full-Time,160629,PHẠM THÁI SÁNG,65,0,0,65,0,2026-10-02 09:15:43
4438,51-HCM Tan Binh/Tan Son Hoa Hub,in-house,Full-Time,83734,NGUYỄN PHÚ SỶ TÍNH,172,71,0.4128,101,0,2026-10-02 09:15:43
4438,51-HCM Tan Binh/Tan Son Hoa Hub,in-house,Full-Time,653,NGUYỄN THÁI SƠN,192,75,0.3906,114,3,2026-10-02 09:15:43
4438,51-HCM Tan Binh/Tan Son Hoa Hub,in-house,Full-Time,12196,TRỊNH QUANG BẢO,131,52,0.3969,79,0,2026-10-02 09:15:43
4438,51-HCM Tan Binh/Tan Son Hoa Hub,in-house,Full-Time,133328,HỒ NGỌC MỪNG,150,53,0.3533,95,2,2026-10-02 09:15:43
4438,51-HCM Tan Binh/Tan Son Hoa Hub,in-house,Full-Time,81370,NGUYỄN VĂN SÁNG,130,46,0.3538,84,0,2026-10-02 09:15:43
4438,51-HCM Tan Binh/Tan Son Hoa Hub,in-house,Full-Time,62468,TRƯƠNG TUẤN THÀNH,203,62,0.3054,141,0,2026-10-02 09:15:43
4438,51-HCM Tan Binh/Tan Son Hoa Hub,in-house,Full-Time,18719,ĐINH HUY NGỌC,187,55,0.2941,131,1,2026-10-02 09:15:43
4438,51-HCM Tan Binh/Tan Son Hoa Hub,in-house,Full-Time,109922,NGUYỄN VĂN HIẾU,167,43,0.2575,123,1,2026-10-02 09:15:43
4438,51-HCM Tan Binh/Tan Son Hoa Hub,in-house,Full-Time,35262,NGUYỄN CÔNG VIÊN,168,36,0.2143,129,3,2026-10-02 09:15:43
4438,51-HCM Tan Binh/Tan Son Hoa Hub,in-house,Full-Time,102615,CAO BÌNH NGUYÊN,187,38,0.2032,149,0,2026-10-02 09:15:43
4438,51-HCM Tan Binh/Tan Son Hoa Hub,in-house,Full-Time,79755,NGUYỄN THÀNH TRUNG,153,27,0.1765,126,0,2026-10-02 09:15:43
4438,51-HCM Tan Binh/Tan Son Hoa Hub,in-house,Full-Time,1485,NGUYỄN THÀNH LONG,66,10,0.1515,55,1,2026-10-02 09:15:43
4438,51-HCM Tan Binh/Tan Son Hoa Hub,in-house,Full-Time,115526,DƯƠNG VĂN MINH,195,31,0.159,164,0,2026-10-02 09:15:43
4438,51-HCM Tan Binh/Tan Son Hoa Hub,in-house,Full-Time,30334,NGUYỄN NGỌC SƠN,225,34,0.1511,191,0,2026-10-02 09:15:43
4438,51-HCM Tan Binh/Tan Son Hoa Hub,in-house,Full-Time,19977,LÊ VIẾT PHÁT,177,24,0.1356,152,1,2026-10-02 09:15:43
4438,51-HCM Tan Binh/Tan Son Hoa Hub,in-house,Full-Time,142412,TRẦN VĂN TUYẾN,260,34,0.1308,225,1,2026-10-02 09:15:43
4438,51-HCM Tan Binh/Tan Son Hoa Hub,in-house,Full-Time,91989,CHUNG MINH CA,139,17,0.1223,121,1,2026-10-02 09:15:43
4438,51-HCM Tan Binh/Tan Son Hoa Hub,in-house,Full-Time,48595,NGUYỄN THIỆN LỘC,144,14,0.0972,130,0,2026-10-02 09:15:43
4438,51-HCM Tan Binh/Tan Son Hoa Hub,in-house,Full-Time,151360,VƯƠNG GIA HÙNG,198,13,0.0657,185,0,2026-10-02 09:15:43
4438,51-HCM Tan Binh/Tan Son Hoa Hub,in-house,Full-Time,620,BỒ TRƯƠNG ĐẠI VIỆT,153,6,0.0392,145,2,2026-10-02 09:15:43
4438,51-HCM Tan Binh/Tan Son Hoa Hub,in-house,Full-Time,839,LÊ THANH HẢI,214,9,0.0421,204,1,2026-10-02 09:15:43
4438,51-HCM Tan Binh/Tan Son Hoa Hub,in-house,Full-Time,6941,TRỊNH QUỐC VINH,197,2,0.0102,188,7,2026-10-02 09:15:43
4438,51-HCM Tan Binh/Tan Son Hoa Hub,in-house,Full-Time,91976,LÊ MINH CHÍ,149,4,0.0268,143,2,2026-10-02 09:15:43
4438,51-HCM Tan Binh/Tan Son Hoa Hub,in-house,Full-Time,95885,NGUYỄN THÁI BẢO,156,6,0.0385,150,0,2026-10-02 09:15:43
4438,51-HCM Tan Binh/Tan Son Hoa Hub,in-house,Full-Time,159636,ĐẶNG VĂN PHÚC,133,5,0.0376,128,0,2026-10-02 09:15:43
4438,51-HCM Tan Binh/Tan Son Hoa Hub,in-house,Full-Time,83449,NGUYỄN HOÀNG SƠN,184,6,0.0326,178,0,2026-10-02 09:15:43
4438,51-HCM Tan Binh/Tan Son Hoa Hub,in-house,Full-Time,162111,NGUYỄN HÙNG MINH,182,0,0,177,5,2026-10-02 09:15:43
4438,51-HCM Tan Binh/Tan Son Hoa Hub,in-house,Full-Time,26329,VÕ TẤN PHÁT,225,6,0.0267,219,0,2026-10-02 09:15:43
4438,51-HCM Tan Binh/Tan Son Hoa Hub,in-house,Full-Time,144541,TRẦN NHẬT TÂN,160,3,0.0188,156,1,2026-10-02 09:15:43
4438,51-HCM Tan Binh/Tan Son Hoa Hub,in-house,Full-Time,16182,PHAN ĐỨC HUY,205,5,0.0244,200,0,2026-10-02 09:15:43
4438,51-HCM Tan Binh/Tan Son Hoa Hub,in-house,Full-Time,71232,NGUYỄN ANH HUY,219,4,0.0183,214,1,2026-10-02 09:15:43
4438,51-HCM Tan Binh/Tan Son Hoa Hub,in-house,Full-Time,40947,LÊ QUANG DIỄN,210,0,0,207,3,2026-10-02 09:15:43
4438,51-HCM Tan Binh/Tan Son Hoa Hub,in-house,Full-Time,59604,PHẠM HUỲNH KHANG,87,1,0.0115,86,0,2026-10-02 09:15:43
4438,51-HCM Tan Binh/Tan Son Hoa Hub,in-house,Full-Time,17316,LÂM TẤN TRƯỜNG,179,2,0.0112,177,0,2026-10-02 09:15:43
4438,51-HCM Tan Binh/Tan Son Hoa Hub,in-house,Full-Time,152856,NGUYỄN HỮU PHI,135,0,0,134,1,2026-10-02 09:15:43
4438,51-HCM Tan Binh/Tan Son Hoa Hub,in-house,Full-Time,32367,TRƯƠNG CÔNG SANG,137,0,0,136,1,2026-10-02 09:15:43
4438,51-HCM Tan Binh/Tan Son Hoa Hub,in-house,Full-Time,20004,LÊ BÌNH AN,143,0,0,142,1,2026-10-02 09:15:43
4438,51-HCM Tan Binh/Tan Son Hoa Hub,in-house,Full-Time,44300,ĐOÀN NGỌC THANH,156,0,0,155,1,2026-10-02 09:15:43
4438,51-HCM Tan Binh/Tan Son Hoa Hub,in-house,Full-Time,117301,LÊ QUỐC ANH,161,0,0,160,1,2026-10-02 09:15:43
4438,51-HCM Tan Binh/Tan Son Hoa Hub,in-house,Full-Time,5428,NGUYỄN THÀNH MINH,181,0,0,180,1,2026-10-02 09:15:43
4438,51-HCM Tan Binh/Tan Son Hoa Hub,in-house,Full-Time,49817,NGUYỄN CÔNG TUẤN,184,0,0,183,1,2026-10-02 09:15:43
4438,51-HCM Tan Binh/Tan Son Hoa Hub,in-house,Full-Time,65083,ĐẶNG MINH CẢNH,210,0,0,209,1,2026-10-02 09:15:43
4438,51-HCM Tan Binh/Tan Son Hoa Hub,in-house,Full-Time,24001,PHÙNG VĂN ĐỦ,231,0,0,230,1,2026-10-02 09:15:43
4438,51-HCM Tan Binh/Tan Son Hoa Hub,in-house,Full-Time,40243,NGUYỄN QUỐC DUY,253,0,0,252,1,2026-10-02 09:15:43
4438,51-HCM Tan Binh/Tan Son Hoa Hub,in-house,Full-Time,66422,VÕ KHÁNH HÙNG,249,0,0,248,1,2026-10-02 09:15:43
4438,51-HCM Tan Binh/Tan Son Hoa Hub,in-house,Full-Time,739,PHAN KIẾN HIỆP,136,0,0,136,0,2026-10-02 09:15:43
4438,51-HCM Tan Binh/Tan Son Hoa Hub,in-house,Full-Time,2020,NGUYỄN TẤN QUANG,147,0,0,147,0,2026-10-02 09:15:43
4438,51-HCM Tan Binh/Tan Son Hoa Hub,in-house,Full-Time,16946,NGUYỄN VIỆT HÙNG,174,0,0,174,0,2026-10-02 09:15:43
4438,51-HCM Tan Binh/Tan Son Hoa Hub,in-house,Full-Time,17022,LÊ NHÂN TIẾN,224,0,0,224,0,2026-10-02 09:15:43
4438,51-HCM Tan Binh/Tan Son Hoa Hub,in-house,Full-Time,17190,LƯU HUY KIM SƠN,192,0,0,192,0,2026-10-02 09:15:43
4438,51-HCM Tan Binh/Tan Son Hoa Hub,in-house,Full-Time,18202,NGUYỄN ĐÌNH MINH QUÍ,233,0,0,233,0,2026-10-02 09:15:43
4438,51-HCM Tan Binh/Tan Son Hoa Hub,in-house,Full-Time,21518,LÊ MINH HẢI,191,0,0,191,0,2026-10-02 09:15:43
4438,51-HCM Tan Binh/Tan Son Hoa Hub,in-house,Full-Time,21774,TRẦN LƯƠNG TUẤN TÚ,173,0,0,173,0,2026-10-02 09:15:43
4438,51-HCM Tan Binh/Tan Son Hoa Hub,in-house,Full-Time,21942,LÊ NGỌC TUẤN,161,0,0,161,0,2026-10-02 09:15:43
4438,51-HCM Tan Binh/Tan Son Hoa Hub,in-house,Full-Time,25024,NGUYỄN TRUNG HIẾU,162,0,0,162,0,2026-10-02 09:15:43
4438,51-HCM Tan Binh/Tan Son Hoa Hub,in-house,Full-Time,25049,PHẠM HOÀNG NHẬT THÀNH,217,0,0,217,0,2026-10-02 09:15:43
4438,51-HCM Tan Binh/Tan Son Hoa Hub,in-house,Full-Time,26244,TRẦN THỦY HOÀNG,75,0,0,75,0,2026-10-02 09:15:43
4438,51-HCM Tan Binh/Tan Son Hoa Hub,in-house,Full-Time,28709,HUỲNH THANH LONG,172,0,0,172,0,2026-10-02 09:15:43
4438,51-HCM Tan Binh/Tan Son Hoa Hub,in-house,Full-Time,53728,NGUYỄN TRUNG KIÊN,197,0,0,197,0,2026-10-02 09:15:43
4438,51-HCM Tan Binh/Tan Son Hoa Hub,in-house,Full-Time,61851,LÊ ANH TUẤN,87,0,0,87,0,2026-10-02 09:15:43
4438,51-HCM Tan Binh/Tan Son Hoa Hub,in-house,Full-Time,65971,ĐÀM DANH NGHĨA,183,0,0,183,0,2026-10-02 09:15:43
4438,51-HCM Tan Binh/Tan Son Hoa Hub,in-house,Full-Time,100255,NGUYỄN HỮU TOÀN,107,0,0,107,0,2026-10-02 09:15:43
4438,51-HCM Tan Binh/Tan Son Hoa Hub,in-house,Full-Time,117364,NGUYỄN TRỌNG VĨ,174,0,0,174,0,2026-10-02 09:15:43
4438,51-HCM Tan Binh/Tan Son Hoa Hub,in-house,Full-Time,134513,LÂM ANH HUY,190,0,0,190,0,2026-10-02 09:15:43
4438,51-HCM Tan Binh/Tan Son Hoa Hub,in-house,Full-Time,140089,TÒNG NGUYỄN HOÀI THƯƠNG,171,0,0,171,0,2026-10-02 09:15:43
4438,51-HCM Tan Binh/Tan Son Hoa Hub,in-house,Full-Time,141953,TIÊU NGỌC THANH TRÍ,293,0,0,293,0,2026-10-02 09:15:43
4438,51-HCM Tan Binh/Tan Son Hoa Hub,in-house,Full-Time,142278,THÁI CƯỜNG THÀNH,158,0,0,158,0,2026-10-02 09:15:43
4438,51-HCM Tan Binh/Tan Son Hoa Hub,in-house,Full-Time,153994,NGUYỄN MINH TIẾN,132,0,0,132,0,2026-10-02 09:15:43
4438,51-HCM Tan Binh/Tan Son Hoa Hub,in-house,Full-Time,157597,NGUYỄN VĂN LỢI,140,0,0,140,0,2026-10-02 09:15:43
4438,51-HCM Tan Binh/Tan Son Hoa Hub,in-house,Full-Time,158157,HUỲNH NGỌC ĐỨC,155,0,0,155,0,2026-10-02 09:15:43
4438,51-HCM Tan Binh/Tan Son Hoa Hub,in-house,Full-Time,162506,NGUYỄN HỮU LỘC,94,0,0,94,0,2026-10-02 09:15:43
4940,51-HCM Tan Binh/Tan Son Nhat Hub,in-house,Full-Time,34881,HÀ QUỐC HIẾU,186,86,0.4624,100,0,2026-10-02 09:15:43
4940,51-HCM Tan Binh/Tan Son Nhat Hub,in-house,Full-Time,39264,CHÂU QUỐC CƯỜNG,40,18,0.45,22,0,2026-10-02 09:15:43
4940,51-HCM Tan Binh/Tan Son Nhat Hub,in-house,Full-Time,161051,LÊ TUẤN TÀI,136,60,0.4412,76,0,2026-10-02 09:15:43
4940,51-HCM Tan Binh/Tan Son Nhat Hub,in-house,Full-Time,161176,ĐIỀN THANH TÀI,133,27,0.203,100,6,2026-10-02 09:15:43
4940,51-HCM Tan Binh/Tan Son Nhat Hub,in-house,Full-Time,147734,NGUYỄN VĨNH PHONG,185,40,0.2162,145,0,2026-10-02 09:15:43
4940,51-HCM Tan Binh/Tan Son Nhat Hub,in-house,Full-Time,148505,TRẦN PHƯỚC TIẾN,153,31,0.2026,122,0,2026-10-02 09:15:43
4940,51-HCM Tan Binh/Tan Son Nhat Hub,in-house,Full-Time,142997,NGUYỄN TẤN ĐẠT,191,32,0.1675,154,5,2026-10-02 09:15:43
4940,51-HCM Tan Binh/Tan Son Nhat Hub,in-house,Full-Time,113898,VÕ ĐÌNH CHIÊU,168,24,0.1429,140,4,2026-10-02 09:15:43
4940,51-HCM Tan Binh/Tan Son Nhat Hub,in-house,Full-Time,8848,GIANG CẨM HIỀN,195,23,0.1179,169,3,2026-10-02 09:15:43
4940,51-HCM Tan Binh/Tan Son Nhat Hub,in-house,Full-Time,31819,CAO MẠNH HÙNG,187,21,0.1123,164,2,2026-10-02 09:15:43
4940,51-HCM Tan Binh/Tan Son Nhat Hub,in-house,Full-Time,88496,TRẦN NGỌC BẢO,193,23,0.1192,170,0,2026-10-02 09:15:43
4940,51-HCM Tan Binh/Tan Son Nhat Hub,in-house,Full-Time,157982,HUỲNH KIM SUNG,201,18,0.0896,182,1,2026-10-02 09:15:43
4940,51-HCM Tan Binh/Tan Son Nhat Hub,in-house,Full-Time,14799,NGUYỄN QUANG SANG,227,18,0.0793,209,0,2026-10-02 09:15:43
4940,51-HCM Tan Binh/Tan Son Nhat Hub,in-house,Full-Time,33908,LÊ MINH KHÁNH,197,12,0.0609,184,1,2026-10-02 09:15:43
4940,51-HCM Tan Binh/Tan Son Nhat Hub,in-house,Full-Time,46492,NGUYỄN QUỐC ANH,200,0,0,196,4,2026-10-02 09:15:43
4940,51-HCM Tan Binh/Tan Son Nhat Hub,in-house,Full-Time,158948,PHAN NGUYỄN HOÀNG LONG,188,1,0.0053,187,0,2026-10-02 09:15:43
4940,51-HCM Tan Binh/Tan Son Nhat Hub,in-house,Full-Time,260,TẠ THANH NAM,1,0,0,1,0,2026-10-02 09:15:43
4940,51-HCM Tan Binh/Tan Son Nhat Hub,in-house,Full-Time,14896,TRẦN ĐÌNH PHI,182,0,0,182,0,2026-10-02 09:15:43
4940,51-HCM Tan Binh/Tan Son Nhat Hub,in-house,Full-Time,81687,PHẠM ĐỨC TRUNG HIẾU,204,0,0,204,0,2026-10-02 09:15:43
4940,51-HCM Tan Binh/Tan Son Nhat Hub,in-house,Full-Time,95022,NGUYỄN PHƯƠNG TÚ,201,0,0,201,0,2026-10-02 09:15:43
5421,51-HCM Tan Binh/Truong Chinh Hub,in-house,Full-Time,136652,PHẠM HOÀNG MINH,103,28,0.2718,74,1,2026-10-02 09:15:43
5421,51-HCM Tan Binh/Truong Chinh Hub,in-house,Full-Time,77403,DƯƠNG TẤN THUẬN,173,38,0.2197,134,1,2026-10-02 09:15:43
5421,51-HCM Tan Binh/Truong Chinh Hub,in-house,Full-Time,55568,TRẦN DŨNG TÀI,188,35,0.1862,153,0,2026-10-02 09:15:43
5421,51-HCM Tan Binh/Truong Chinh Hub,in-house,Full-Time,51480,PHAN VĂN THỊNH,207,32,0.1546,175,0,2026-10-02 09:15:43
5421,51-HCM Tan Binh/Truong Chinh Hub,in-house,Full-Time,26265,CÁP HỮU CƯỜNG,287,28,0.0976,259,0,2026-10-02 09:15:43
5421,51-HCM Tan Binh/Truong Chinh Hub,in-house,Full-Time,50798,HUỲNH VINH HÙNG,144,13,0.0903,131,0,2026-10-02 09:15:43
5421,51-HCM Tan Binh/Truong Chinh Hub,in-house,Full-Time,94775,ĐỖ THANH QUANG,174,15,0.0862,159,0,2026-10-02 09:15:43
5421,51-HCM Tan Binh/Truong Chinh Hub,in-house,Full-Time,13984,NGUYỄN TUẤN KIỆT,241,17,0.0705,221,3,2026-10-02 09:15:43
5421,51-HCM Tan Binh/Truong Chinh Hub,in-house,Full-Time,86737,VĂN TRỌNG SƯƠNG,213,16,0.0751,196,1,2026-10-02 09:15:43
5421,51-HCM Tan Binh/Truong Chinh Hub,in-house,Full-Time,35955,NGUYỄN NGỌC ĐÌNH THUẬN,304,17,0.0559,286,1,2026-10-02 09:15:43
5421,51-HCM Tan Binh/Truong Chinh Hub,in-house,Full-Time,95100,LÊ ĐÌNH KIÊN NHẨN,163,6,0.0368,156,1,2026-10-02 09:15:43
5421,51-HCM Tan Binh/Truong Chinh Hub,in-house,Full-Time,14847,NGUYỄN THÀNH ĐẠT,308,12,0.039,296,0,2026-10-02 09:15:43
5421,51-HCM Tan Binh/Truong Chinh Hub,in-house,Full-Time,62,TĂNG NGUYỄN DUY ANH,192,4,0.0208,187,1,2026-10-02 09:15:43
5421,51-HCM Tan Binh/Truong Chinh Hub,in-house,Full-Time,43309,PHẠM VĂN CƯƠNG,130,1,0.0077,129,0,2026-10-02 09:15:43
5421,51-HCM Tan Binh/Truong Chinh Hub,in-house,Full-Time,888,NGUYỄN KHẮC HÒA,303,2,0.0066,301,0,2026-10-02 09:15:43
5421,51-HCM Tan Binh/Truong Chinh Hub,in-house,Full-Time,3406,TRẦN VĂN DŨNG,180,0,0,179,1,2026-10-02 09:15:43
5421,51-HCM Tan Binh/Truong Chinh Hub,in-house,Full-Time,13060,LƯU GIA BẢO,203,0,0,202,1,2026-10-02 09:15:43
5421,51-HCM Tan Binh/Truong Chinh Hub,in-house,Full-Time,2093,NGUYỄN CHÂN,139,0,0,139,0,2026-10-02 09:15:43
5421,51-HCM Tan Binh/Truong Chinh Hub,in-house,Full-Time,13759,NGUYỄN DƯƠNG PHƯƠNG NAM,157,0,0,157,0,2026-10-02 09:15:43
5421,51-HCM Tan Binh/Truong Chinh Hub,in-house,Full-Time,52070,NGUYỄN VÕ KHẮC NHẬT,165,0,0,165,0,2026-10-02 09:15:43
5421,51-HCM Tan Binh/Truong Chinh Hub,in-house,Full-Time,53964,NGUYỄN HỒ TUẤN DĨ,119,0,0,119,0,2026-10-02 09:15:43
5421,51-HCM Tan Binh/Truong Chinh Hub,in-house,Full-Time,108150,LƯU VĨNH CƯỜNG,182,0,0,182,0,2026-10-02 09:15:43
5421,51-HCM Tan Binh/Truong Chinh Hub,in-house,Full-Time,127168,LÊ CÔNG TẤN TÀI,209,0,0,209,0,2026-10-02 09:15:43
2883,51-HCM Tan Phu/Kenh Tan Hoa Hub,in-house,Full-Time,8571,LÊ ANH,175,69,0.3943,96,10,2026-10-02 09:15:44
2883,51-HCM Tan Phu/Kenh Tan Hoa Hub,in-house,Full-Time,70819,ĐINH QUANG TRÍ,147,64,0.4354,83,0,2026-10-02 09:15:44
2883,51-HCM Tan Phu/Kenh Tan Hoa Hub,in-house,Full-Time,132935,LƯƠNG HOÀNG THẾ QUÂN,180,70,0.3889,108,2,2026-10-02 09:15:44
2883,51-HCM Tan Phu/Kenh Tan Hoa Hub,in-house,Full-Time,43730,LƯƠNG CẨM TRUNG,233,66,0.2833,166,1,2026-10-02 09:15:44
2883,51-HCM Tan Phu/Kenh Tan Hoa Hub,in-house,Full-Time,50069,TẠ QUANG DUY,157,34,0.2166,122,1,2026-10-02 09:15:44
2883,51-HCM Tan Phu/Kenh Tan Hoa Hub,in-house,Full-Time,24663,LÊ VĂN TRIỀU,181,23,0.1271,158,0,2026-10-02 09:15:44
2883,51-HCM Tan Phu/Kenh Tan Hoa Hub,in-house,Full-Time,11022,NGUYỄN TRƯỜNG GIANG,162,19,0.1173,143,0,2026-10-02 09:15:44
2883,51-HCM Tan Phu/Kenh Tan Hoa Hub,in-house,Full-Time,65960,PHẠM QUANG TRƯỜNG,181,19,0.105,162,0,2026-10-02 09:15:44
2883,51-HCM Tan Phu/Kenh Tan Hoa Hub,in-house,Full-Time,152440,TRẦN MINH TÚ,88,9,0.1023,79,0,2026-10-02 09:15:44
2883,51-HCM Tan Phu/Kenh Tan Hoa Hub,in-house,Full-Time,7182,NGUYỄN VĂN VŨ,130,11,0.0846,119,0,2026-10-02 09:15:44
2883,51-HCM Tan Phu/Kenh Tan Hoa Hub,in-house,Full-Time,62723,PHẠM HOÀNG VIỆT,230,16,0.0696,213,1,2026-10-02 09:15:44
2883,51-HCM Tan Phu/Kenh Tan Hoa Hub,in-house,Full-Time,155441,TÔ VĂN KHOA,204,11,0.0539,193,0,2026-10-02 09:15:44
2883,51-HCM Tan Phu/Kenh Tan Hoa Hub,in-house,Full-Time,16080,CAO NHẤT ĐỊNH,150,5,0.0333,144,1,2026-10-02 09:15:44
2883,51-HCM Tan Phu/Kenh Tan Hoa Hub,in-house,Full-Time,89579,TRẦN VĂN HẢI,180,6,0.0333,173,1,2026-10-02 09:15:44
2883,51-HCM Tan Phu/Kenh Tan Hoa Hub,in-house,Full-Time,58504,TRẦN TRÍ HÙNG,133,4,0.0301,128,1,2026-10-02 09:15:44
2883,51-HCM Tan Phu/Kenh Tan Hoa Hub,in-house,Full-Time,91636,ĐẶNG HOÀNG TRÍ,157,2,0.0127,155,0,2026-10-02 09:15:44
2883,51-HCM Tan Phu/Kenh Tan Hoa Hub,in-house,Full-Time,52360,PHAN ĐỨC LẬP,152,0,0,151,1,2026-10-02 09:15:44
2883,51-HCM Tan Phu/Kenh Tan Hoa Hub,in-house,Full-Time,24579,ĐẶNG BÁ THẮNG,186,0,0,185,1,2026-10-02 09:15:44
2883,51-HCM Tan Phu/Kenh Tan Hoa Hub,in-house,Full-Time,53567,NGUYỄN VĂN THIỆN,190,0,0,189,1,2026-10-02 09:15:44
2883,51-HCM Tan Phu/Kenh Tan Hoa Hub,in-house,Full-Time,30016,TRẦN MINH HÙNG,143,0,0,143,0,2026-10-02 09:15:44
2883,51-HCM Tan Phu/Kenh Tan Hoa Hub,in-house,Full-Time,51722,HÀ MINH PHÚ,134,0,0,134,0,2026-10-02 09:15:44
2883,51-HCM Tan Phu/Kenh Tan Hoa Hub,in-house,Full-Time,53261,PHÙNG PHAN KHỞI HUY,160,0,0,160,0,2026-10-02 09:15:44
2883,51-HCM Tan Phu/Kenh Tan Hoa Hub,in-house,Full-Time,108414,TĂNG QUÍ HÒA,181,0,0,181,0,2026-10-02 09:15:44
2883,51-HCM Tan Phu/Kenh Tan Hoa Hub,in-house,Full-Time,129181,TRỊNH VĂN SÁNG,126,0,0,126,0,2026-10-02 09:15:44
2883,51-HCM Tan Phu/Kenh Tan Hoa Hub,in-house,Full-Time,145565,LÝ HÒA THĂNG,54,0,0,54,0,2026-10-02 09:15:44
2883,51-HCM Tan Phu/Kenh Tan Hoa Hub,in-house,Full-Time,159056,SÚ HUỆ LONG,119,0,0,119,0,2026-10-02 09:15:44
2064,51-HCM Tan Phu/Le Trong Tan Hub,in-house,Full-Time,2403,THI TẤN BÌNH,133,10,0.0752,123,0,2026-10-02 09:15:44
2064,51-HCM Tan Phu/Le Trong Tan Hub,in-house,Full-Time,67495,NGUYỄN VĂN HUY,111,0,0,105,6,2026-10-02 09:15:44
2064,51-HCM Tan Phu/Le Trong Tan Hub,in-house,Full-Time,74709,NGUYỄN MẠNH CƯỜNG,126,0,0,120,6,2026-10-02 09:15:44
2064,51-HCM Tan Phu/Le Trong Tan Hub,in-house,Full-Time,4118,ĐỖ GIANG SƠN,117,5,0.0427,112,0,2026-10-02 09:15:44
2064,51-HCM Tan Phu/Le Trong Tan Hub,in-house,Full-Time,161052,PHAN MINH TIẾN,140,1,0.0071,139,0,2026-10-02 09:15:44
2064,51-HCM Tan Phu/Le Trong Tan Hub,in-house,Full-Time,147219,LÂM TRÍ HY,156,0,0,155,1,2026-10-02 09:15:44
2064,51-HCM Tan Phu/Le Trong Tan Hub,in-house,Full-Time,118782,LÊ QUANG TÂM,172,1,0.0058,171,0,2026-10-02 09:15:44
2064,51-HCM Tan Phu/Le Trong Tan Hub,in-house,Full-Time,51959,NGUYỄN HOÀNG TUẤN,179,0,0,178,1,2026-10-02 09:15:44
2064,51-HCM Tan Phu/Le Trong Tan Hub,in-house,Full-Time,95887,NGUYỄN NĂNG HÙNG,179,0,0,178,1,2026-10-02 09:15:44
2064,51-HCM Tan Phu/Le Trong Tan Hub,in-house,Full-Time,48013,NGUYỄN HỒ MINH TÀI,191,0,0,190,1,2026-10-02 09:15:44
2064,51-HCM Tan Phu/Le Trong Tan Hub,in-house,Full-Time,8851,HÀ TỀ TRANG,137,0,0,137,0,2026-10-02 09:15:44
2064,51-HCM Tan Phu/Le Trong Tan Hub,in-house,Full-Time,21912,HÒA QUANG ĐẠI DƯƠNG,161,0,0,161,0,2026-10-02 09:15:44
2064,51-HCM Tan Phu/Le Trong Tan Hub,in-house,Full-Time,30867,TRẦN HƯNG CƯỜNG,187,0,0,187,0,2026-10-02 09:15:44
2064,51-HCM Tan Phu/Le Trong Tan Hub,in-house,Full-Time,31122,LƯU KIM LOAN,200,0,0,200,0,2026-10-02 09:15:44
2064,51-HCM Tan Phu/Le Trong Tan Hub,in-house,Full-Time,32197,NGUYỄN TẤN HOÀNG,171,0,0,171,0,2026-10-02 09:15:44
2064,51-HCM Tan Phu/Le Trong Tan Hub,in-house,Full-Time,32374,LÊ PHƯỚC THÀNH,158,0,0,158,0,2026-10-02 09:15:44
2064,51-HCM Tan Phu/Le Trong Tan Hub,in-house,Full-Time,48012,HỒ CÔNG CHIẾN,194,0,0,194,0,2026-10-02 09:15:44
2064,51-HCM Tan Phu/Le Trong Tan Hub,in-house,Full-Time,57994,LÊ ĐÌNH TRƯỜNG SƠN,135,0,0,135,0,2026-10-02 09:15:44
2064,51-HCM Tan Phu/Le Trong Tan Hub,in-house,Full-Time,58355,LƯU HOÀI KHA,136,0,0,136,0,2026-10-02 09:15:44
2064,51-HCM Tan Phu/Le Trong Tan Hub,in-house,Full-Time,84123,NGÔ MINH TUẤN,97,0,0,97,0,2026-10-02 09:15:44
2064,51-HCM Tan Phu/Le Trong Tan Hub,in-house,Full-Time,89582,NGUYỄN VIẾT TRUNG,123,0,0,123,0,2026-10-02 09:15:44
2064,51-HCM Tan Phu/Le Trong Tan Hub,in-house,Full-Time,92929,LÊ THỪA QUỐC,123,0,0,123,0,2026-10-02 09:15:44
2064,51-HCM Tan Phu/Le Trong Tan Hub,in-house,Full-Time,98130,NGUYỄN THỊ TỐ TRINH,138,0,0,138,0,2026-10-02 09:15:44
2064,51-HCM Tan Phu/Le Trong Tan Hub,in-house,Full-Time,105414,ĐOÀN THIỆN PHÚC,182,0,0,182,0,2026-10-02 09:15:44
2064,51-HCM Tan Phu/Le Trong Tan Hub,in-house,Full-Time,107683,ĐOÀN VŨ ĐĂNG KHOA,153,0,0,153,0,2026-10-02 09:15:44
2064,51-HCM Tan Phu/Le Trong Tan Hub,in-house,Full-Time,116869,LƯU VIẾT HẢO,136,0,0,136,0,2026-10-02 09:15:44
2064,51-HCM Tan Phu/Le Trong Tan Hub,in-house,Full-Time,125893,LƯ LẬP ĐẠT,134,0,0,134,0,2026-10-02 09:15:44
2064,51-HCM Tan Phu/Le Trong Tan Hub,in-house,Full-Time,136975,NGUYỄN MINH LUÂN,129,0,0,129,0,2026-10-02 09:15:44
2064,51-HCM Tan Phu/Le Trong Tan Hub,in-house,Full-Time,10112,DIỆP CẨM PHƯƠNG,0,0,0,0,0,2026-10-02 09:15:44
2289,51-HCM Tan Phu/Phan Anh Hub,in-house,Full-Time,26291,PHAN THANH TUẤN,200,61,0.305,137,2,2026-10-02 09:15:44
2289,51-HCM Tan Phu/Phan Anh Hub,in-house,Full-Time,17561,PHẠM THANH TUẤN,179,52,0.2905,127,0,2026-10-02 09:15:44
2289,51-HCM Tan Phu/Phan Anh Hub,in-house,Full-Time,67430,TRẦN MINH TÚ,140,22,0.1571,118,0,2026-10-02 09:15:44
2289,51-HCM Tan Phu/Phan Anh Hub,in-house,Full-Time,93853,TRẦN VĨNH HUY,151,16,0.106,134,1,2026-10-02 09:15:44
2289,51-HCM Tan Phu/Phan Anh Hub,in-house,Full-Time,139283,PHẠM VĂN TÀI,133,5,0.0376,127,1,2026-10-02 09:15:44
2289,51-HCM Tan Phu/Phan Anh Hub,in-house,Full-Time,67423,ĐÔNG MINH PHÁT,126,2,0.0159,124,0,2026-10-02 09:15:44
2289,51-HCM Tan Phu/Phan Anh Hub,in-house,Full-Time,6424,NGUYỄN HỮU KIM PHÚC,143,0,0,143,0,2026-10-02 09:15:44
2289,51-HCM Tan Phu/Phan Anh Hub,in-house,Full-Time,11711,TRẦN MINH HOÀNG,152,0,0,152,0,2026-10-02 09:15:44
2289,51-HCM Tan Phu/Phan Anh Hub,in-house,Full-Time,17442,VÒNG TẤN KIÊN,117,0,0,117,0,2026-10-02 09:15:44
2289,51-HCM Tan Phu/Phan Anh Hub,in-house,Full-Time,25026,DƯƠNG TUẤN PHÚC,166,0,0,166,0,2026-10-02 09:15:44
2289,51-HCM Tan Phu/Phan Anh Hub,in-house,Full-Time,30020,VÕ ĐỨC PHÚ,106,0,0,106,0,2026-10-02 09:15:44
2289,51-HCM Tan Phu/Phan Anh Hub,in-house,Full-Time,95015,NGUYỄN MẠC TIẾN THÀNH,155,0,0,155,0,2026-10-02 09:15:44
2289,51-HCM Tan Phu/Phan Anh Hub,in-house,Full-Time,129182,NGUYỄN HUỆ,139,0,0,139,0,2026-10-02 09:15:44
2289,51-HCM Tan Phu/Phan Anh Hub,in-house,Full-Time,147962,TRƯƠNG NGỌC GIA HUY,118,0,0,118,0,2026-10-02 09:15:44
2292,51-HCM Tan Phu/Phu Tho Hoa Hub,in-house,Full-Time,102192,HỒ THỊ THANH THẢO,174,29,0.1667,144,1,2026-10-02 09:15:44
2292,51-HCM Tan Phu/Phu Tho Hoa Hub,Kiến Vàng,Full-Time,34687,VƯƠNG HIỀN THÔNG,197,33,0.1675,164,0,2026-10-02 09:15:44
2292,51-HCM Tan Phu/Phu Tho Hoa Hub,in-house,Full-Time,52351,ĐOÀN ĐỨC THIỆN,207,30,0.1449,175,2,2026-10-02 09:15:44
2292,51-HCM Tan Phu/Phu Tho Hoa Hub,in-house,Full-Time,22233,HUỲNH NGỌC TÀI,107,12,0.1121,93,2,2026-10-02 09:15:44
2292,51-HCM Tan Phu/Phu Tho Hoa Hub,in-house,Full-Time,16103,NGUYỄN THẾ QUI,147,19,0.1293,128,0,2026-10-02 09:15:44
2292,51-HCM Tan Phu/Phu Tho Hoa Hub,in-house,Full-Time,142816,CAO NGUYÊN ĐẠT,157,19,0.121,138,0,2026-10-02 09:15:44
2292,51-HCM Tan Phu/Phu Tho Hoa Hub,in-house,Full-Time,87493,LONG CHÍ DŨNG,177,17,0.096,160,0,2026-10-02 09:15:44
2292,51-HCM Tan Phu/Phu Tho Hoa Hub,in-house,Full-Time,157669,XÚ CHỨC CƯỜNG,174,8,0.046,158,8,2026-10-02 09:15:44
2292,51-HCM Tan Phu/Phu Tho Hoa Hub,in-house,Full-Time,9576,TRẦN THẾ VINH,162,12,0.0741,150,0,2026-10-02 09:15:44
2292,51-HCM Tan Phu/Phu Tho Hoa Hub,in-house,Full-Time,127774,TẠ TRƯỜNG LẠC,170,9,0.0529,161,0,2026-10-02 09:15:44
2292,51-HCM Tan Phu/Phu Tho Hoa Hub,in-house,Full-Time,10111,LÊ NHẤT VIỄN,151,7,0.0464,144,0,2026-10-02 09:15:44
2292,51-HCM Tan Phu/Phu Tho Hoa Hub,in-house,Full-Time,97842,LÊ TÀI QUỐC ANH,211,7,0.0332,204,0,2026-10-02 09:15:44
2292,51-HCM Tan Phu/Phu Tho Hoa Hub,in-house,Full-Time,15990,NGUYỄN MẠNH KHANG,175,4,0.0229,171,0,2026-10-02 09:15:44
2292,51-HCM Tan Phu/Phu Tho Hoa Hub,in-house,Full-Time,8753,ĐINH MINH PHƯƠNG,176,4,0.0227,172,0,2026-10-02 09:15:44
2292,51-HCM Tan Phu/Phu Tho Hoa Hub,in-house,Full-Time,36626,TRẦN NGỌC TÂM,215,0,0,213,2,2026-10-02 09:15:44
2292,51-HCM Tan Phu/Phu Tho Hoa Hub,in-house,Full-Time,46107,TRẦN VĂN ĐOÀN,127,0,0,126,1,2026-10-02 09:15:44
2292,51-HCM Tan Phu/Phu Tho Hoa Hub,in-house,Full-Time,111317,LÂM KIẾN HUY,130,1,0.0077,129,0,2026-10-02 09:15:44
2292,51-HCM Tan Phu/Phu Tho Hoa Hub,in-house,Full-Time,3168,TRẦN ANH HOÀNG TUẤN,142,1,0.0071,140,0,2026-10-02 09:15:44
2292,51-HCM Tan Phu/Phu Tho Hoa Hub,in-house,Full-Time,57998,NGUYỄN TUẤN THANH,150,0,0,149,1,2026-10-02 09:15:44
2292,51-HCM Tan Phu/Phu Tho Hoa Hub,in-house,Full-Time,109097,NGÔ HOÀNG ĐĂNG KHOA,162,0,0,161,1,2026-10-02 09:15:44
2292,51-HCM Tan Phu/Phu Tho Hoa Hub,in-house,Full-Time,80916,GIÊNG PHÁT TƯỜNG,193,0,0,192,1,2026-10-02 09:15:44
2292,51-HCM Tan Phu/Phu Tho Hoa Hub,in-house,Full-Time,1842,KHƯU HOÀNG TÂM,142,0,0,142,0,2026-10-02 09:15:44
2292,51-HCM Tan Phu/Phu Tho Hoa Hub,in-house,Full-Time,12152,THẠCH HUỲNH,135,0,0,134,0,2026-10-02 09:15:44
2292,51-HCM Tan Phu/Phu Tho Hoa Hub,in-house,Full-Time,19744,MÃ NGỌC TIẾN,193,0,0,193,0,2026-10-02 09:15:44
2292,51-HCM Tan Phu/Phu Tho Hoa Hub,in-house,Full-Time,45408,HUỲNH THỊ NGỌC YẾN,147,0,0,147,0,2026-10-02 09:15:44
2292,51-HCM Tan Phu/Phu Tho Hoa Hub,in-house,Full-Time,57458,NGUYỄN GIA THỊNH,138,0,0,138,0,2026-10-02 09:15:44
2292,51-HCM Tan Phu/Phu Tho Hoa Hub,in-house,Full-Time,66800,HUỲNH TRỌNG TÍNH,107,0,0,107,0,2026-10-02 09:15:44
2292,51-HCM Tan Phu/Phu Tho Hoa Hub,in-house,Full-Time,71233,PHAN THANH LONG,198,0,0,198,0,2026-10-02 09:15:44
2292,51-HCM Tan Phu/Phu Tho Hoa Hub,in-house,Full-Time,75205,NGUYỄN HOÀI THANH,142,0,0,142,0,2026-10-02 09:15:44
2292,51-HCM Tan Phu/Phu Tho Hoa Hub,in-house,Full-Time,75509,NGUYỄN HOÀI NAM,129,0,0,129,0,2026-10-02 09:15:44
2292,51-HCM Tan Phu/Phu Tho Hoa Hub,in-house,Full-Time,85485,NGUYỄN THÀNH HƯNG,186,0,0,186,0,2026-10-02 09:15:44
2292,51-HCM Tan Phu/Phu Tho Hoa Hub,in-house,Full-Time,105110,TĂNG QUỐC HUY,213,0,0,213,0,2026-10-02 09:15:44
2292,51-HCM Tan Phu/Phu Tho Hoa Hub,in-house,Full-Time,119865,TRẦN HUY HÙNG,139,0,0,139,0,2026-10-02 09:15:44
2292,51-HCM Tan Phu/Phu Tho Hoa Hub,in-house,Full-Time,121742,NGUYỄN NHỰT AN,125,0,0,125,0,2026-10-02 09:15:44
2292,51-HCM Tan Phu/Phu Tho Hoa Hub,in-house,Full-Time,125563,VĂN TẤN PHƯỚC,184,0,0,184,0,2026-10-02 09:15:44
2292,51-HCM Tan Phu/Phu Tho Hoa Hub,in-house,Full-Time,132615,HÀ VĂN TOÀN,131,0,0,131,0,2026-10-02 09:15:44
2292,51-HCM Tan Phu/Phu Tho Hoa Hub,in-house,Full-Time,139029,LƯU QUỐC THÀNH,112,0,0,112,0,2026-10-02 09:15:44
2292,51-HCM Tan Phu/Phu Tho Hoa Hub,in-house,Full-Time,139771,NGUYỄN LƯU GIA BẢO,136,0,0,136,0,2026-10-02 09:15:44
2292,51-HCM Tan Phu/Phu Tho Hoa Hub,in-house,Full-Time,140764,NGUYỄN HOÀNG NHỰT,133,0,0,133,0,2026-10-02 09:15:44
2292,51-HCM Tan Phu/Phu Tho Hoa Hub,in-house,Full-Time,146029,PHAN VIỆT HOÀNG,143,0,0,143,0,2026-10-02 09:15:44
2292,51-HCM Tan Phu/Phu Tho Hoa Hub,in-house,Full-Time,153243,PHẠM QUANG TRÍ,147,0,0,147,0,2026-10-02 09:15:44
2452,51-HCM Tan Phu/Son Ky Hub,in-house,Full-Time,27666,NGUYỄN HOÀNG CHIẾN,183,33,0.1803,150,0,2026-10-02 09:15:44
2452,51-HCM Tan Phu/Son Ky Hub,in-house,Full-Time,10119,LÊ THANH TÙNG,170,24,0.1412,146,0,2026-10-02 09:15:44
2452,51-HCM Tan Phu/Son Ky Hub,in-house,Full-Time,11362,BÙI TIẾN PHÁT,189,23,0.1217,166,0,2026-10-02 09:15:44
2452,51-HCM Tan Phu/Son Ky Hub,in-house,Full-Time,107359,NGUYỄN VĂN THI,122,13,0.1066,109,0,2026-10-02 09:15:44
2452,51-HCM Tan Phu/Son Ky Hub,in-house,Full-Time,115637,HUỲNH THANH VINH,153,15,0.098,137,1,2026-10-02 09:15:44
2452,51-HCM Tan Phu/Son Ky Hub,in-house,Full-Time,1504,NGUYỄN HỮU QUAN,190,12,0.0632,177,1,2026-10-02 09:15:44
2452,51-HCM Tan Phu/Son Ky Hub,in-house,Full-Time,158541,NGUYỄN HOÀNG MINH,89,2,0.0225,83,4,2026-10-02 09:15:44
2452,51-HCM Tan Phu/Son Ky Hub,in-house,Full-Time,118116,NGUYỄN PHƯƠNG DŨNG,274,12,0.0438,262,0,2026-10-02 09:15:44
2452,51-HCM Tan Phu/Son Ky Hub,in-house,Full-Time,10921,TRƯƠNG ĐẶNG HUY HOÀNG,214,0,0,209,5,2026-10-02 09:15:44
2452,51-HCM Tan Phu/Son Ky Hub,in-house,Full-Time,130284,TRẦN MINH DƯƠNG,133,0,0,131,2,2026-10-02 09:15:44
2452,51-HCM Tan Phu/Son Ky Hub,in-house,Full-Time,70193,NGUYỄN THÀNH TRUNG,180,2,0.0111,178,0,2026-10-02 09:15:44
2452,51-HCM Tan Phu/Son Ky Hub,in-house,Full-Time,70541,TRẦN ĐỨC NGUYÊN,190,1,0.0053,188,1,2026-10-02 09:15:44
2452,51-HCM Tan Phu/Son Ky Hub,in-house,Full-Time,108899,TRẦN PHƯỚC ĐẠT,109,1,0.0092,108,0,2026-10-02 09:15:44
2452,51-HCM Tan Phu/Son Ky Hub,in-house,Full-Time,32713,LÊ THÀNH PHÁT,289,0,0,288,1,2026-10-02 09:15:44
2452,51-HCM Tan Phu/Son Ky Hub,in-house,Full-Time,46842,ĐẶNG HOÀNG QUÂN,245,0,0,245,0,2026-10-02 09:15:44
2452,51-HCM Tan Phu/Son Ky Hub,in-house,Full-Time,51723,NGUYỄN THÀNH TRUNG,150,0,0,150,0,2026-10-02 09:15:44
2452,51-HCM Tan Phu/Son Ky Hub,in-house,Full-Time,100313,TRẦN NHẬT THANH TÚ,196,0,0,196,0,2026-10-02 09:15:44
2452,51-HCM Tan Phu/Son Ky Hub,in-house,Full-Time,123392,THÁI ĐỖ ANH VŨ,163,0,0,163,0,2026-10-02 09:15:44
2452,51-HCM Tan Phu/Son Ky Hub,in-house,Full-Time,148654,NGUYỄN BÁ QUANG,110,0,0,110,0,2026-10-02 09:15:44
2420,51-HCM Tan Phu/Tan Son Nhi Hub,in-house,Full-Time,7162,PHÙNG VĂN THẮNG,154,7,0.0455,147,0,2026-10-02 09:15:44
2420,51-HCM Tan Phu/Tan Son Nhi Hub,in-house,Full-Time,141593,NGUYỄN VĂN PHỤNG,122,3,0.0246,118,1,2026-10-02 09:15:44
2420,51-HCM Tan Phu/Tan Son Nhi Hub,in-house,Full-Time,14766,TRƯƠNG VĂN LÀNH,159,0,0,157,2,2026-10-02 09:15:44
2420,51-HCM Tan Phu/Tan Son Nhi Hub,in-house,Full-Time,80299,NGUYỄN THANH NHÃ,125,1,0.008,124,0,2026-10-02 09:15:44
2420,51-HCM Tan Phu/Tan Son Nhi Hub,in-house,Full-Time,33194,VŨ HOÀNG HẢI,150,0,0,149,1,2026-10-02 09:15:44
2420,51-HCM Tan Phu/Tan Son Nhi Hub,in-house,Full-Time,41922,NGUYỄN HOÀNG CHIÊU,154,0,0,153,1,2026-10-02 09:15:44
2420,51-HCM Tan Phu/Tan Son Nhi Hub,in-house,Full-Time,116871,TRẦM VĂN ÚT CƯNG,171,1,0.0058,170,0,2026-10-02 09:15:44
2420,51-HCM Tan Phu/Tan Son Nhi Hub,in-house,Full-Time,40338,VÕ ANH TUẤN,243,0,0,243,0,2026-10-02 09:15:44
2420,51-HCM Tan Phu/Tan Son Nhi Hub,in-house,Full-Time,48264,NGUYỄN BÙI TUẤN ANH,184,0,0,184,0,2026-10-02 09:15:44
2420,51-HCM Tan Phu/Tan Son Nhi Hub,in-house,Full-Time,59507,NGUYỄN QUỐC DŨNG,125,0,0,125,0,2026-10-02 09:15:44
2420,51-HCM Tan Phu/Tan Son Nhi Hub,in-house,Full-Time,89160,NGUYỄN BÁ XUÂN THÀNH,210,0,0,210,0,2026-10-02 09:15:44
2420,51-HCM Tan Phu/Tan Son Nhi Hub,in-house,Full-Time,93849,TÔ VĂN BÌNH,195,0,0,195,0,2026-10-02 09:15:44
2420,51-HCM Tan Phu/Tan Son Nhi Hub,in-house,Full-Time,111831,ĐẶNG NGỌC HẢI,172,0,0,172,0,2026-10-02 09:15:44
2420,51-HCM Tan Phu/Tan Son Nhi Hub,in-house,Full-Time,117620,NGUYỄN VĂN VIẾT,174,0,0,174,0,2026-10-02 09:15:44
2420,51-HCM Tan Phu/Tan Son Nhi Hub,in-house,Full-Time,139772,PHẠM VINH,119,0,0,119,0,2026-10-02 09:15:44
2420,51-HCM Tan Phu/Tan Son Nhi Hub,in-house,Full-Time,141590,NGUYỄN TRƯỜNG VŨ,180,0,0,180,0,2026-10-02 09:15:44
2422,51-HCM Tan Phu/Tan Thanh Hub,in-house,Full-Time,47243,LÊ VĂN ĐẠI,123,71,0.5772,52,0,2026-10-02 09:15:44
2422,51-HCM Tan Phu/Tan Thanh Hub,in-house,Full-Time,15868,NGUYỄN THÀNH NHÂN,93,36,0.3871,54,3,2026-10-02 09:15:44
2422,51-HCM Tan Phu/Tan Thanh Hub,in-house,Full-Time,40397,HUỲNH DÕNG QUYỀN,157,55,0.3503,100,2,2026-10-02 09:15:44
2422,51-HCM Tan Phu/Tan Thanh Hub,in-house,Full-Time,70759,NGUYỄN VĂN KHÁNH,172,55,0.3198,117,0,2026-10-02 09:15:44
2422,51-HCM Tan Phu/Tan Thanh Hub,in-house,Full-Time,125896,ĐÀO LÊ NHẬT HÀO,189,57,0.3016,129,3,2026-10-02 09:15:44
2422,51-HCM Tan Phu/Tan Thanh Hub,in-house,Full-Time,159051,HOÀNG HUỲNH THÀNH ĐẠT,114,27,0.2368,86,1,2026-10-02 09:15:44
2422,51-HCM Tan Phu/Tan Thanh Hub,in-house,Full-Time,3349,NGUYỄN TOÀN THẮNG,138,29,0.2101,109,0,2026-10-02 09:15:44
2422,51-HCM Tan Phu/Tan Thanh Hub,in-house,Full-Time,130679,NGUYỄN ĐỨC MINH,156,27,0.1731,127,2,2026-10-02 09:15:44
2422,51-HCM Tan Phu/Tan Thanh Hub,in-house,Full-Time,46830,LÊ HOÀNG GIANG,153,22,0.1438,129,2,2026-10-02 09:15:44
2422,51-HCM Tan Phu/Tan Thanh Hub,in-house,Full-Time,19915,NGUYỄN THANH TRƯỜNG,129,8,0.062,120,1,2026-10-02 09:15:44
2422,51-HCM Tan Phu/Tan Thanh Hub,in-house,Full-Time,135833,NGHIÊM TUẤN KHÔI,105,5,0.0476,100,0,2026-10-02 09:15:44
2422,51-HCM Tan Phu/Tan Thanh Hub,in-house,Full-Time,67015,VÕ MINH TÂM,161,7,0.0435,154,0,2026-10-02 09:15:44
2422,51-HCM Tan Phu/Tan Thanh Hub,in-house,Full-Time,137665,TRẦN LÝ HỒNG PHÚC,156,1,0.0064,152,3,2026-10-02 09:15:44
2422,51-HCM Tan Phu/Tan Thanh Hub,in-house,Full-Time,48786,PHAN MINH HOÀNG,149,0,0,147,2,2026-10-02 09:15:44
2422,51-HCM Tan Phu/Tan Thanh Hub,in-house,Full-Time,67004,VŨ PHÚ LONG,144,0,0,143,1,2026-10-02 09:15:44
2422,51-HCM Tan Phu/Tan Thanh Hub,in-house,Full-Time,45064,NGUYỄN ĐĂNG KHOA,159,0,0,158,1,2026-10-02 09:15:44
2422,51-HCM Tan Phu/Tan Thanh Hub,in-house,Full-Time,4056,MAI THANH TRỌNG,163,1,0.0061,162,0,2026-10-02 09:15:44
2422,51-HCM Tan Phu/Tan Thanh Hub,in-house,Full-Time,57769,TRẦN MỸ LINH,183,0,0,182,1,2026-10-02 09:15:44
2422,51-HCM Tan Phu/Tan Thanh Hub,in-house,Full-Time,45089,TRẦN HOÀNG MINH,227,0,0,226,1,2026-10-02 09:15:44
2422,51-HCM Tan Phu/Tan Thanh Hub,in-house,Full-Time,53081,NGUYỄN VĂN HẬU,14,0,0,14,0,2026-10-02 09:15:44
2422,51-HCM Tan Phu/Tan Thanh Hub,in-house,Full-Time,70690,BÙI XUÂN VĂN,130,0,0,130,0,2026-10-02 09:15:44
2422,51-HCM Tan Phu/Tan Thanh Hub,in-house,Full-Time,79025,PHẠM DẦN,171,0,0,171,0,2026-10-02 09:15:44
2422,51-HCM Tan Phu/Tan Thanh Hub,in-house,Full-Time,91632,HOÀNG QUỐC DŨNG,179,0,0,179,0,2026-10-02 09:15:44
2422,51-HCM Tan Phu/Tan Thanh Hub,in-house,Full-Time,100108,ĐÀO ANH TUẤN,169,0,0,169,0,2026-10-02 09:15:44
2422,51-HCM Tan Phu/Tan Thanh Hub,in-house,Full-Time,110618,TRẦN PHÁT ĐẠT,160,0,0,160,0,2026-10-02 09:15:44
2422,51-HCM Tan Phu/Tan Thanh Hub,in-house,Full-Time,112204,NGUYỄN HOÀNG BẢO,174,0,0,174,0,2026-10-02 09:15:44
2422,51-HCM Tan Phu/Tan Thanh Hub,in-house,Full-Time,143030,NGUYỄN KIM BẢO,124,0,0,124,0,2026-10-02 09:15:44
2237,51-HCM Tan Phu/Tan Thoi Hoa Hub,in-house,Full-Time,70295,HUỲNH VĨ CƯỜNG,229,80,0.3493,149,0,2026-10-02 09:15:44
2237,51-HCM Tan Phu/Tan Thoi Hoa Hub,in-house,Full-Time,52208,NGUYỄN VĂN TÚ,192,29,0.151,161,2,2026-10-02 09:15:44
2237,51-HCM Tan Phu/Tan Thoi Hoa Hub,in-house,Full-Time,155807,TRƯƠNG VIẾT TUẤN,139,19,0.1367,119,1,2026-10-02 09:15:44
2237,51-HCM Tan Phu/Tan Thoi Hoa Hub,in-house,Full-Time,67892,TSÚ SAY HÙNG,165,21,0.1273,144,0,2026-10-02 09:15:44
2237,51-HCM Tan Phu/Tan Thoi Hoa Hub,in-house,Full-Time,14904,NGUYỄN ĐỨC THẮNG,201,18,0.0896,181,2,2026-10-02 09:15:44
2237,51-HCM Tan Phu/Tan Thoi Hoa Hub,in-house,Full-Time,125560,SỲ QUANG NAM,174,10,0.0575,161,3,2026-10-02 09:15:44
2237,51-HCM Tan Phu/Tan Thoi Hoa Hub,in-house,Full-Time,108902,GIANG BỈNH PHÚ,209,11,0.0526,195,3,2026-10-02 09:15:44
2237,51-HCM Tan Phu/Tan Thoi Hoa Hub,in-house,Full-Time,44848,NGUYỄN THÀNH NHÂN,185,8,0.0432,177,0,2026-10-02 09:15:44
2237,51-HCM Tan Phu/Tan Thoi Hoa Hub,in-house,Full-Time,10920,PHẠM NGỌC THIỆN,229,9,0.0393,220,0,2026-10-02 09:15:44
2237,51-HCM Tan Phu/Tan Thoi Hoa Hub,in-house,Full-Time,127398,DIỆC QUYỀN PHÚ,138,0,0,138,0,2026-10-02 09:15:44
1866,51-HCM Thu Duc/Binh Chieu Hub,in-house,Full-Time,95009,MAI THANH TÂN,125,80,0.64,44,1,2026-10-02 09:15:44
1866,51-HCM Thu Duc/Binh Chieu Hub,in-house,Full-Time,19719,TRỊNH THÀNH DƯƠNG,157,77,0.4904,76,4,2026-10-02 09:15:44
1866,51-HCM Thu Duc/Binh Chieu Hub,in-house,Full-Time,95010,PHAN TẤN PHONG,128,63,0.4922,63,2,2026-10-02 09:15:44
1866,51-HCM Thu Duc/Binh Chieu Hub,in-house,Full-Time,87029,NGUYỄN VĂN THAO,111,54,0.4865,57,0,2026-10-02 09:15:44
1866,51-HCM Thu Duc/Binh Chieu Hub,in-house,Full-Time,89906,PHAN TUẤN VŨ,120,56,0.4667,63,1,2026-10-02 09:15:44
1866,51-HCM Thu Duc/Binh Chieu Hub,in-house,Full-Time,139275,ĐOÀN QUỐC DŨNG,101,44,0.4356,57,0,2026-10-02 09:15:44
1866,51-HCM Thu Duc/Binh Chieu Hub,in-house,Full-Time,143626,PHẠM VĂN LÂM,98,35,0.3571,60,3,2026-10-02 09:15:44
1866,51-HCM Thu Duc/Binh Chieu Hub,in-house,Full-Time,132182,BÙI MINH ĐẠT,207,65,0.314,141,1,2026-10-02 09:15:44
1866,51-HCM Thu Duc/Binh Chieu Hub,in-house,Full-Time,98875,NGUYỄN TUẤN ANH,110,29,0.2636,81,0,2026-10-02 09:15:44
1866,51-HCM Thu Duc/Binh Chieu Hub,in-house,Full-Time,111150,VÕ TRỌNG NGHĨA,130,29,0.2231,101,0,2026-10-02 09:15:44
1866,51-HCM Thu Duc/Binh Chieu Hub,in-house,Full-Time,98240,TRẦN THANH HẬU,146,26,0.1781,114,6,2026-10-02 09:15:44
1866,51-HCM Thu Duc/Binh Chieu Hub,in-house,Full-Time,115005,HỒ NHẬT MINH,118,23,0.1949,93,2,2026-10-02 09:15:44
1866,51-HCM Thu Duc/Binh Chieu Hub,in-house,Full-Time,110849,PHẠM MINH THỐNG,126,19,0.1508,106,1,2026-10-02 09:15:44
1866,51-HCM Thu Duc/Binh Chieu Hub,in-house,Full-Time,83585,NGUYỄN HỒNG KHIÊM,111,17,0.1532,94,0,2026-10-02 09:15:44
1866,51-HCM Thu Duc/Binh Chieu Hub,in-house,Full-Time,113074,ĐÀO ĐỖ ĐỨC,165,22,0.1333,140,3,2026-10-02 09:15:44
1866,51-HCM Thu Duc/Binh Chieu Hub,in-house,Full-Time,152643,NGUYỄN VĂN TRỊ,109,15,0.1376,93,1,2026-10-02 09:15:44
1866,51-HCM Thu Duc/Binh Chieu Hub,in-house,Full-Time,108151,LÂM VĂN THUẬN,140,20,0.1429,120,0,2026-10-02 09:15:44
1866,51-HCM Thu Duc/Binh Chieu Hub,in-house,Full-Time,75623,HUỲNH VĂN PHƯƠNG,129,11,0.0853,118,0,2026-10-02 09:15:44
1866,51-HCM Thu Duc/Binh Chieu Hub,in-house,Full-Time,155594,ỪNG TRỌNG HIẾU,107,7,0.0654,99,1,2026-10-02 09:15:44
1866,51-HCM Thu Duc/Binh Chieu Hub,in-house,Full-Time,7790,NGUYỄN VĂN THANH,144,9,0.0625,134,1,2026-10-02 09:15:44
1866,51-HCM Thu Duc/Binh Chieu Hub,in-house,Full-Time,75835,NGUYỄN VĂN TÍN,147,0,0,141,6,2026-10-02 09:15:44
1866,51-HCM Thu Duc/Binh Chieu Hub,in-house,Full-Time,5404,ĐOÀN THỊ THẢO NGÂN,262,1,0.0038,261,0,2026-10-02 09:15:44
1866,51-HCM Thu Duc/Binh Chieu Hub,in-house,Full-Time,13672,TRẦN THỤY BÍCH TRÂM,179,0,0,179,0,2026-10-02 09:15:44
1866,51-HCM Thu Duc/Binh Chieu Hub,in-house,Full-Time,33644,TRẦN THỊ MỸ DUYÊN,142,0,0,142,0,2026-10-02 09:15:44
2444,51-HCM Thu Duc/Hiep Binh Chanh Hub,in-house,Full-Time,96209,NGUYỄN ĐỨC THẮNG,48,40,0.8333,8,0,2026-10-02 09:15:44
2444,51-HCM Thu Duc/Hiep Binh Chanh Hub,in-house,Full-Time,105295,LÊ MINH DUY,30,24,0.8,6,0,2026-10-02 09:15:44
2444,51-HCM Thu Duc/Hiep Binh Chanh Hub,in-house,Full-Time,159639,HUỲNH VĂN CƯỜNG,30,14,0.4667,16,0,2026-10-02 09:15:44
2444,51-HCM Thu Duc/Hiep Binh Chanh Hub,in-house,Full-Time,119077,ĐỖ ĐỨC THỊNH,48,22,0.4583,26,0,2026-10-02 09:15:44
2444,51-HCM Thu Duc/Hiep Binh Chanh Hub,in-house,Full-Time,148400,TRẦN NGỌC HOÀNG,124,56,0.4516,68,0,2026-10-02 09:15:44
2444,51-HCM Thu Duc/Hiep Binh Chanh Hub,in-house,Full-Time,85376,ĐÀO TẤN TÀI,201,53,0.2637,148,0,2026-10-02 09:15:44
2444,51-HCM Thu Duc/Hiep Binh Chanh Hub,in-house,Full-Time,162504,VĂN CÔNG PHÚ,139,32,0.2302,107,0,2026-10-02 09:15:44
2444,51-HCM Thu Duc/Hiep Binh Chanh Hub,in-house,Full-Time,127631,NGUYỄN DUY TÂN,157,27,0.172,130,0,2026-10-02 09:15:44
2444,51-HCM Thu Duc/Hiep Binh Chanh Hub,in-house,Full-Time,108476,LẦM GIA NGHĨA,140,22,0.1571,117,1,2026-10-02 09:15:44
2444,51-HCM Thu Duc/Hiep Binh Chanh Hub,in-house,Full-Time,6945,BÙI QUỐC TUẤN,211,32,0.1517,179,0,2026-10-02 09:15:44
2444,51-HCM Thu Duc/Hiep Binh Chanh Hub,in-house,Full-Time,139273,NGUYỄN QUỐC DUY,138,16,0.1159,122,0,2026-10-02 09:15:44
2444,51-HCM Thu Duc/Hiep Binh Chanh Hub,in-house,Full-Time,82573,LÊ MINH TRIẾT,225,20,0.0889,202,3,2026-10-02 09:15:44
2444,51-HCM Thu Duc/Hiep Binh Chanh Hub,in-house,Full-Time,100743,ĐÀO ĐỖ CAO SƠN,215,18,0.0837,196,1,2026-10-02 09:15:44
2444,51-HCM Thu Duc/Hiep Binh Chanh Hub,in-house,Full-Time,131640,NGUYỄN TIẾN TÀI,139,12,0.0863,127,0,2026-10-02 09:15:44
2444,51-HCM Thu Duc/Hiep Binh Chanh Hub,in-house,Full-Time,101161,BÙI PHẠM PHÚ QUÝ,174,14,0.0805,160,0,2026-10-02 09:15:44
2444,51-HCM Thu Duc/Hiep Binh Chanh Hub,in-house,Full-Time,31644,NGÔ HOÀNG HỮU HUY,202,15,0.0743,186,1,2026-10-02 09:15:44
2444,51-HCM Thu Duc/Hiep Binh Chanh Hub,in-house,Full-Time,150455,LÊ THANH TÙNG,128,10,0.0781,118,0,2026-10-02 09:15:44
2444,51-HCM Thu Duc/Hiep Binh Chanh Hub,in-house,Full-Time,65112,TRẦN VĂN TIÊN,206,6,0.0291,196,4,2026-10-02 09:15:44
2444,51-HCM Thu Duc/Hiep Binh Chanh Hub,in-house,Full-Time,31438,NGUYỄN NGỌC VŨ,214,9,0.0421,205,0,2026-10-02 09:15:44
2444,51-HCM Thu Duc/Hiep Binh Chanh Hub,in-house,Full-Time,149674,VÕ THANH DÂN,154,0,0,149,5,2026-10-02 09:15:44
2444,51-HCM Thu Duc/Hiep Binh Chanh Hub,in-house,Full-Time,117899,TRẦN HOÀNG MINH,177,4,0.0226,173,0,2026-10-02 09:15:44
2444,51-HCM Thu Duc/Hiep Binh Chanh Hub,in-house,Full-Time,107935,PHẠM HẢI ĐỨC,189,0,0,186,3,2026-10-02 09:15:44
2444,51-HCM Thu Duc/Hiep Binh Chanh Hub,in-house,Full-Time,41560,NGUYỄN ĐỨC QUY,249,1,0.004,246,2,2026-10-02 09:15:44
2444,51-HCM Thu Duc/Hiep Binh Chanh Hub,in-house,Full-Time,149430,LÊ VIÊN HOÀNG PHÚC,128,1,0.0078,127,0,2026-10-02 09:15:44
2444,51-HCM Thu Duc/Hiep Binh Chanh Hub,in-house,Full-Time,96210,TRƯƠNG NHÂN QUÝ,149,0,0,148,1,2026-10-02 09:15:44
2444,51-HCM Thu Duc/Hiep Binh Chanh Hub,in-house,Full-Time,143484,ĐỖ TRẠNG,151,0,0,150,1,2026-10-02 09:15:44
2444,51-HCM Thu Duc/Hiep Binh Chanh Hub,in-house,Full-Time,160444,HÀ HỒ HẢI,158,1,0.0063,157,0,2026-10-02 09:15:44
2444,51-HCM Thu Duc/Hiep Binh Chanh Hub,in-house,Full-Time,22763,LẠI NGỌC TIẾN,201,0,0,201,0,2026-10-02 09:15:44
2444,51-HCM Thu Duc/Hiep Binh Chanh Hub,in-house,Full-Time,53837,NGUYỄN THỊ BÍCH NGỌC,138,0,0,138,0,2026-10-02 09:15:44
2444,51-HCM Thu Duc/Hiep Binh Chanh Hub,in-house,Full-Time,54545,HOÀNG TRỌNG HIẾU,160,0,0,160,0,2026-10-02 09:15:44
2444,51-HCM Thu Duc/Hiep Binh Chanh Hub,in-house,Full-Time,56596,LÊ THANH TUẤN ANH,172,0,0,172,0,2026-10-02 09:15:44
2444,51-HCM Thu Duc/Hiep Binh Chanh Hub,in-house,Full-Time,66669,HUỲNH VĂN THỐNG,206,0,0,206,0,2026-10-02 09:15:44
2444,51-HCM Thu Duc/Hiep Binh Chanh Hub,in-house,Full-Time,71031,HỒ MINH MẪN,137,0,0,137,0,2026-10-02 09:15:44
2444,51-HCM Thu Duc/Hiep Binh Chanh Hub,in-house,Full-Time,83915,LÊ THANH TOÀN,164,0,0,164,0,2026-10-02 09:15:44
2444,51-HCM Thu Duc/Hiep Binh Chanh Hub,in-house,Full-Time,87035,CHÂU HỮU TÀI,109,0,0,109,0,2026-10-02 09:15:44
2444,51-HCM Thu Duc/Hiep Binh Chanh Hub,in-house,Full-Time,89874,NGUYỄN THIỆN,121,0,0,121,0,2026-10-02 09:15:44
2444,51-HCM Thu Duc/Hiep Binh Chanh Hub,in-house,Full-Time,131639,TRƯƠNG NHUẬN NAM,1,0,0,1,0,2026-10-02 09:15:44
2444,51-HCM Thu Duc/Hiep Binh Chanh Hub,in-house,Full-Time,147545,ĐẶNG QUANG VINH,159,0,0,159,0,2026-10-02 09:15:44
2444,51-HCM Thu Duc/Hiep Binh Chanh Hub,in-house,Full-Time,155022,ĐOÀN CÔNG DANH,135,0,0,135,0,2026-10-02 09:15:44
2444,51-HCM Thu Duc/Hiep Binh Chanh Hub,in-house,Full-Time,159265,KHỔNG PHẠM HOÀNG HIỆP,95,0,0,95,0,2026-10-02 09:15:44
2444,51-HCM Thu Duc/Hiep Binh Chanh Hub,in-house,Full-Time,162919,VÕ TẤN KHƯƠNG,58,0,0,58,0,2026-10-02 09:15:44
2239,51-HCM Thu Duc/Linh Dong Hub,in-house,Full-Time,95012,THẠCH THANH BÌNH,144,0,0,140,4,2026-10-02 09:15:44
2239,51-HCM Thu Duc/Linh Dong Hub,in-house,Full-Time,114251,PHẠM NGỌC THANH,125,2,0.016,123,0,2026-10-02 09:15:44
2239,51-HCM Thu Duc/Linh Dong Hub,in-house,Full-Time,128183,TRẦN NHẬT CẢNH,128,2,0.0156,126,0,2026-10-02 09:15:44
2239,51-HCM Thu Duc/Linh Dong Hub,in-house,Full-Time,130684,NGUYỄN CÔNG CHÁNH,82,0,0,81,1,2026-10-02 09:15:44
2239,51-HCM Thu Duc/Linh Dong Hub,in-house,Full-Time,87034,PHẠM NGỌC HOAN,166,0,0,164,2,2026-10-02 09:15:44
2239,51-HCM Thu Duc/Linh Dong Hub,in-house,Full-Time,66111,LÊ VƯƠNG TRƯỜNG,175,1,0.0057,173,1,2026-10-02 09:15:44
2239,51-HCM Thu Duc/Linh Dong Hub,in-house,Full-Time,96849,NGUYỄN CHƠN DƯƠNG,124,0,0,123,1,2026-10-02 09:15:44
2239,51-HCM Thu Duc/Linh Dong Hub,in-house,Full-Time,55570,HUỲNH VĂN TRỌNG,139,0,0,138,1,2026-10-02 09:15:44
2239,51-HCM Thu Duc/Linh Dong Hub,in-house,Full-Time,38163,HUỲNH ANH CAN,179,0,0,178,1,2026-10-02 09:15:44
2239,51-HCM Thu Duc/Linh Dong Hub,in-house,Full-Time,5895,ĐỖ MINH NGHĨA,238,0,0,237,1,2026-10-02 09:15:44
2239,51-HCM Thu Duc/Linh Dong Hub,Hoàng Minh,Full-Time,1266,LÝ VŨ DUY PHÚC,183,0,0,182,0,2026-10-02 09:15:44
2239,51-HCM Thu Duc/Linh Dong Hub,in-house,Full-Time,6261,TRƯƠNG MINH TUẤN,149,0,0,149,0,2026-10-02 09:15:44
2239,51-HCM Thu Duc/Linh Dong Hub,in-house,Full-Time,6722,VŨ HOÀNG SƠN,132,0,0,132,0,2026-10-02 09:15:44
2239,51-HCM Thu Duc/Linh Dong Hub,in-house,Full-Time,10741,NGUYỄN ĐỨC DUY,113,0,0,113,0,2026-10-02 09:15:44
2239,51-HCM Thu Duc/Linh Dong Hub,VGL,Full-Time,13055,LÊ HOÀNG THÁI,148,0,0,148,0,2026-10-02 09:15:44
2239,51-HCM Thu Duc/Linh Dong Hub,in-house,Full-Time,32039,TRẦN ĐỨC HUY,12,0,0,12,0,2026-10-02 09:15:44
2239,51-HCM Thu Duc/Linh Dong Hub,in-house,Full-Time,41913,NGUYỄN QUỐC BẢO,195,0,0,195,0,2026-10-02 09:15:44
2239,51-HCM Thu Duc/Linh Dong Hub,in-house,Full-Time,53537,LÊ TRÍ CƯỜNG,183,0,0,183,0,2026-10-02 09:15:44
2239,51-HCM Thu Duc/Linh Dong Hub,in-house,Full-Time,63599,NGUYỄN HOÀNG MINH,87,0,0,86,0,2026-10-02 09:15:44
2239,51-HCM Thu Duc/Linh Dong Hub,in-house,Full-Time,82092,THẠCH MINH TÚ,156,0,0,156,0,2026-10-02 09:15:44
2239,51-HCM Thu Duc/Linh Dong Hub,in-house,Full-Time,97502,TRẦM MINH THÔNG,112,0,0,112,0,2026-10-02 09:15:44
2239,51-HCM Thu Duc/Linh Dong Hub,in-house,Full-Time,117300,TRƯƠNG HOÀNG TUẤN,116,0,0,116,0,2026-10-02 09:15:44
2239,51-HCM Thu Duc/Linh Dong Hub,in-house,Full-Time,127402,TRẦN THANH HÒA,154,0,0,154,0,2026-10-02 09:15:44
2239,51-HCM Thu Duc/Linh Dong Hub,in-house,Full-Time,128487,LÊ GIA HUY,103,0,0,103,0,2026-10-02 09:15:44
2239,51-HCM Thu Duc/Linh Dong Hub,in-house,Full-Time,37420,NGUYỄN MINH MẪN,0,0,0,0,0,2026-10-02 09:15:44
2239,51-HCM Thu Duc/Linh Dong Hub,in-house,Full-Time,154554,NGUYỄN HÀ HẢI DƯƠNG,0,0,0,0,0,2026-10-02 09:15:44
2241,51-HCM Thu Duc/Linh Xuan Hub,in-house,Full-Time,41974,TRẦN HOÀNG NGUYÊN,54,10,0.1852,44,0,2026-10-02 09:15:44
2241,51-HCM Thu Duc/Linh Xuan Hub,in-house,Full-Time,139279,NGUYỄN THANH TÂN,76,13,0.1711,63,0,2026-10-02 09:15:44
2241,51-HCM Thu Duc/Linh Xuan Hub,in-house,Full-Time,52847,NGUYỄN ANH DANH,177,16,0.0904,161,0,2026-10-02 09:15:44
2241,51-HCM Thu Duc/Linh Xuan Hub,in-house,Full-Time,13754,NGUYỄN THÀNH CHUẨN,183,14,0.0765,169,0,2026-10-02 09:15:44
2241,51-HCM Thu Duc/Linh Xuan Hub,in-house,Full-Time,878,NGUYỄN VĂN CHUNG,226,11,0.0487,215,0,2026-10-02 09:15:44
2241,51-HCM Thu Duc/Linh Xuan Hub,in-house,Full-Time,106686,NGUYỄN SỸ NGUYÊN,182,8,0.044,174,0,2026-10-02 09:15:44
2241,51-HCM Thu Duc/Linh Xuan Hub,in-house,Full-Time,110150,LÊ CÔNG KHANH,125,5,0.04,120,0,2026-10-02 09:15:44
2241,51-HCM Thu Duc/Linh Xuan Hub,in-house,Full-Time,43989,BÀNH THANH PHONG,137,0,0,132,5,2026-10-02 09:15:44
2241,51-HCM Thu Duc/Linh Xuan Hub,in-house,Full-Time,16166,NGUYỄN THANH TÂN,110,4,0.0364,106,0,2026-10-02 09:15:44
2241,51-HCM Thu Duc/Linh Xuan Hub,in-house,Full-Time,29330,NGUYỄN MINH KHÔI,202,7,0.0347,195,0,2026-10-02 09:15:44
2241,51-HCM Thu Duc/Linh Xuan Hub,in-house,Full-Time,109409,TRẦN HẢI,87,0,0,84,3,2026-10-02 09:15:44
2241,51-HCM Thu Duc/Linh Xuan Hub,in-house,Full-Time,92482,NGUYỄN NGỌC KHÁCH,194,1,0.0052,191,2,2026-10-02 09:15:44
2241,51-HCM Thu Duc/Linh Xuan Hub,in-house,Full-Time,119716,NGUYỄN VĂN QUÂN,99,1,0.0101,98,0,2026-10-02 09:15:44
2241,51-HCM Thu Duc/Linh Xuan Hub,in-house,Full-Time,4642,NGUYỄN THÁI HƯNG,138,0,0,137,1,2026-10-02 09:15:44
2241,51-HCM Thu Duc/Linh Xuan Hub,in-house,Full-Time,19734,VĂN ĐÌNH ĐĂNG KHOA,111,0,0,111,0,2026-10-02 09:15:44
2241,51-HCM Thu Duc/Linh Xuan Hub,in-house,Full-Time,84300,NGUYỄN MINH TRÍ,146,0,0,146,0,2026-10-02 09:15:44
2241,51-HCM Thu Duc/Linh Xuan Hub,in-house,Full-Time,70927,ĐÀO XUÂN PHÚC,1,0,0,0,0,2026-10-02 09:15:44
2425,51-HCM Thu Duc/Ngo Chi Quoc Hub,in-house,Full-Time,147723,DƯƠNG TRÍ TÀI,132,43,0.3258,87,2,2026-10-02 09:15:44
2425,51-HCM Thu Duc/Ngo Chi Quoc Hub,in-house,Full-Time,67003,NGUYỄN TRỌNG TRÍ,142,34,0.2394,107,1,2026-10-02 09:15:44
2425,51-HCM Thu Duc/Ngo Chi Quoc Hub,in-house,Full-Time,19242,BÙI HOÀNG TUẤN,163,34,0.2086,128,1,2026-10-02 09:15:44
2425,51-HCM Thu Duc/Ngo Chi Quoc Hub,in-house,Full-Time,47271,NGUYỄN VĂN HOÀNG,138,26,0.1884,111,1,2026-10-02 09:15:44
2425,51-HCM Thu Duc/Ngo Chi Quoc Hub,in-house,Full-Time,149673,NGUYỄN PHẠM TOÀN THẮNG,155,29,0.1871,125,1,2026-10-02 09:15:44
2425,51-HCM Thu Duc/Ngo Chi Quoc Hub,in-house,Full-Time,120099,TRÌNH VĂN NAM,51,9,0.1765,42,0,2026-10-02 09:15:44
2425,51-HCM Thu Duc/Ngo Chi Quoc Hub,in-house,Full-Time,140300,THẠCH RÁCH THA,170,29,0.1706,141,0,2026-10-02 09:15:44
2425,51-HCM Thu Duc/Ngo Chi Quoc Hub,in-house,Full-Time,29289,HUỲNH MINH HUY,168,28,0.1667,140,0,2026-10-02 09:15:44
2425,51-HCM Thu Duc/Ngo Chi Quoc Hub,in-house,Full-Time,155811,PHẠM TRƯỜNG THỊNH,85,12,0.1412,72,1,2026-10-02 09:15:44
2425,51-HCM Thu Duc/Ngo Chi Quoc Hub,in-house,Full-Time,19126,NGUYỄN LƯƠNG MINH PHÚ,135,16,0.1185,118,1,2026-10-02 09:15:44
2425,51-HCM Thu Duc/Ngo Chi Quoc Hub,in-house,Full-Time,156844,LÊ HÙNG SƠN,135,15,0.1111,119,1,2026-10-02 09:15:44
2425,51-HCM Thu Duc/Ngo Chi Quoc Hub,in-house,Full-Time,126782,TRẦN ĐĂNG KHOA,152,13,0.0855,136,3,2026-10-02 09:15:44
2425,51-HCM Thu Duc/Ngo Chi Quoc Hub,in-house,Full-Time,129926,PHẠM HOÀNG MINH HIỂN,127,13,0.1024,114,0,2026-10-02 09:15:44
2425,51-HCM Thu Duc/Ngo Chi Quoc Hub,in-house,Full-Time,161988,NGUYỄN NGỌC VINH,125,11,0.088,113,1,2026-10-02 09:15:44
2425,51-HCM Thu Duc/Ngo Chi Quoc Hub,in-house,Full-Time,51483,PHẠM ĐÌNH TOẢN,121,11,0.0909,110,0,2026-10-02 09:15:44
2425,51-HCM Thu Duc/Ngo Chi Quoc Hub,in-house,Full-Time,69644,NGUYỄN VĂN HƯNG,118,8,0.0678,108,2,2026-10-02 09:15:44
2425,51-HCM Thu Duc/Ngo Chi Quoc Hub,in-house,Full-Time,162282,PHẠM VĂN ĐỒNG,102,8,0.0784,94,0,2026-10-02 09:15:44
2425,51-HCM Thu Duc/Ngo Chi Quoc Hub,in-house,Full-Time,99604,ĐẶNG THÀNH LỘC,119,6,0.0504,110,3,2026-10-02 09:15:44
2425,51-HCM Thu Duc/Ngo Chi Quoc Hub,in-house,Full-Time,154310,HUỲNH HỮU QUỐC HÂN,74,5,0.0676,69,0,2026-10-02 09:15:44
2425,51-HCM Thu Duc/Ngo Chi Quoc Hub,in-house,Full-Time,19251,NGUYỄN ĐỨC THIÊN,146,8,0.0548,137,1,2026-10-02 09:15:44
2425,51-HCM Thu Duc/Ngo Chi Quoc Hub,in-house,Full-Time,82399,VÕ XUÂN GIÀU,112,2,0.0179,110,0,2026-10-02 09:15:44
4232,52-HCM SDD-01 Hub,in-house,Full-Time,113701,NGUYỄN CHI BẢO,20,19,0.95,0,1,2026-10-02 09:15:44
4232,52-HCM SDD-01 Hub,in-house,Full-Time,131180,PHAN VĂN HƯNG,1,1,1,0,0,2026-10-02 09:15:44
4232,52-HCM SDD-01 Hub,in-house,Full-Time,143228,NGUYỄN VĂN LỪNG,6,6,1,0,0,2026-10-02 09:15:44
4232,52-HCM SDD-01 Hub,in-house,Full-Time,144336,QUAN HỒNG CẢNH,1,1,1,0,0,2026-10-02 09:15:44
4232,52-HCM SDD-01 Hub,in-house,Full-Time,157698,ĐỖ TRẦN HOÀNG TIN,1,0,0,0,1,2026-10-02 09:15:44
4232,52-HCM SDD-01 Hub,in-house,Full-Time,157711,PHẠM PHAN TUẤN KIỆT,11,11,1,0,0,2026-10-02 09:15:44
4232,52-HCM SDD-01 Hub,in-house,Full-Time,158547,NGUYỄN HOÀNG THOẠI,12,12,1,0,0,2026-10-02 09:15:44
4232,52-HCM SDD-01 Hub,in-house,Full-Time,146944,SƠN LÊ THÀNH,11,7,0.6364,1,3,2026-10-02 09:15:44
4232,52-HCM SDD-01 Hub,in-house,Full-Time,160831,TÔ CHÍ CƯỜNG,16,14,0.875,2,0,2026-10-02 09:15:44
4232,52-HCM SDD-01 Hub,in-house,Full-Time,158411,HUỲNH CHIÊU BÌNH,12,8,0.6667,2,2,2026-10-02 09:15:44
4232,52-HCM SDD-01 Hub,in-house,Full-Time,140311,NGUYỄN TẤN VINH,17,14,0.8235,3,0,2026-10-02 09:15:44
4232,52-HCM SDD-01 Hub,in-house,Full-Time,146973,TRẦN VĂN NGÀ,18,12,0.6667,5,1,2026-10-02 09:15:44
4232,52-HCM SDD-01 Hub,in-house,Full-Time,145319,NGUYỄN TẤN LIÊM,25,18,0.72,7,0,2026-10-02 09:15:44
4232,52-HCM SDD-01 Hub,in-house,Full-Time,159649,TRẦN NGỌC TRAI,14,9,0.6429,5,0,2026-10-02 09:15:44
4232,52-HCM SDD-01 Hub,in-house,Full-Time,145717,TIÊU TẤN TÀI,21,13,0.619,8,0,2026-10-02 09:15:44
4232,52-HCM SDD-01 Hub,in-house,Full-Time,114469,LÊ THỊ THU HẰNG,13,8,0.6154,5,0,2026-10-02 09:15:44
4232,52-HCM SDD-01 Hub,in-house,Full-Time,161003,NGUYỄN QUỐC DŨNG,26,15,0.5769,10,1,2026-10-02 09:15:44
4232,52-HCM SDD-01 Hub,in-house,Full-Time,146151,LÊ MINH KHA,33,19,0.5758,13,1,2026-10-02 09:15:44
4232,52-HCM SDD-01 Hub,in-house,Full-Time,158939,LÊ ĐÌNH HẠNH,20,11,0.55,8,1,2026-10-02 09:15:44
4232,52-HCM SDD-01 Hub,in-house,Full-Time,158807,NGUYỄN THANH SƠN,22,13,0.5909,9,0,2026-10-02 09:15:44
4232,52-HCM SDD-01 Hub,in-house,Full-Time,157998,ĐÀO TUẤN KHANG,17,10,0.5882,7,0,2026-10-02 09:15:44
4232,52-HCM SDD-01 Hub,in-house,Full-Time,143817,DƯƠNG HOÀNG HUY,12,7,0.5833,5,0,2026-10-02 09:15:44
4232,52-HCM SDD-01 Hub,in-house,Full-Time,158190,LƯƠNG QUỐC THÀNH,28,14,0.5,12,2,2026-10-02 09:15:44
4232,52-HCM SDD-01 Hub,in-house,Full-Time,146152,TRẦN CHẤN HIỆP,25,14,0.56,11,0,2026-10-02 09:15:44
4232,52-HCM SDD-01 Hub,in-house,Full-Time,143507,NGUYỄN MINH SANG,18,9,0.5,8,1,2026-10-02 09:15:44
4232,52-HCM SDD-01 Hub,in-house,Full-Time,143517,HUỲNH NGUYỄN QUỐC HỘI,29,16,0.5517,13,0,2026-10-02 09:15:44
4232,52-HCM SDD-01 Hub,in-house,Full-Time,158189,HÀ THANH THẾ,20,11,0.55,9,0,2026-10-02 09:15:44
4232,52-HCM SDD-01 Hub,in-house,Full-Time,159657,NGUYỄN MẠCH TÍN,20,11,0.55,9,0,2026-10-02 09:15:44
4232,52-HCM SDD-01 Hub,in-house,Full-Time,141830,NGUYỄN DUY TÂN,33,18,0.5455,15,0,2026-10-02 09:15:44
4232,52-HCM SDD-01 Hub,in-house,Full-Time,135684,ĐINH NGUYỄN VĨNH HÒA,24,13,0.5417,11,0,2026-10-02 09:15:44
4232,52-HCM SDD-01 Hub,in-house,Full-Time,138928,CHÂU GIA BẢO,19,9,0.4737,9,1,2026-10-02 09:15:44
4232,52-HCM SDD-01 Hub,in-house,Full-Time,137086,HOÀNG VĂN ĐẠM,20,10,0.5,10,0,2026-10-02 09:15:44
4232,52-HCM SDD-01 Hub,in-house,Full-Time,142822,NGUYỄN DUY NGỌC,32,16,0.5,16,0,2026-10-02 09:15:44
4232,52-HCM SDD-01 Hub,in-house,Full-Time,141625,CHẾ HOÀI VINH,27,12,0.4444,15,0,2026-10-02 09:15:44
4232,52-HCM SDD-01 Hub,in-house,Full-Time,144093,HUỲNH HỮU TÀI,32,14,0.4375,18,0,2026-10-02 09:15:44
4232,52-HCM SDD-01 Hub,in-house,Full-Time,158659,LÊ HOÀNG PHÚC,37,16,0.4324,21,0,2026-10-02 09:15:44
4232,52-HCM SDD-01 Hub,in-house,Full-Time,140336,LÊ TOÀN THẮNG,28,12,0.4286,16,0,2026-10-02 09:15:44
4232,52-HCM SDD-01 Hub,in-house,Full-Time,158195,TRẦN THANH VŨ,31,13,0.4194,18,0,2026-10-02 09:15:44
4232,52-HCM SDD-01 Hub,in-house,Full-Time,143511,ĐỖ QUANG THANH,24,10,0.4167,14,0,2026-10-02 09:15:44
4232,52-HCM SDD-01 Hub,in-house,Full-Time,158907,NGUYỄN TUẤN TÚ,25,10,0.4,15,0,2026-10-02 09:15:44
4232,52-HCM SDD-01 Hub,in-house,Full-Time,161581,NGUYỄN XUÂN LONG,28,11,0.3929,17,0,2026-10-02 09:15:44
4232,52-HCM SDD-01 Hub,in-house,Full-Time,158187,NGUYỄN MINH ĐẠT,31,12,0.3871,19,0,2026-10-02 09:15:44
4232,52-HCM SDD-01 Hub,in-house,Full-Time,160832,NGUYỄN NGỌC NHÂN,31,12,0.3871,19,0,2026-10-02 09:15:44
4232,52-HCM SDD-01 Hub,in-house,Full-Time,158194,HUỲNH GIA HUY,21,8,0.381,13,0,2026-10-02 09:15:44
4232,52-HCM SDD-01 Hub,in-house,Full-Time,158549,VÕ VĂN DUY PHƯỚC,21,8,0.381,13,0,2026-10-02 09:15:44
4232,52-HCM SDD-01 Hub,in-house,Full-Time,159653,TRẦN CẨM CHÂU,28,10,0.3571,18,0,2026-10-02 09:15:44
4232,52-HCM SDD-01 Hub,in-house,Full-Time,143504,NGÔ THÁI ANH,33,11,0.3333,22,0,2026-10-02 09:15:44
4232,52-HCM SDD-01 Hub,in-house,Full-Time,145573,TRÀ QUỐC BẢO,21,6,0.2857,14,1,2026-10-02 09:15:44
4232,52-HCM SDD-01 Hub,in-house,Full-Time,146721,TRƯƠNG PHƯƠNG TOÀN,33,11,0.3333,22,0,2026-10-02 09:15:44
4232,52-HCM SDD-01 Hub,in-house,Full-Time,160834,VŨ CAO HOÀNG BẢO,30,10,0.3333,20,0,2026-10-02 09:15:44
4232,52-HCM SDD-01 Hub,in-house,Full-Time,160262,BÙI TẤN PHÁT,40,13,0.325,27,0,2026-10-02 09:15:44
4232,52-HCM SDD-01 Hub,in-house,Full-Time,133312,TRẦN BẢO LONG,38,11,0.2895,26,1,2026-10-02 09:15:44
4232,52-HCM SDD-01 Hub,in-house,Full-Time,146715,NGUYỄN VĂN TÚ,43,13,0.3023,30,0,2026-10-02 09:15:44
4232,52-HCM SDD-01 Hub,in-house,Full-Time,146546,TRẦN LÊ QUỐC THẮNG,20,6,0.3,14,0,2026-10-02 09:15:44
4232,52-HCM SDD-01 Hub,in-house,Full-Time,159060,TRƯƠNG HOÀNG VŨ,30,9,0.3,21,0,2026-10-02 09:15:44
4232,52-HCM SDD-01 Hub,in-house,Full-Time,146384,PHẠM TẤN DŨNG,27,6,0.2222,19,2,2026-10-02 09:15:44
4232,52-HCM SDD-01 Hub,in-house,Full-Time,146937,NGUYỄN VĂN TIẾN,51,15,0.2941,36,0,2026-10-02 09:15:44
4232,52-HCM SDD-01 Hub,in-house,Full-Time,114472,LÊ ANH KIỆT,24,7,0.2917,17,0,2026-10-02 09:15:44
4232,52-HCM SDD-01 Hub,in-house,Full-Time,159669,TĂNG NGHĨA SANH,31,9,0.2903,22,0,2026-10-02 09:15:44
4232,52-HCM SDD-01 Hub,in-house,Full-Time,160451,HỒ THẾ LỘC,31,9,0.2903,22,0,2026-10-02 09:15:44
4232,52-HCM SDD-01 Hub,in-house,Full-Time,162517,NGUYỄN TRUNG GIỎI,18,3,0.1667,13,2,2026-10-02 09:15:44
4232,52-HCM SDD-01 Hub,in-house,Full-Time,162521,TRẦN XUÂN LONG,18,5,0.2778,13,0,2026-10-02 09:15:44
4232,52-HCM SDD-01 Hub,in-house,Full-Time,142553,NHAN HOÀNG VINH,29,8,0.2759,21,0,2026-10-02 09:15:44
4232,52-HCM SDD-01 Hub,in-house,Full-Time,146269,NGUYỄN HỮU NGHĨA,26,7,0.2692,19,0,2026-10-02 09:15:44
4232,52-HCM SDD-01 Hub,in-house,Full-Time,160038,TRẦN HỒNG THỊNH,27,7,0.2593,20,0,2026-10-02 09:15:44
4232,52-HCM SDD-01 Hub,in-house,Full-Time,115445,NGUYỄN SỸ ĐAN,52,13,0.25,39,0,2026-10-02 09:15:44
4232,52-HCM SDD-01 Hub,in-house,Full-Time,158183,LÊ HOÀNG SƠN,28,7,0.25,21,0,2026-10-02 09:15:44
4232,52-HCM SDD-01 Hub,in-house,Full-Time,158812,ĐẶNG MINH PHÚC,28,6,0.2143,21,1,2026-10-02 09:15:44
4232,52-HCM SDD-01 Hub,in-house,Full-Time,158184,LÝ BỈNH LONG,41,10,0.2439,31,0,2026-10-02 09:15:44
4232,52-HCM SDD-01 Hub,in-house,Full-Time,146386,TRẦN LÊ HƯNG,21,5,0.2381,16,0,2026-10-02 09:15:44
4232,52-HCM SDD-01 Hub,in-house,Full-Time,140798,TRẦN TUẤN ANH,26,4,0.1538,20,2,2026-10-02 09:15:44
4232,52-HCM SDD-01 Hub,in-house,Full-Time,158193,NGUYỄN THANH CƯỜNG,23,5,0.2174,18,0,2026-10-02 09:15:44
4232,52-HCM SDD-01 Hub,in-house,Full-Time,160455,VÒNG HỮU NHÂN,14,3,0.2143,11,0,2026-10-02 09:15:44
4232,52-HCM SDD-01 Hub,in-house,Full-Time,158660,CAO CHÍ HIẾU,24,5,0.2083,19,0,2026-10-02 09:15:44
4232,52-HCM SDD-01 Hub,in-house,Full-Time,158197,NGUYỄN QUỐC TOÀN,22,4,0.1818,18,0,2026-10-02 09:15:44
4232,52-HCM SDD-01 Hub,in-house,Full-Time,141626,ÂU QUỐC THÁI,34,6,0.1765,28,0,2026-10-02 09:15:44
4232,52-HCM SDD-01 Hub,in-house,Full-Time,143506,PHẠM HỮU DƯ,34,6,0.1765,28,0,2026-10-02 09:15:44
4232,52-HCM SDD-01 Hub,in-house,Full-Time,138129,LÊ HOÀNG HƯNG,36,6,0.1667,30,0,2026-10-02 09:15:44
4232,52-HCM SDD-01 Hub,in-house,Full-Time,145916,TRẦN HOÀNG QUÂN,36,6,0.1667,30,0,2026-10-02 09:15:44
4232,52-HCM SDD-01 Hub,in-house,Full-Time,145116,NGUYỄN MINH QUỐC,21,3,0.1429,18,0,2026-10-02 09:15:44
4232,52-HCM SDD-01 Hub,in-house,Full-Time,162520,NGUYỄN THÀNH DANH,22,3,0.1364,19,0,2026-10-02 09:15:44
4232,52-HCM SDD-01 Hub,in-house,Full-Time,161000,TRẦN ANH TUẤN,30,4,0.1333,26,0,2026-10-02 09:15:44
4232,52-HCM SDD-01 Hub,in-house,Full-Time,146725,LÊ TUẤN KIỆT,31,4,0.129,27,0,2026-10-02 09:15:44
4232,52-HCM SDD-01 Hub,in-house,Full-Time,145572,VŨ ĐÌNH LUÂN,8,1,0.125,7,0,2026-10-02 09:15:44
4232,52-HCM SDD-01 Hub,in-house,Full-Time,162855,HUỲNH THANH VŨ,32,4,0.125,28,0,2026-10-02 09:15:44
4232,52-HCM SDD-01 Hub,in-house,Full-Time,146153,LÂM NGUYỄN QUỐC THỊNH,28,2,0.0714,25,1,2026-10-02 09:15:44
4232,52-HCM SDD-01 Hub,in-house,Full-Time,158548,BÙI QUỐC MINH,38,4,0.1053,34,0,2026-10-02 09:15:44
4232,52-HCM SDD-01 Hub,in-house,Full-Time,144097,HỒNG HOÀNG LONG,20,2,0.1,18,0,2026-10-02 09:15:44
4232,52-HCM SDD-01 Hub,in-house,Full-Time,145915,HUỲNH THANH PHONG,30,3,0.1,27,0,2026-10-02 09:15:44
4232,52-HCM SDD-01 Hub,in-house,Full-Time,159067,LÝ BĨNH HƯNG,30,3,0.1,27,0,2026-10-02 09:15:44
4232,52-HCM SDD-01 Hub,in-house,Full-Time,158188,PHÙNG VĂN SANG,55,4,0.0727,50,1,2026-10-02 09:15:44
4232,52-HCM SDD-01 Hub,in-house,Full-Time,136430,NGUYỄN THỊ HỒNG NHUNG,34,3,0.0882,31,0,2026-10-02 09:15:44
4232,52-HCM SDD-01 Hub,in-house,Full-Time,157993,NGUYỄN THÀNH NHÂN,37,3,0.0811,34,0,2026-10-02 09:15:44
4232,52-HCM SDD-01 Hub,in-house,Full-Time,162670,LƯU VĂN THÀNH,30,2,0.0667,28,0,2026-10-02 09:15:44
4232,52-HCM SDD-01 Hub,in-house,Full-Time,147088,TRẦN TUẤN LỊCH,35,2,0.0571,33,0,2026-10-02 09:15:44
4232,52-HCM SDD-01 Hub,in-house,Full-Time,146264,NGUYỄN VY VƯƠNG,82,3,0.0366,78,1,2026-10-02 09:15:44
4232,52-HCM SDD-01 Hub,in-house,Full-Time,146366,TRƯƠNG BẢO DUY,36,0,0,35,1,2026-10-02 09:15:44
4232,52-HCM SDD-01 Hub,in-house,Full-Time,114916,DIỆP NGUYỄN HƯNG,29,0,0,29,0,2026-10-02 09:15:44
4232,52-HCM SDD-01 Hub,in-house,Full-Time,120723,CHÂU VĂN THUẬN,9,0,0,9,0,2026-10-02 09:15:44
4232,52-HCM SDD-01 Hub,in-house,Full-Time,122671,NGUYỄN TẤN SANG,18,0,0,18,0,2026-10-02 09:15:44
4232,52-HCM SDD-01 Hub,in-house,Full-Time,123653,NIN TUẤN VINH,13,0,0,13,0,2026-10-02 09:15:44
4232,52-HCM SDD-01 Hub,in-house,Full-Time,127062,NGÔ TIẾN ĐẠT,21,0,0,21,0,2026-10-02 09:15:44
4232,52-HCM SDD-01 Hub,in-house,Full-Time,135687,LẠC CHÍ MẪN,22,0,0,22,0,2026-10-02 09:15:44
4232,52-HCM SDD-01 Hub,in-house,Full-Time,140312,NGUYỄN THANH PHƯỚC,2,0,0,2,0,2026-10-02 09:15:44
4232,52-HCM SDD-01 Hub,in-house,Full-Time,141379,TRẦN NGỌC BẢO TRÂN,34,0,0,34,0,2026-10-02 09:15:44
4232,52-HCM SDD-01 Hub,in-house,Full-Time,143234,LƯƠNG THỊ THÚY NHUNG,29,0,0,29,0,2026-10-02 09:15:44
4232,52-HCM SDD-01 Hub,in-house,Full-Time,144076,LÝ GIA HUY,16,0,0,16,0,2026-10-02 09:15:44
4232,52-HCM SDD-01 Hub,in-house,Full-Time,144077,TRẦN HOÀNG TUẤN ANH,55,0,0,55,0,2026-10-02 09:15:44
4232,52-HCM SDD-01 Hub,in-house,Full-Time,144089,NGUYỄN HOÀNG MINH TÚ,36,0,0,36,0,2026-10-02 09:15:44
4232,52-HCM SDD-01 Hub,in-house,Full-Time,146367,NGUYỄN HỒ GIA HÂN,9,0,0,9,0,2026-10-02 09:15:44
4232,52-HCM SDD-01 Hub,in-house,Full-Time,146388,HỒ THỊ BÍCH PHỤNG,26,0,0,26,0,2026-10-02 09:15:44
4232,52-HCM SDD-01 Hub,in-house,Full-Time,146545,NGUYỄN TRUNG KIÊN,14,0,0,14,0,2026-10-02 09:15:44
4232,52-HCM SDD-01 Hub,in-house,Full-Time,146722,LÊ DƯƠNG ANH QUỐC,18,0,0,18,0,2026-10-02 09:15:44
4232,52-HCM SDD-01 Hub,in-house,Full-Time,147085,NGUYỄN QUANG HIẾU,1,0,0,1,0,2026-10-02 09:15:44
4232,52-HCM SDD-01 Hub,in-house,Full-Time,147089,TRẦN TUẤN TÀI,40,0,0,40,0,2026-10-02 09:15:44
4232,52-HCM SDD-01 Hub,in-house,Full-Time,147231,THÁI PHƯƠNG NAM,11,0,0,11,0,2026-10-02 09:15:44
4232,52-HCM SDD-01 Hub,in-house,Full-Time,147232,VŨ ĐĂNG KHÁNH,30,0,0,30,0,2026-10-02 09:15:44
4232,52-HCM SDD-01 Hub,in-house,Full-Time,147243,TỐNG HỒNG PHONG,23,0,0,23,0,2026-10-02 09:15:44
4232,52-HCM SDD-01 Hub,in-house,Full-Time,157997,NGUYỄN TRỌNG NGHĨA,33,0,0,33,0,2026-10-02 09:15:44
4232,52-HCM SDD-01 Hub,in-house,Full-Time,158662,LÂM DIỆU THIỆN,27,0,0,27,0,2026-10-02 09:15:44
4232,52-HCM SDD-01 Hub,in-house,Full-Time,158942,NGUYỄN MINH QUANG,32,0,0,32,0,2026-10-02 09:15:44
4232,52-HCM SDD-01 Hub,in-house,Full-Time,160045,LÊ GIA KHANG,15,0,0,15,0,2026-10-02 09:15:44
4232,52-HCM SDD-01 Hub,in-house,Full-Time,160263,NGUYỄN HOÀNG DŨNG,30,0,0,30,0,2026-10-02 09:15:44
4232,52-HCM SDD-01 Hub,in-house,Full-Time,162661,TRẦN THANH SANG,12,0,0,12,0,2026-10-02 09:15:44
4232,52-HCM SDD-01 Hub,in-house,Full-Time,113693,NGUYỄN TIẾN TRỌNG ANH,0,0,0,0,0,2026-10-02 09:15:44
4232,52-HCM SDD-01 Hub,in-house,Full-Time,113900,TRƯƠNG PHÚ NHÂN,0,0,0,0,0,2026-10-02 09:15:44
4232,52-HCM SDD-01 Hub,in-house,Full-Time,114223,TRƯƠNG VÕ TÀI TRÍ,0,0,0,0,0,2026-10-02 09:15:44
4232,52-HCM SDD-01 Hub,in-house,Full-Time,114909,HUỲNH THANH THƯƠNG,0,0,0,0,0,2026-10-02 09:15:44
4232,52-HCM SDD-01 Hub,in-house,Full-Time,116016,VÕ CÔNG BẠCH,0,0,0,0,0,2026-10-02 09:15:44
4232,52-HCM SDD-01 Hub,in-house,Full-Time,116428,NGUYỄN TRỌNG BÌNH,0,0,0,0,0,2026-10-02 09:15:44
4232,52-HCM SDD-01 Hub,in-house,Full-Time,118546,NGUYỄN THÀNH ĐẠT,0,0,0,0,0,2026-10-02 09:15:44
4232,52-HCM SDD-01 Hub,in-house,Full-Time,119717,TRƯƠNG ĐÌNH ĐỨC,0,0,0,0,0,2026-10-02 09:15:44
4232,52-HCM SDD-01 Hub,in-house,Full-Time,120112,LÊ NGỌC KHÔI NGUYÊN,0,0,0,0,0,2026-10-02 09:15:44
4232,52-HCM SDD-01 Hub,in-house,Full-Time,121705,NGUYỄN HOÀNG PHI HÙNG,0,0,0,0,0,2026-10-02 09:15:44
4232,52-HCM SDD-01 Hub,in-house,Full-Time,124680,LÊ HOÀNG HUY NAM,0,0,0,0,0,2026-10-02 09:15:44
4232,52-HCM SDD-01 Hub,in-house,Full-Time,131976,NGUYỄN CÔNG DANH,0,0,0,0,0,2026-10-02 09:15:44
4232,52-HCM SDD-01 Hub,in-house,Full-Time,132617,NGUYỄN THÀNH LẬP,0,0,0,0,0,2026-10-02 09:15:44
4232,52-HCM SDD-01 Hub,in-house,Full-Time,133550,DANH TIẾN THÀNH,0,0,0,0,0,2026-10-02 09:15:44
4232,52-HCM SDD-01 Hub,in-house,Full-Time,135186,NGUYỄN BÁ HÙNG VƯƠNG,0,0,0,0,0,2026-10-02 09:15:44
4232,52-HCM SDD-01 Hub,in-house,Full-Time,136341,NGUYỄN PHÚC LÂM,0,0,0,0,0,2026-10-02 09:15:44
4232,52-HCM SDD-01 Hub,in-house,Full-Time,136649,LƯ VĨNH TOÀN,0,0,0,0,0,2026-10-02 09:15:44
4232,52-HCM SDD-01 Hub,in-house,Full-Time,137087,PHẠM HUỲNH MINH HUY,0,0,0,0,0,2026-10-02 09:15:44
4232,52-HCM SDD-01 Hub,in-house,Full-Time,137094,VÕ THÀNH TRUNG,0,0,0,0,0,2026-10-02 09:15:44
4232,52-HCM SDD-01 Hub,in-house,Full-Time,140803,ĐINH HOÀNG TRUNG,0,0,0,0,0,2026-10-02 09:15:44
4232,52-HCM SDD-01 Hub,in-house,Full-Time,141102,VŨ LAM TRƯỜNG,0,0,0,0,0,2026-10-02 09:15:44
4232,52-HCM SDD-01 Hub,in-house,Full-Time,141217,TRẦN QUỐC KHÔI,0,0,0,0,0,2026-10-02 09:15:44
4232,52-HCM SDD-01 Hub,in-house,Full-Time,141389,NGUYỄN PHONG PHÚ,0,0,0,0,0,2026-10-02 09:15:44
4232,52-HCM SDD-01 Hub,in-house,Full-Time,141962,NGUYỄN BÁ PHÚC,0,0,0,0,0,2026-10-02 09:15:44
4232,52-HCM SDD-01 Hub,in-house,Full-Time,141964,PHÙNG TUẤN KIỆT,0,0,0,0,0,2026-10-02 09:15:44
4232,52-HCM SDD-01 Hub,in-house,Full-Time,142548,LÊ HOÀI LINH,0,0,0,0,0,2026-10-02 09:15:44
4232,52-HCM SDD-01 Hub,in-house,Full-Time,142554,HÀ HỮU THẮNG,0,0,0,0,0,2026-10-02 09:15:44
4232,52-HCM SDD-01 Hub,in-house,Full-Time,142556,HUỲNH VĂN TÀI,0,0,0,0,0,2026-10-02 09:15:44
4232,52-HCM SDD-01 Hub,in-house,Full-Time,142821,VŨ VINH SANG,0,0,0,0,0,2026-10-02 09:15:44
4232,52-HCM SDD-01 Hub,in-house,Full-Time,143019,TRẦN THÀNH ĐẠT,0,0,0,0,0,2026-10-02 09:15:44
4232,52-HCM SDD-01 Hub,in-house,Full-Time,143230,LÝ GIA LẠC,0,0,0,0,0,2026-10-02 09:15:44
4232,52-HCM SDD-01 Hub,in-house,Full-Time,143661,TRẦN MINH HÙNG,0,0,0,0,0,2026-10-02 09:15:44
4232,52-HCM SDD-01 Hub,in-house,Full-Time,144082,NGUYỄN THÀNH LÂM,0,0,0,0,0,2026-10-02 09:15:44
4232,52-HCM SDD-01 Hub,in-house,Full-Time,144091,LÊ TRUNG HIẾU,0,0,0,0,0,2026-10-02 09:15:44
4232,52-HCM SDD-01 Hub,in-house,Full-Time,145920,PHAN PHƯỚC MẪN,0,0,0,0,0,2026-10-02 09:15:44
4232,52-HCM SDD-01 Hub,in-house,Full-Time,146714,NGUYỄN HOÀNG TRUNG,0,0,0,0,0,2026-10-02 09:15:44
4232,52-HCM SDD-01 Hub,in-house,Full-Time,146947,NGUYỄN TÙNG GIANG,0,0,0,0,0,2026-10-02 09:15:44
4232,52-HCM SDD-01 Hub,in-house,Full-Time,146968,ĐOÀN NGUYỄN THIÊN ÂN,0,0,0,0,0,2026-10-02 09:15:44
4232,52-HCM SDD-01 Hub,in-house,Full-Time,147091,DANH NGỌC HIỀN,0,0,0,0,0,2026-10-02 09:15:44
4232,52-HCM SDD-01 Hub,in-house,Full-Time,147101,HOÀNG MẠNH CƯỜNG,0,0,0,0,0,2026-10-02 09:15:44
4232,52-HCM SDD-01 Hub,in-house,Full-Time,157702,TRẦN VĂN HUY,0,0,0,0,0,2026-10-02 09:15:44
4232,52-HCM SDD-01 Hub,in-house,Full-Time,157818,PHẠM ĐĂNG QUANG,0,0,0,0,0,2026-10-02 09:15:44
4232,52-HCM SDD-01 Hub,in-house,Full-Time,158409,TRẦN XUÂN CƯỜNG,0,0,0,0,0,2026-10-02 09:15:44
4232,52-HCM SDD-01 Hub,in-house,Full-Time,158820,NGUYỄN MINH KHOA,0,0,0,0,0,2026-10-02 09:15:44
4232,52-HCM SDD-01 Hub,in-house,Full-Time,158898,NGUYỄN HOÀNG SƠN,0,0,0,0,0,2026-10-02 09:15:44
4232,52-HCM SDD-01 Hub,in-house,Full-Time,158938,HÀ TRƯỞNG THANH,0,0,0,0,0,2026-10-02 09:15:44
4232,52-HCM SDD-01 Hub,in-house,Full-Time,159063,NGUYỄN MINH TÚ,0,0,0,0,0,2026-10-02 09:15:44
4232,52-HCM SDD-01 Hub,in-house,Full-Time,159278,HUỲNH KIM QUYỀN,0,0,0,0,0,2026-10-02 09:15:44
4232,52-HCM SDD-01 Hub,in-house,Full-Time,159348,LÝ ĐỨC LONG,0,0,0,0,0,2026-10-02 09:15:44
4232,52-HCM SDD-01 Hub,in-house,Full-Time,159658,VÕ TRUNG HẬU,0,0,0,0,0,2026-10-02 09:15:44
4232,52-HCM SDD-01 Hub,in-house,Full-Time,159667,LÊ ĐẠI VƯƠNG,0,0,0,0,0,2026-10-02 09:15:44
4232,52-HCM SDD-01 Hub,in-house,Full-Time,160027,HỨA TRẦN CẨM TÚ,0,0,0,0,0,2026-10-02 09:15:44
4232,52-HCM SDD-01 Hub,in-house,Full-Time,160035,PHẠM LÊ ĐẮC ANH,0,0,0,0,0,2026-10-02 09:15:44
4232,52-HCM SDD-01 Hub,in-house,Full-Time,160449,NGUYỄN KA THẮNG,0,0,0,0,0,2026-10-02 09:15:44
4232,52-HCM SDD-01 Hub,in-house,Full-Time,162860,TRẦN HOÀNG PHÚC,0,0,0,0,0,2026-10-02 09:15:44
5667,53-HCM Bulky 02 DC,H-Trucking,Full-Time,151838,NGUYỄN NGỌC THÀNH,30,4,0.1379,23,2,2026-10-02 09:15:44
5667,53-HCM Bulky 02 DC,H-Trucking,Full-Time,144835,LÊ VĂN TUẤN,40,0,0,37,3,2026-10-02 09:15:44
5667,53-HCM Bulky 02 DC,H-Trucking,Full-Time,151834,NGUYỄN CHÍ TRUNG,36,1,0.0278,35,0,2026-10-02 09:15:44
5667,53-HCM Bulky 02 DC,H-Trucking,Full-Time,147270,PHẠM QUỐC THẮNG,50,0,0,49,1,2026-10-02 09:15:44
5667,53-HCM Bulky 02 DC,H-Trucking,Full-Time,153333,LÊ VĂN NÀO,66,1,0.0152,65,0,2026-10-02 09:15:44
5667,53-HCM Bulky 02 DC,H-Trucking,Full-Time,127322,HUỲNH DƯƠNG GIA BẢO,52,0,0,52,0,2026-10-02 09:15:44
5667,53-HCM Bulky 02 DC,H-Trucking,Full-Time,128727,TRẦN QUANG NHỰT,55,0,0,55,0,2026-10-02 09:15:44
5667,53-HCM Bulky 02 DC,H-Trucking,Full-Time,128985,HUỲNH THOẠI TRINH,41,0,0,41,0,2026-10-02 09:15:44
5667,53-HCM Bulky 02 DC,H-Trucking,Full-Time,134387,PHAN ĐỨC THỊNH,34,0,0,34,0,2026-10-02 09:15:44
5667,53-HCM Bulky 02 DC,H-Trucking,Full-Time,135386,LÊ QUÝ TRƯỜNG,47,0,0,47,0,2026-10-02 09:15:44
5667,53-HCM Bulky 02 DC,H-Trucking,Full-Time,141546,NGUYỄN PHI ĐÔNG,36,0,0,36,0,2026-10-02 09:15:44
5667,53-HCM Bulky 02 DC,H-Trucking,Full-Time,142421,ĐẶNG QUANG BẢO,24,0,0,24,0,2026-10-02 09:15:44
5667,53-HCM Bulky 02 DC,H-Trucking,Full-Time,144647,MẠCH VĨ HÙNG,63,0,0,63,0,2026-10-02 09:15:44
5667,53-HCM Bulky 02 DC,H-Trucking,Full-Time,145233,NGÔ HOÀNG TẤN,61,0,0,61,0,2026-10-02 09:15:44
5667,53-HCM Bulky 02 DC,H-Trucking,Full-Time,146415,LÊ TRƯỜNG GIANG,6,0,0,6,0,2026-10-02 09:15:44
5667,53-HCM Bulky 02 DC,H-Trucking,Full-Time,149055,TRẦN NGUYỄN THANH TUẤN,18,0,0,18,0,2026-10-02 09:15:44
5667,53-HCM Bulky 02 DC,H-Trucking,Full-Time,149060,PHAN ANH DŨNG,48,0,0,48,0,2026-10-02 09:15:44
5667,53-HCM Bulky 02 DC,H-Trucking,Full-Time,150764,NGUYỄN LÊ HOÀNG PHÚC,13,0,0,13,0,2026-10-02 09:15:44
5667,53-HCM Bulky 02 DC,H-Trucking,Full-Time,153085,NGUYỄN VĂN PHI,5,0,0,5,0,2026-10-02 09:15:44
5667,53-HCM Bulky 02 DC,H-Trucking,Full-Time,157418,NGÔ THÀNH NHÂN,22,0,0,22,0,2026-10-02 09:15:44
5667,53-HCM Bulky 02 DC,H-Trucking,Full-Time,159211,ĐỖ TUẤN AN,36,0,0,36,0,2026-10-02 09:15:44
5667,53-HCM Bulky 02 DC,H-Trucking,Full-Time,160071,NGUYỄN MINH TUẤN,49,0,0,49,0,2026-10-02 09:15:44
5667,53-HCM Bulky 02 DC,H-Trucking,Full-Time,160076,NGUYỄN VĂN GIÀU,50,0,0,50,0,2026-10-02 09:15:44
5667,53-HCM Bulky 02 DC,H-Trucking,Full-Time,161886,NGUYỄN PHÚ THUẬN,37,0,0,37,0,2026-10-02 09:15:44
5667,53-HCM Bulky 02 DC,H-Trucking,Full-Time,162170,PHẠM ĐĂNG QUỐC VIỆT,29,0,0,29,0,2026-10-02 09:15:44
5667,53-HCM Bulky 02 DC,H-Trucking,Full-Time,136442,SẦM NGỌC TƯỢNG,0,0,0,0,0,2026-10-02 09:15:44
4297,53-HCM Bulky DC,H-Trucking,Full-Time,117600,LẠI NGUYỄN HOÀNG LÂM,27,10,0.3704,17,0,2026-10-02 09:15:44
4297,53-HCM Bulky DC,H-Trucking,Full-Time,128833,KIM LÂM TRƯỜNG,61,14,0.2295,46,1,2026-10-02 09:15:44
4297,53-HCM Bulky DC,H-Trucking,Full-Time,141548,TRẦN MẠNH PHI,32,6,0.1875,26,0,2026-10-02 09:15:44
4297,53-HCM Bulky DC,H-Trucking,Full-Time,117433,LÊ NHẬT HUY,28,4,0.1429,23,1,2026-10-02 09:15:44
4297,53-HCM Bulky DC,H-Trucking,Full-Time,132613,NGUYỄN ĐÌNH BẢO,60,9,0.15,50,1,2026-10-02 09:15:44
4297,53-HCM Bulky DC,H-Trucking,Full-Time,132860,NGUYỄN THẾ SƠN,48,5,0.1042,40,3,2026-10-02 09:15:44
4297,53-HCM Bulky DC,H-Trucking,Full-Time,142759,ĐẶNG NGUYỄN TRỌNG NHÂN,48,5,0.1042,41,2,2026-10-02 09:15:44
4297,53-HCM Bulky DC,H-Trucking,Full-Time,153613,TRẦN VĂN THẮNG,43,6,0.1395,37,0,2026-10-02 09:15:44
4297,53-HCM Bulky DC,H-Trucking,Full-Time,143492,NGUYỄN MINH THÀNH,22,0,0,19,3,2026-10-02 09:15:44
4297,53-HCM Bulky DC,H-Trucking,Full-Time,156947,LÙ VŨ TUẤN KHANG,38,3,0.0789,35,0,2026-10-02 09:15:44
4297,53-HCM Bulky DC,H-Trucking,Full-Time,148448,NGUYỄN VĂN HẬU,26,2,0.0769,24,0,2026-10-02 09:15:44
4297,53-HCM Bulky DC,H-Trucking,Full-Time,156378,NGUYỄN NGỌC THUẬN,40,3,0.075,37,0,2026-10-02 09:15:44
4297,53-HCM Bulky DC,H-Trucking,Full-Time,147269,VÕ LÝ GIA BẢO,42,2,0.0476,39,1,2026-10-02 09:15:44
4297,53-HCM Bulky DC,H-Trucking,Full-Time,147268,NGUYỄN CHÍ HẢI,32,2,0.0625,30,0,2026-10-02 09:15:44
4297,53-HCM Bulky DC,H-Trucking,Full-Time,138667,NGUYỄN PHƯƠNG THÀNH,17,1,0.0588,16,0,2026-10-02 09:15:44
4297,53-HCM Bulky DC,H-Trucking,Full-Time,148029,PHẠM NGUYỄN HIẾU TRUNG,38,0,0,36,2,2026-10-02 09:15:44
4297,53-HCM Bulky DC,H-Trucking,Full-Time,130305,NGUYỄN XUÂN NHẬT,47,0,0,45,2,2026-10-02 09:15:44
4297,53-HCM Bulky DC,H-Trucking,Full-Time,120605,NGUYỄN TRƯỜNG CHINH,48,2,0.0417,46,0,2026-10-02 09:15:44
4297,53-HCM Bulky DC,H-Trucking,Full-Time,137627,HỒ KHÁNH HOÀNG,31,0,0,30,1,2026-10-02 09:15:44
4297,53-HCM Bulky DC,H-Trucking,Full-Time,122119,NGUYỄN QUANG HIẾU,34,0,0,33,1,2026-10-02 09:15:44
4297,53-HCM Bulky DC,H-Trucking,Full-Time,143675,ĐÀO VĂN ĐOÀN,34,1,0.0294,33,0,2026-10-02 09:15:44
4297,53-HCM Bulky DC,H-Trucking,Full-Time,158441,TRẦN THANH QUÝ,34,1,0.0294,33,0,2026-10-02 09:15:44
4297,53-HCM Bulky DC,H-Trucking,Full-Time,136438,LÊ KIM CƠ,35,1,0.0286,34,0,2026-10-02 09:15:44
4297,53-HCM Bulky DC,H-Trucking,Full-Time,147278,NGUYỄN MẠNH TUẤN,37,0,0,36,1,2026-10-02 09:15:44
4297,53-HCM Bulky DC,H-Trucking,Full-Time,133988,VŨ HOÀNG TUẤN ANH,41,0,0,40,1,2026-10-02 09:15:44
4297,53-HCM Bulky DC,H-Trucking,Full-Time,125606,MÃ TÚ TÀI,43,0,0,42,1,2026-10-02 09:15:44
4297,53-HCM Bulky DC,H-Trucking,Full-Time,152352,ĐẶNG HUY HOÀNG,43,0,0,42,1,2026-10-02 09:15:44
4297,53-HCM Bulky DC,H-Trucking,Full-Time,160067,TRẦN QUỐC TUẤN,43,0,0,42,1,2026-10-02 09:15:44
4297,53-HCM Bulky DC,H-Trucking,Full-Time,134102,NGUYỄN ĐỨC MẠNH,53,0,0,52,1,2026-10-02 09:15:44
4297,53-HCM Bulky DC,H-Trucking,Full-Time,143493,LÊ TRUNG HIẾU,56,0,0,55,1,2026-10-02 09:15:44
4297,53-HCM Bulky DC,H-Trucking,Full-Time,148449,VŨ NGỌC DUY,60,1,0.0167,59,0,2026-10-02 09:15:44
4297,53-HCM Bulky DC,H-Trucking,Full-Time,117380,VÕ HOÀNG THANH TRÀ,34,0,0,34,0,2026-10-02 09:15:44
4297,53-HCM Bulky DC,H-Trucking,Full-Time,123378,ĐOÀN MINH PHÚC,54,0,0,54,0,2026-10-02 09:15:44
4297,53-HCM Bulky DC,H-Trucking,Full-Time,123380,TRẦN VĂN NHẬT ÂN,43,0,0,43,0,2026-10-02 09:15:44
4297,53-HCM Bulky DC,H-Trucking,Full-Time,123584,NGUYỄN BẢO PHÚC,41,0,0,41,0,2026-10-02 09:15:44
4297,53-HCM Bulky DC,H-Trucking,Full-Time,128454,CAO TẤN PHÁT,30,0,0,30,0,2026-10-02 09:15:44
4297,53-HCM Bulky DC,H-Trucking,Full-Time,132233,NGUYỄN HOÀNG PHÚ,2,0,0,2,0,2026-10-02 09:15:44
4297,53-HCM Bulky DC,H-Trucking,Full-Time,132368,TRẦN ĐỨC ÁI,25,0,0,25,0,2026-10-02 09:15:44
4297,53-HCM Bulky DC,H-Trucking,Full-Time,132369,LÊ HOÀNG TUẤN VŨ,11,0,0,11,0,2026-10-02 09:15:44
4297,53-HCM Bulky DC,H-Trucking,Full-Time,133457,NGUYỄN MINH THÔNG,63,0,0,63,0,2026-10-02 09:15:44
4297,53-HCM Bulky DC,H-Trucking,Full-Time,137066,LỮ QUỐC CƯỜNG,66,0,0,66,0,2026-10-02 09:15:44
4297,53-HCM Bulky DC,H-Trucking,Full-Time,140736,NGUYỄN VĂN TUẤN,35,0,0,35,0,2026-10-02 09:15:44
4297,53-HCM Bulky DC,H-Trucking,Full-Time,142413,NGUYỄN XUÂN QUANG,35,0,0,35,0,2026-10-02 09:15:44
4297,53-HCM Bulky DC,H-Trucking,Full-Time,143491,NGUYỄN ANH KIỆT,11,0,0,11,0,2026-10-02 09:15:44
4297,53-HCM Bulky DC,H-Trucking,Full-Time,145230,NGUYỄN TẤN BẢO,47,0,0,47,0,2026-10-02 09:15:44
4297,53-HCM Bulky DC,H-Trucking,Full-Time,145235,NGUYỄN XUÂN CẦU,21,0,0,21,0,2026-10-02 09:15:44
4297,53-HCM Bulky DC,H-Trucking,Full-Time,147280,NGUYỄN HOÀNG NHẬT QUANG,68,0,0,68,0,2026-10-02 09:15:44
4297,53-HCM Bulky DC,H-Trucking,Full-Time,148447,LÊ HIẾU MINH,32,0,0,32,0,2026-10-02 09:15:44
4297,53-HCM Bulky DC,H-Trucking,Full-Time,148681,LÊ HIẾU,67,0,0,67,0,2026-10-02 09:15:44
4297,53-HCM Bulky DC,H-Trucking,Full-Time,150763,NGUYỄN TRẦN TRÍ ĐẠT,23,0,0,23,0,2026-10-02 09:15:44
4297,53-HCM Bulky DC,H-Trucking,Full-Time,150765,NGUYỄN NHỰT THỐNG,21,0,0,21,0,2026-10-02 09:15:44
4297,53-HCM Bulky DC,H-Trucking,Full-Time,150766,NGÔ BÁ TÙNG,23,0,0,23,0,2026-10-02 09:15:44
4297,53-HCM Bulky DC,H-Trucking,Full-Time,151833,NGUYỄN TRẦN TRUNG,34,0,0,34,0,2026-10-02 09:15:44
4297,53-HCM Bulky DC,H-Trucking,Full-Time,152805,ĐỖ TRẦN KHÁNH LONG,31,0,0,31,0,2026-10-02 09:15:44
4297,53-HCM Bulky DC,H-Trucking,Full-Time,153319,MAI TIẾN DŨNG,26,0,0,26,0,2026-10-02 09:15:44
4297,53-HCM Bulky DC,H-Trucking,Full-Time,153324,HUỲNH PHI HÙNG,16,0,0,16,0,2026-10-02 09:15:44
4297,53-HCM Bulky DC,H-Trucking,Full-Time,154343,MAI ĐÌNH LINH,13,0,0,13,0,2026-10-02 09:15:44
4297,53-HCM Bulky DC,H-Trucking,Full-Time,155362,TRẦN HẢI QUANG,60,0,0,60,0,2026-10-02 09:15:44
4297,53-HCM Bulky DC,H-Trucking,Full-Time,155543,TRẦN HỮU HOÀ,32,0,0,32,0,2026-10-02 09:15:44
4297,53-HCM Bulky DC,H-Trucking,Full-Time,156376,NGUYỄN KHÁNH LỰC,1,0,0,1,0,2026-10-02 09:15:44
4297,53-HCM Bulky DC,H-Trucking,Full-Time,157606,TRƯƠNG VĂN NGÔN,77,0,0,77,0,2026-10-02 09:15:44
4297,53-HCM Bulky DC,H-Trucking,Full-Time,157607,LÊ MINH THÁI,23,0,0,23,0,2026-10-02 09:15:44
4297,53-HCM Bulky DC,H-Trucking,Full-Time,157855,NGUYỄN VĂN HIỆP,24,0,0,24,0,2026-10-02 09:15:44
4297,53-HCM Bulky DC,H-Trucking,Full-Time,158731,LÂM VĂN TUẤN,42,0,0,42,0,2026-10-02 09:15:44
4297,53-HCM Bulky DC,H-Trucking,Full-Time,160065,TRẦN THÁI HÒA,34,0,0,34,0,2026-10-02 09:15:44
4297,53-HCM Bulky DC,H-Trucking,Full-Time,160066,NGUYỄN NHẬT PHI,24,0,0,24,0,2026-10-02 09:15:44
4297,53-HCM Bulky DC,H-Trucking,Full-Time,160068,NGUYỄN HOÀNG TIẾN,23,0,0,23,0,2026-10-02 09:15:44
4297,53-HCM Bulky DC,H-Trucking,Full-Time,160069,NGUYỄN DUY THÔNG,35,0,0,35,0,2026-10-02 09:15:44
4297,53-HCM Bulky DC,H-Trucking,Full-Time,160099,VĂN THANH PHONG,38,0,0,38,0,2026-10-02 09:15:44
4297,53-HCM Bulky DC,H-Trucking,Full-Time,161119,ĐOÀN HÀ TIẾN,23,0,0,23,0,2026-10-02 09:15:44
4297,53-HCM Bulky DC,H-Trucking,Full-Time,161887,TRẦN KHÁNH DUY,25,0,0,25,0,2026-10-02 09:15:44
